<?xml version="1.0" encoding="UTF-8"?>
<kml xmlns="http://www.opengis.net/kml/2.2">
  <Document>
    <name>KØBENHAVN</name>
    <Style id="icon-1899-1A237E-normal">
      <IconStyle>
        <color>ff7e231a</color>
        <scale>1</scale>
        <Icon>
          <href>https://www.gstatic.com/mapspro/images/stock/503-wht-blank_maps.png</href>
        </Icon>
        <hotSpot x="32" xunits="pixels" y="64" yunits="insetPixels"/>
      </IconStyle>
      <LabelStyle>
        <scale>0</scale>
      </LabelStyle>
    </Style>
    <Style id="icon-1899-1A237E-highlight">
      <IconStyle>
        <color>ff7e231a</color>
        <scale>1</scale>
        <Icon>
          <href>https://www.gstatic.com/mapspro/images/stock/503-wht-blank_maps.png</href>
        </Icon>
        <hotSpot x="32" xunits="pixels" y="64" yunits="insetPixels"/>
      </IconStyle>
      <LabelStyle>
        <scale>1</scale>
      </LabelStyle>
    </Style>
    <StyleMap id="icon-1899-1A237E">
      <Pair>
        <key>normal</key>
        <styleUrl>#icon-1899-1A237E-normal</styleUrl>
      </Pair>
      <Pair>
        <key>highlight</key>
        <styleUrl>#icon-1899-1A237E-highlight</styleUrl>
      </Pair>
    </StyleMap>
    <Style id="icon-1899-3949AB-normal">
      <IconStyle>
        <color>ffab4939</color>
        <scale>1</scale>
        <Icon>
          <href>https://www.gstatic.com/mapspro/images/stock/503-wht-blank_maps.png</href>
        </Icon>
        <hotSpot x="32" xunits="pixels" y="64" yunits="insetPixels"/>
      </IconStyle>
      <LabelStyle>
        <scale>0</scale>
      </LabelStyle>
    </Style>
    <Style id="icon-1899-3949AB-highlight">
      <IconStyle>
        <color>ffab4939</color>
        <scale>1</scale>
        <Icon>
          <href>https://www.gstatic.com/mapspro/images/stock/503-wht-blank_maps.png</href>
        </Icon>
        <hotSpot x="32" xunits="pixels" y="64" yunits="insetPixels"/>
      </IconStyle>
      <LabelStyle>
        <scale>1</scale>
      </LabelStyle>
    </Style>
    <StyleMap id="icon-1899-3949AB">
      <Pair>
        <key>normal</key>
        <styleUrl>#icon-1899-3949AB-normal</styleUrl>
      </Pair>
      <Pair>
        <key>highlight</key>
        <styleUrl>#icon-1899-3949AB-highlight</styleUrl>
      </Pair>
    </StyleMap>
    <Style id="icon-1899-673AB7-normal">
      <IconStyle>
        <color>ffb73a67</color>
        <scale>1</scale>
        <Icon>
          <href>https://www.gstatic.com/mapspro/images/stock/503-wht-blank_maps.png</href>
        </Icon>
        <hotSpot x="32" xunits="pixels" y="64" yunits="insetPixels"/>
      </IconStyle>
      <LabelStyle>
        <scale>0</scale>
      </LabelStyle>
    </Style>
    <Style id="icon-1899-673AB7-highlight">
      <IconStyle>
        <color>ffb73a67</color>
        <scale>1</scale>
        <Icon>
          <href>https://www.gstatic.com/mapspro/images/stock/503-wht-blank_maps.png</href>
        </Icon>
        <hotSpot x="32" xunits="pixels" y="64" yunits="insetPixels"/>
      </IconStyle>
      <LabelStyle>
        <scale>1</scale>
      </LabelStyle>
    </Style>
    <StyleMap id="icon-1899-673AB7">
      <Pair>
        <key>normal</key>
        <styleUrl>#icon-1899-673AB7-normal</styleUrl>
      </Pair>
      <Pair>
        <key>highlight</key>
        <styleUrl>#icon-1899-673AB7-highlight</styleUrl>
      </Pair>
    </StyleMap>
    <Style id="icon-1899-9C27B0-normal">
      <IconStyle>
        <color>ffb0279c</color>
        <scale>1</scale>
        <Icon>
          <href>https://www.gstatic.com/mapspro/images/stock/503-wht-blank_maps.png</href>
        </Icon>
        <hotSpot x="32" xunits="pixels" y="64" yunits="insetPixels"/>
      </IconStyle>
      <LabelStyle>
        <scale>0</scale>
      </LabelStyle>
    </Style>
    <Style id="icon-1899-9C27B0-highlight">
      <IconStyle>
        <color>ffb0279c</color>
        <scale>1</scale>
        <Icon>
          <href>https://www.gstatic.com/mapspro/images/stock/503-wht-blank_maps.png</href>
        </Icon>
        <hotSpot x="32" xunits="pixels" y="64" yunits="insetPixels"/>
      </IconStyle>
      <LabelStyle>
        <scale>1</scale>
      </LabelStyle>
    </Style>
    <StyleMap id="icon-1899-9C27B0">
      <Pair>
        <key>normal</key>
        <styleUrl>#icon-1899-9C27B0-normal</styleUrl>
      </Pair>
      <Pair>
        <key>highlight</key>
        <styleUrl>#icon-1899-9C27B0-highlight</styleUrl>
      </Pair>
    </StyleMap>
    <Placemark>
      <name>Cafe Slusen</name>
      <description><![CDATA[Jeg er aldrig i Sydhavnen men kaldet fra @cafeslusen fik mig overtalt og var det cykelturen værd? Næ egentlig ikke.<br>Dåsemad (tun/makrel/sardin) er på menuen, vi kørte en kombi + extra til absurd overpris. Fuldstændig sindssygt at kræve halvandet hundrede kroner for ristet brød og fisk. Fisken var fantastisk men helt ærligt - den var jo bare åbnet og krævede et minimum af arbejde. Padron peber er en god sidekick som regel men blev sgu lidt for meget olie med olie på idag.<br>Dårlig hvidvin på glas.<br>☀️ 9/10 fantastisk og hyggelig beliggenhed - tag helt klart ned og drik en øl eller kaffe i solen<br>🍴 3/10 ikke siden café Victor er jeg blevet så forurettet over prislejet OG der var glemt servietter, gaffel og brød. Pebrene var helt i orden!<br>Til opsummering anbefaler jeg alle at hapse en lækker dåse mad tapas i solen men tag for Guds skyld bare forbi supermarco eller inco og fyr en naturvin af på altanen i stedet for. Det er klart billigere.    https://www.instagram.com/p/CDyy2UVgGoj/?utm_source=ig_web_copy_link]]></description>
      <styleUrl>#icon-1899-9C27B0</styleUrl>
      <Point>
        <coordinates>
          12.5532322,55.6424575,0
        </coordinates>
      </Point>
    </Placemark>
    <Placemark>
      <name>Banana</name>
      <description><![CDATA[Soltid er istid, og jeg skulle selvfølgelig prøve bananisen, som jeg har set alle mulige influencers guffe i sig, det er klart.<br><br>@banana_cph laver is på frosne bananer, og det er både bæredygtigt og sundt, fortælles det inden jeg overhovedet nærmest når at bede om en smagsprøve: kun 80 kalorier per etellerandet, det var satme ikke meget.<br><br>Jeg valgte et mix af ren bananis og dén med lidt vegansk saltkaramel i. Yummy. Så fik jeg dem lige til at fyre ekstra saltkaramel, kokosflager, ristede mandler og chokoladeknapper på toppen. Very very good, omend man godt kunne have været lidt mere rundhåndet med diverse, synes jeg.<br><br>Og nu bliver vi lige nødt til at snakke om topping. Jeg valgte det hele bortset fra frysetørret hindbær og fucking müsli, og det er fordi jeg ikke er en idiot. Hvem har fået den idé, ja jeg fatter det ikke. Det kunne snildt have saboteret en ellers rigtig lækker isoplevelse, som man sikkert kalder det i deres manifest, for sådan ét er jeg ret sikker på de har. Fake hindbær er et 00’er levn fra en kellogs variant, og (som en af mine venner altid siger) så er en af de fedeste ting ved at flytte hjemmefra, at man slipper for at spise müsli.<br><br>🍦6/10 for isoplevelsen. Det bliver aldrig en lækker cremet flødepistachio, men det skal det måske heller ikke.<br>✨ 5/10 for topping, keep it simple, er mit råd.<br><br>Men tag derind altså, det koster dig next to nothing calorie-wise, og du får en dejlig lille salgstale fra personalet. Kan ik huske hvad den kostede.   https://www.instagram.com/p/CD3na-5gop8/?utm_source=ig_web_copy_link]]></description>
      <styleUrl>#icon-1899-9C27B0</styleUrl>
      <Point>
        <coordinates>
          12.5500875,55.6736742,0
        </coordinates>
      </Point>
    </Placemark>
    <Placemark>
      <name>Salon 39</name>
      <description><![CDATA[Er jeg snobbet eller var det bare middelmådigt?<br>Klassisk fransk bistro på SALON 39 kalder på klassisk fransk middag og det må man sige vi fik. Laksen var sindssygt oversaltet med et skvæt sourcream & onion (???) dress der hjalp på saltet men fandme ikke meget. Vi fik bundet en flaske vand til forretten #justsaying . Hovedret var whatever, steak fin nok bearnaise ok men triste pomfritter direkte fra frys. SAD. desserten var den kedeligste creme brulée jeg nogensinde har fået - tog kun 1 bid hvilket er første gang i verdenshistorien. Drinks var højdepunktet på aftenen, desuden lidt trist at spise bake off baguette til overpris.<br>🍸 8/10 virkelig gode<br>🥩 4/10 ligegyldigt og ikke kompetitivt på det danske marked<br>Bonus - toiletter hvor man kan vinke hej til håndvasken/håndvaskeren overfor. Helt tosset men også ret sjovt<br>ADVARSEL 💦 vand koster per flaske IKKE gratis refill. What the fuck?   https://www.instagram.com/p/CD4i2DIjYIv/?utm_source=ig_web_copy_link]]></description>
      <styleUrl>#icon-1899-9C27B0</styleUrl>
      <Point>
        <coordinates>
          12.554575,55.678491,0
        </coordinates>
      </Point>
    </Placemark>
    <Placemark>
      <name>Hos Fischer</name>
      <description><![CDATA[Alle sultne piger elsker cacio e pepe. Nogen siger @hosfischer har den bedste i byen men det er altså ikke nok at kunne servere en decent udgave af min yndlings pastaret for at jeg klapper i mine små olivenoliefedtede hænder 👏<br>Beliggenhed er tip top med masser af udeplads, det var desværre dog sådan at de havde glemt at med ekstra pladser skal der også personale til så gæsterne kan serveres. 4 sultne piger blev klemt sammen ved et tomandsbord hvilket er lidt tarveligt når der så ikke er plads både mad og vin.. meget trist! Vi bestilte alle forretterne og trods lidt logistikproblemer på cafebordet var det a ok for goddamn havde det helt spottieottiedoopalicious over deres babaganoush m oliven og stegte kyllinghjerter med pebre på toppen. Delicious kombi - kæmpe fan! Fyr op for den cevichw også når du er igang. Brød var fint men stop nu forhelvede det papirpose pis. God mozz. <br>Personalet troede åbenbart at 4 sultne piger kunne tilfredsstilles med fem små forretter. As if!<br>Da vi var klar til at bestille hovedretter fik vi at vide at køkkenet var ved at lukke. Kl 21.30???? En info vi godt kunne have brugt for vi besluttede os for at drikke vin #2 som mellemservering. Dårlig stil!! Efter lidt overtagelse, smigren og forarget ansigtsudtryk kunne køkkenet godt lige klare fire pastaretter, fin cacio lidt heavy på peberen men om det er den bedste i byen ved jeg sgu ik helt. Svinekøds/tomat var lidt for meget og lidt for tung. Vi blev smidt væk 22.15 da der skulle være ro 22.30 og måtte man spise pastaen færdig før de tog tallerkener - næ egentlig ikke. <br>🍴6/10 god start, træls afslutning <br>🤡 2/10 for service der kun var fokuserede på hvornår vi skred i stedet for at tjekke om vi havde fået vores mad. Ansæt nogle flere og husk et smil på vejen.    https://www.instagram.com/p/CD_SultDgIt/?utm_source=ig_web_copy_link]]></description>
      <styleUrl>#icon-1899-9C27B0</styleUrl>
      <Point>
        <coordinates>
          12.5807126,55.7018384,0
        </coordinates>
      </Point>
    </Placemark>
    <Placemark>
      <name>Il Mattarello</name>
      <description><![CDATA[Ramte muren post job og skulle lige carb loade efter badetur, dagens frokost blev leveret af Torvehallernes bedste (eneste?) italiener @il__mattarello der serverer den nok perfekte al dente spaghetti og bunker af ost jeg ikke har set magen til før. Sikke et grave arbejde. Prøvede cacio igen - ærligt var de 10kr ekstra Pecorino lidt for meget ost med ost på så bare kør den normale. Carbonaraen var deliziosa med en hjernedød omend lidt for lidt bacon ❤️ perfekt til en hurtig frokost eller midt på dagen snack. Der er ikke så meget at brokke sig over, sulten blev tilfredsstillet! Grazie mille og vi ses igen 🇮🇹<br>🌱 5/10 beliggenheden var belejlig. Lidt hektisk men dejligt med udepladser<br>🍝 7/10 god pasta men liiiige i den dyre ende (140kr for pasta med ost og peber?).  https://www.instagram.com/p/CEFF6YPDiFf/?utm_source=ig_web_copy_link]]></description>
      <styleUrl>#icon-1899-9C27B0</styleUrl>
      <Point>
        <coordinates>
          12.5699399,55.6838408,0
        </coordinates>
      </Point>
    </Placemark>
    <Placemark>
      <name>Depanneur</name>
      <description><![CDATA[disclaimer: jeg havde en gæste fotograf med deraf den betydeligt bedre billedkvalitet. <br>Insta feedet har været fyldt med billeder af bagels på marmorborde med café latte og så i morges kl 7.30 ramte vi @depanneurcph for at se hvad hele hypen handlede om. <br>Total hyggelig stemning med live joao gilberto på højtalerne og verdens sødeste barista pige med en lille butik (?), vi bestilte en plan m cream cheese og en med laks ovenpå - til små 100kr var laksen måske lidt til den dyre side men KÆMPE UP at det er byens, måske verdens bedste laks af the king himself @letzshoposterbro!!! Virkeligt hyggeligt lille morgenmad spot men blev nødt til at tage en lur efter hvilket også er helt okay. <br>🥯 9/10 syyygt gode bagels med perfekt sesam og tyk creammm spread. Kæmpe vibe, skal så meget tilbage<br>🐟 10/10 fuld plade for letz altid <br>🚗 5/10 alt på Rantzausgade larmer selvfølgelig men det er en del af præmissen man køber der. Måske lidt heftig morgentrafik kl 7.30 men det er sikkert bedre senere på dagen<br>❤️ ps ligger på rantzau ik griffen geotagget er lidt outdated tror jeg<br>pps den helt moderne bagel er åbenbart med solbær syltetøj på toppen så prøv den og meld tilbage.   https://www.instagram.com/p/CEHQgRqDrSw/?utm_source=ig_web_copy_link]]></description>
      <styleUrl>#icon-1899-9C27B0</styleUrl>
      <Point>
        <coordinates>
          12.5491714,55.6870555,0
        </coordinates>
      </Point>
    </Placemark>
    <Placemark>
      <name>Hidden Dimsum</name>
      <description><![CDATA[Skrrrrrt skrrrrrt elsker gyoza elsker dumplings, og gik ik skuffet fra @hiddendimsum på nytorv i går. Oh my jesus, det var så lækkert. Bestilte 4 ting, elskede det hele. Især deres kantonesiske pandekager (pas lidt på chilidyppen, den er feisty) og spicy dumplings med svinekød, tørrede rejer, nødder og chili. Betjeningen var perfekt til mit mood med en tjener der var bong på den helt rigtige måde. Det kræver snilde at advare mod brusk i chicken feet dumpling, uden at skræmme gæsterne helt fra menukortet, og det klarede han med bravour. Ekstra point for flot ølflaske. <br>🥟 8/10 for dumplings og gyoza, har allerede craving igen<br>🎊 7/10 for stemning og gode vibes derude på fortovet. <br>🍥 9/10 for at være er asiatisk spisested der ik prøver for hårdt at være posh. <br>💵 10/10 for a ok priser, 360kr for hele molevitten det er altså i orden. <br>Tag derhen 👌.  https://www.instagram.com/p/CEJf9kvDtFu/?utm_source=ig_web_copy_link]]></description>
      <styleUrl>#icon-1899-9C27B0</styleUrl>
      <Point>
        <coordinates>
          12.5734515,55.6771559,0
        </coordinates>
      </Point>
    </Placemark>
    <Placemark>
      <name>Rufino Osteria</name>
      <description><![CDATA[Eat spaghetti to forgetti your regretti, men ALDRIG regretti over dining på @rufinoosteria ! Jeeeeez, jeg fik en forret med kalv og friture, verdens bedste lemon mayo, og en to die for tortelinni med ricotta, tomat og baby aubergine. Smagte også ragu’en, som jeg tidligere havde lovet min førstefødte for at kunne sætte tænderne i igen, og selvom den var lige til den salte side, så er det faktisk et løfte, der står ved magt. 1000 ekstra point for at finde en vin udenfor kortet, der var PRÆCIS som jeg kunne ønske mig - juicy, fruity, fuldstændig som i sangen. Cherry blossom kiss, what you’re givin, makes my body rock, keeps me sizzlin. <br>9/10 🍝 for mad. I fucking love that place. <br>10/10 🎯 for stemning, det er som om alle tjenerne er mine pals, der har inviteret på middag. Verdens sødeste. <br>10/10 🍷 for vin. Omg. <br>Tror bare jeg skal derind en gang om ugen faktisk.   https://www.instagram.com/p/CEPT9iADJOz/?utm_source=ig_web_copy_link]]></description>
      <styleUrl>#icon-1899-9C27B0</styleUrl>
      <Point>
        <coordinates>
          12.5889808,55.6735304,0
        </coordinates>
      </Point>
    </Placemark>
    <Placemark>
      <name>Conditori La Glace</name>
      <description><![CDATA[Lil kaf, lil kage, sammen med alle turisterne. @laglacedk skal prøves, tror jeg, eller jeg ved det ikke, hvis du mangler noget at bruge dine penge på, så kommer du i hvert fald hurtigt af med dem dér. 252kr booooom. Worth it? Til dels. Kæmpe optur over sportskagen self, og så fik vi en der hed det gyldne tårn, for whatever reason, og det var lidt en lemon merrengue m hvid choko og rabarberkompot i midten. Nice combo. Gratis refill på kaffen, det ku jeg godt lide, men den er altså for dyr. Charmerende sted, synes bare det er super wierd med alle de der tøjbrands i vinduerne? Få lige lyst til at købe en Nørgaard trøje mens du carbloader? Nej tak, lav noget med nogle blomster. Eller kage, altså honestly. <br>7/10 🍰 for kagerne. Classic og store stykker, det ka vi li<br>5/10 ⛲️ for indre by turist stemning <br>3/10 💸 for prisen på kaffe. 128kr for unlimited kaffe til 2 personer, så skal der satme drikkes igennem hvis det skal kunne betale sig. <br>Ved ik om det er billigere to go. Men spiste engang sportskage nede på café Sommersted mens Tanja spillede på skeer, og det husker jeg som en mere interessant oplevelse.   https://www.instagram.com/p/CERirTMDrd8/?utm_source=ig_web_copy_link]]></description>
      <styleUrl>#icon-1899-9C27B0</styleUrl>
      <Point>
        <coordinates>
          12.5735861,55.6787066,0
        </coordinates>
      </Point>
    </Placemark>
    <Placemark>
      <name>Angelika</name>
      <description><![CDATA[Sultne som aldrig før gjorde vi klar til den ultimative frokost på geraniums sommer pop up @restaurant_angelika der kørte en stille og rolig 9 retters “hyldest til planteriget”. Vi blev kørt igennem grøntsager i alle former og farver - the big hitters var nok daal med sommerbær, rødbede steak, nøddebrød med løgkompot og den bedste veganske is jeg nogensinde har smagt. Kæmpe oplevelse at komme ind - men måske lidt for høje forventninger? Vi blev glemt ved ankomst og skulle selv spørge om garderobe og vores bord. Da vi så blev placeret (bordet er forresten 10cm for lavt så man skulle bøje sig frem over og fik en Alice vibe af at være meget stor) gik der ti minutter før vi fik opmærksomhed igen. Til den prisklasse var det lidt af en bommert. Angelika var sat i @restaurant_geranium eksperiment rum og med et enormt anretterkøkken og intet muzak gik der nærmest lidt kantine stemning i lydbilledet hvilket også var lidt mystisk?<br>🥬 8/10 fantastisk lækker mad men manglede lidt en wow ret<br>🍷 1000/10 damn damn damn damn endte med at bruge langt flere penge på vin end på mad (hvor er vin menuen???) men hver dråbe var genial<br>🚺 10/10 for tamponer på toiletter og en vidunderlig håndsæbe. Top overraskelse <br>🙃 4/10 bordet var for lavt, køkkenet larmede virkelig meget, indretning var flot men kunne alligevel ikke glemme at vi sad inde i en kontorbygning. <br>🌲10/10 toppen af parken er en hjernedød udsigt men man kigger jo ikke ud af vinduerne alligevel?<br>Bonus: de spillede star wars i elevatoren. Kæmpe vibe.  https://www.instagram.com/p/CEgPvVrD3hO/?utm_source=ig_web_copy_link]]></description>
      <styleUrl>#icon-1899-9C27B0</styleUrl>
      <Point>
        <coordinates>
          12.572166,55.7038717,0
        </coordinates>
      </Point>
    </Placemark>
    <Placemark>
      <name>Restaurant Hvide Hest</name>
      <description><![CDATA[Hvor mange point scorer jeg på københavner-skalaen, når jeg smører FEDT på heeeele brødet? Til dem der ikke har læst heartbeats’ interview med en eller anden der hedder Oliver, så gør lige det - her gik man og troede at det ik kunne blive dummere end Niko Grünfeldt i børsen, men det ku det bare godt. <br>Nå, til sagen, jeg var en tur på bakken for at få en bajer i nakken, og for at prøve kræfter med “kæmpe luksus” på Den Hvide Hest. Wow. Bestilte christiansøsild med en nordguld til, hold da op det blev jeg glad for. Den var pisse god. fedt OG smør OG creme fraiche, mums. Hovedretten derimod, det var deres signaturret, stegt flæsk ad libitum, det var sgu en tør oplevelse. Ad libitum makes no sense, for hvem kan spise så gigantisk en portion til at starte med, amirite? Billederne er før og efter hvor meget jeg fik ned. Smagte også min sidemands wienerschnitzel, den var helt i orden omend lidt margarineagtig? bumbum. Sorry for blurry pic, men jeg var stiv. <br><br>Lad for guds skyld være med at bestille hvidvinen. Rødvinen var faktisk decent. Men kør den ind med snaps og øl. <br><br>6/10 🥓 for maden. Well. Kæmpe luksus er det altså slet ikke.<br>8/10 🧈 for fedt på brødet, hvorfor serveres det ikke alle steder?? Og fra nu af tror jeg faktisk jeg vil smøre 3 hele stykker brød med det samme og bare have dem liggende klar ved siden af min tallerken I REN TRODS!<br>6/10 🙃 for lidt langsom men venlig betjening. Man er godt tørstig efter en tur i rutschebanen, så dur det ikke at vente 20 min bare på sine drikkevarer.  https://www.instagram.com/p/CEjJ8izhwnM/?utm_source=ig_web_copy_link]]></description>
      <styleUrl>#icon-1899-9C27B0</styleUrl>
      <Point>
        <coordinates>
          12.5745823,55.7770005,0
        </coordinates>
      </Point>
    </Placemark>
    <Placemark>
      <name>Durum Bar</name>
      <description><![CDATA[Efter en del øl besluttede vi os for at ramme boys til en grill kylling men de var løbet tør? Skandale!<br>Min gamle post-drone kebab pusher kan man gudskelov stadig regne med og med et fint hjemmelavet “KEBAB BOKS 45kr” skilt ved disken var det et tegn vi ikke kunne ignorere. <br>Hvorfor laver flere ikke en boks? Det var så fantastisk at grave rundt i papkassen med creme fraiche op til albuerne for at spidde den sidste pommes og lige haps lidt varme kødskiver til. Drømmen. Man kunne få hele disken på, rødkålen var sprød og let syrlig, chilien var sød og spicy (måske lidt i overkanten med både chili og jalapenos til min halsbrand fandt jeg ud af umiddelbart efter), pomfritterne var varme og mange. Jeg har faktisk ikke rigtig nogen klager. <br>🥡 10/10 mit nye foretrukne hjem fra byen sted<br>💋 2/10 man ser ikke alt for fræk ud mens men jævner sådan en (husk mange servietter) så del en pizza hvis du skal være lidt sexy lækker overfor aftenens scoring<br>❤️ vi ses på durum bar!<br>Beklager dårlige billeder men WHO cares i ved godt hvordan det ser ud. https://www.instagram.com/p/CEl1D_shRXa/?utm_source=ig_web_copy_link]]></description>
      <styleUrl>#icon-1899-9C27B0</styleUrl>
      <Point>
        <coordinates>
          12.5442627,55.6973458,0
        </coordinates>
      </Point>
    </Placemark>
    <Placemark>
      <name>Lille Bakery</name>
      <description><![CDATA[Best kept secret i kbh må være at @lillebakery serverer aftensmad fredag og lørdag. Vi havde i hvert fald næsten stedet for os selv, men det var SO DELICIOUS, så I skal alle sammen tage derhen. <br>Bestil porrer og fried radicchio omg, de retter kunne jeg leve af. Fava beans og frittata også lækkert! Kæmpe bonus at få en masse bagværk med hjem, vi havde berlinere, boller og foccacia nok til at dele ud på Snork bagefter 🐒 <br>9/10 🥬 for lækre grøntsagsretter<br>10/10 🕯for steming, stearinlys og godt soundtrack, men på refshalemåden, hvor det føles som om man er på besøg hos sine venner. Én af de der venner der giver dig en smørekniv til at skære din porre ud med, hvilket jo er umuligt, men det er bare lige meget, for du har du har det så lækkert. <br>10/10 🍷 for vinen som jeg ikke fik taget noget billede af, og som jeg ikke kan huske hvad hedder, men bare tag derind og snak med de søde mennesker, de finder noget du kan lide ❤️.   https://www.instagram.com/p/CEqf1W9BUGr/?utm_source=ig_web_copy_link]]></description>
      <styleUrl>#icon-1899-9C27B0</styleUrl>
      <Point>
        <coordinates>
          12.6133943,55.6901618,0
        </coordinates>
      </Point>
    </Placemark>
    <Placemark>
      <name>Babbo-Ria (Lukket)</name>
      <description><![CDATA[Hvis du kun måtte spise én ost resten af livet, hvilken en skulle det så være?? Det spørgsmål fik vi stillet på @babbo_ria her den anden dag, et af livets helt store, det var fandme svært at svare på. <br><br>Nå men det var Instagram der i sin tid fik mig til at besøge stedet første gang, and I keep coming back. God mad, god betjening, gode vibes. Klar anbefaling. Gå lige ind og følg dem også, så er du konstant sulten, det lover jeg. <br>Vi kørte tomat/ricotta og straccitella først, very oily but thats how I like it. Og så lige en gnocchi gnocchi pasta pasta - raviolien havde fået rigeligt citron til min smag, gnocchi en lillebittesmule for hård, men ellers ingen anmærkninger. Og ja, jeg glemte at tage pic før jeg var startet sorryyyy<br><br>8/10 🍝 for carbs<br>10/10 🐒 for lol betjening. Masser af jokes og fire Montenegro shots, sådan får man to sultne piger op i gear<br>Ekstra point for at give os brød med hjem! Fedt at det apparently er blevet en ting. <br>Ekstra ekstra point for ikke at ville tage imod tips, vi skulle bare love at komme tilbage. WHICH WE WILL 💃💃<br><br>Og hey i øvrigt, vi vil gerne have nogle flere followers, hvordan gør man det? Er det noget med at spørge hvilken ost I ville vælge, hvis I kun måtte spise én? Lets get some cheesy comments, og så kan det være vi laver en ostebiks anmeldelse en dag. 🧀🧀🧀🧀🧀🧀🧀🧀.  https://www.instagram.com/p/CEtWNedhdAn/?utm_source=ig_web_copy_link]]></description>
      <styleUrl>#icon-1899-9C27B0</styleUrl>
      <Point>
        <coordinates>
          12.5373095,55.6858139,0
        </coordinates>
      </Point>
    </Placemark>
    <Placemark>
      <name>Rakils Spisehus - BaneGaarden</name>
      <description><![CDATA[Havde en lidt skizo oplevelse i går på Rakils spisehus ved @banegaarden - helt fresh åbnet sted nede ved otto busses vej, kan bliver rigtig godt, men der er lang vej igen på viben, synes jeg. <br><br>Restauranten er optur. Så god betjening, så god mad. Tror ik rigtig der var et menukort, vi fik i hvert fald bare hele grøntsagsbaduljen, og så med et lille grisespyd oveni. Det havde vi ikke behøvet, for der var rigeligt af det andet, og kødet var faktisk lidt boring. Men grøntsagsretterne!!?! Yes hotDAMN, alt var bare sindssygt lækkert. Alle skal derind og spise gulerødder og blomkål i peanutsauce, Jesus. Og så fylder de op i brødkurven løbende, HVORFOR GØR ALLE STEDER IKKE DET LÆNGERE?, og serverer det med noget de kalder zkrug (?) til. Psykopat lækkert, det kunne jeg leve af. Så altså ik en finger at sætte på den del. <br><br>Men omgivelserne derude var sgu wierd. Det var som at træde ind på northside med hele flis/festivaltoiletter kulissen, på den dårlige måde, tror endda jeg hørte nogen sige “fredagscafe” på jysk, så rynker jeg altså i panden og leder efter nærmeste nødudgang. og så kørte det et rave ude i en skov bagved, som desværre var stoppet da vi var færdige med at spise. Ved ik lige hvad det handlede om. Men der virkede tomt og sløvt udenfor restauranten, måske det bare lige skal op at køre, hvis de ikke er så hys med hvor man må ryge, så kan det sikkert blive rigtig godt. <br><br>9/10 🥦 for mad. Kæmpe optur. Drop kødet. <br>7/10 🕯for stemning derinde MEN<br>3/10 🕯for stemning i omgivelserne udenfor. <br>1/10 🧻 for festivaltoiletter og manglende papirhåndklæder HELE aftenen, altså tjenerne tror jeg brugte de samme toiletter, så de må bare have været ekstra ligeglade. <br><br>Måske vi tager tilbage en dag og ser hvordan det er i dagslys. Lur mig om man ik kan få sig en hotdog grøntsagsstyle.   https://www.instagram.com/p/CEzUEfjBkbv/?utm_source=ig_web_copy_link]]></description>
      <styleUrl>#icon-1899-9C27B0</styleUrl>
      <Point>
        <coordinates>
          12.5424636,55.6585666,0
        </coordinates>
      </Point>
    </Placemark>
    <Placemark>
      <name>Italo Disco</name>
      <description><![CDATA[@italodisco.cph har altid været en favorit hvis man skulle hygge sig in italiano men en glædelig overraskelse er at de har en søndagsspeciel med mindre menu og gode priser. <br>Vi kørte tre retter for 300, hvor første servering antipasti var både fritto misto, bacalao, crostini med kyllingelever- OG hjerte samt en straciatella med grønne bønner. Vi var lykkelige (og lidt tipsy allerede da vi startede med rep bajer på tom mave), men den søde tjener gjorde også venligt opmærksom på vi altså ikke var færdige med forretten endnu (HOW?) og vi får serveret en stor portion risotto med ti arm blæksprutti MIN FAVORIT! <br>Der var god plads bland bordene og luft til man lige kunne tage en smøg på gaden uden der var stress på med de næste serveringer, hvilket gjorde det en super hyggelig aften. Dejligt afvekslende at der ikke var to seatings så man føler man bliver pacet igennem så andre kan komme til. Stort plus. Efter vores million forretter fik vi mini penne med hestebønner i noget sovs vi ikke husker men smagte helt fantastisk og umami. Det var sikkert parmesan. Virkelig virkelig god. <br>Muzakken i aften var stod i 00ernes indie tegn med bunker af tame impala og solange (a seat at the table) og efter højlydt snak og indsmigren fik vi lov til at overtage anlægget og fyre op hvor alles yndlings troubadour Mac dm og hans ode to smøger og hygge livet. <br>Vi sluttede af med et brag med marscarpone og grillet nektarin med pistacie wauw den var lækker og skal 100% prøves derhjemme. <br>🍝 9/10 alle retterne sad sgu i skabet og smagte kun af mere. Vidunderligt at køre fem forretter (+ foccacia)!! Kæmpe vibe<br>🍷 8/10 mener vi valgte den billigste vin på kortet og den smagte ærke italiensk og røg lige ned. Plus point for at vi fik lov til at smage 3 andre vine og kassere en kedelig hvid som var helt nyåbnet. Sød sød tjener <br>🎸 1000/10 for at lade to stive piger styre anlægget efter både vin og bajere. <br><br>Kort fortalt var det en vidunderlig aften med god stemning og fantastisk mad. Kæmpe anbefaling at tage ned en søndag aften hvor du foruden 3 for 300kr også kunne få dagens pasta + et glas vin til 175. Rørende 😍❤️.  https://www.instagram.com/p/CE3tXnJhfAO/?utm_source=ig_web_copy_link]]></description>
      <styleUrl>#icon-1899-9C27B0</styleUrl>
      <Point>
        <coordinates>
          12.549921,55.6721833,0
        </coordinates>
      </Point>
    </Placemark>
    <Placemark>
      <name>Mahalle - Nørrebrogade</name>
      <description><![CDATA[Kan vi lige alle sammen praise restaurantguderne for, at @mahallecph ikke ændrer sig 🙏🙏🙏 det har altid være sygt god mad, sygt gode priser, også selvom de er blevet mega instagrammable og über populære. @denvandrette vi kigger på jer!! (Til dem der ik ved hvad jeg taler om, så startede @politiken den-vandrette-gate med en virkelig skuffet anmeldelse tidligere i år. Den populære pige i klassen er blevet en bitch, lad os bare sige det sådan)<br><br>Nå men vi var forbi Mahalle på Nørrebrogade for nogle dage siden til en late night dinner, efter kl 21:30 kan man godt droppe ind uden bordreservation. Havde lyst til at bestille det hele, men gik med en halloumi salad, som jo basically er en pizza på fladbrød med hummus, avo, halloumi, granatæble, olivenolie og lækre spices. Ekstra halloumi on the side, love love love it. Og så ruller med oksekød, foul og babaganoush - SÅ lækkert alt sammen. <br><br>10/10 🥑 for mad<br>10/10 💰for priserne. 300 bobs I ALT for sådan et festmåltid, det er altså i orden. <br>5/10 🥤for ikke at servere alkohol. Den gode mad kalder på et glas vin, men vi kørte den ind med danskvand. Jeg fortryder dog, at vi ikke rådførte os med det søde personaler, for jeg tror faktisk, at de ville kunne have anbefalet os en lækker myntethe eller noget, der kunne have toppet oplevelsen. Det gør vi næste gang. Ses mahalle!! 💃💃.  https://www.instagram.com/p/CE51mVSBxhZ/?utm_source=ig_web_copy_link]]></description>
      <styleUrl>#icon-1899-9C27B0</styleUrl>
      <Point>
        <coordinates>
          12.5563931,55.6895268,0
        </coordinates>
      </Point>
    </Placemark>
    <Placemark>
      <name>Fiskeslagteren</name>
      <description><![CDATA[Hjerteforeningen anbefaler 350 g fisk om ugen, og vi anbefaler at du indløser nogle af de gram hos @fiskeslagteren i form af deres fiskedellesandwich. 🐟<br>Hvad hjerteforeningen formentlig ikke anbefaler er den vanvittige mængde af smør brødet var blevet smurt ind i før det blev ristet, og holy fuck, det forstår man godt for det smagte for sindssygt. Hvordan ved man at det er en vanvittig mængde smør? Det gør man, når man gentagende gange taber sin sandwich ned på tallerkenen fordi 1) ens fingre er fedtede og slippery 2) brødet nærmest falder fra hinanden. “Er den så med remo?” blev vi spurgt af en veninde efter endt måltid, og til det skal der lyde et rungende “NEJ” og tak fiskeslagteren for det. Til gengæld er fiskedellen parret med tartarsauce (uffff), syltede skalotteløg og frisk dild. Vi gik derfra sultne efter mere - hovedsageligt fordi den ikke mættede, men også fordi den bare var for fråderen. Er den så virkelig 65 kroner værd? Både og. Man kan nok få mere for pengene et andet sted man garanteret ikke lige så meget smør<br>🥪 8/10 skud ud til tartar der lige gøre den lidt mere spændende end på havnen <br>🤰4/10 god til snack men hvis du er frokost sulten dækker den ikke helt behovet <br>🏠 9/10 endelig ny mad i Kødbyen! Nu har vi da snart kigget på mother længe nok skulle man tro.   https://www.instagram.com/p/CE_iOwZBWrk/?utm_source=ig_web_copy_link]]></description>
      <styleUrl>#icon-1899-9C27B0</styleUrl>
      <Point>
        <coordinates>
          12.5588662,55.6690872,0
        </coordinates>
      </Point>
    </Placemark>
    <Placemark>
      <name><![CDATA[Baka d' Busk]]></name>
      <description><![CDATA[En aften i grøntsagshimlen 🥦🍠🍆<br>Hvis du ikke har hørt om baka d’ busk før, ja har du højst sandsynligt levet under en sten. Den populære vegetariske restaurant på Nørrebro har taget København med storm, og det var derfor også med stor forventningsglæde, at vi bevægede os ind restauranten 🙌🏻<br>Da vi ankommer er forvirringen total, og det er tydeligt, at der ikke er helt styr på vores bord (?) så vi venter lidt og får et højbord. <br>Vores tjener er sød og god til at vejlede os gennem kortet. Vi kører med brød og Tahin og panisse til en starter, som vi nyder til et glas orange 🍊 <br>Forretter: bagte beder med en bærkompot, bagt fennikel med en orangesauce og en tomattærte. Vi havde bestilt en ret med kål, men da den var udsolgt, fik vi at vide, at de havde improviseret en ny ret til os (som så bare var en anden ret fra kortet oooog jeg er ikke fan af beder. Sig nu bare vi skal vælge noget andet) 🤷🏼‍♀️. Retterne var alle sexy veltilberedte og fyldte med smag, og vi var begge enige om, at det er utroligt, hvad man kan gøre med en grøntsag. Meeen var det som om at de sidste 10 % manglende, især fedme i alle vores forretter :( hvor er smørret?<br>Hovedretten var klart aftenens stjerne 🌟 Bagt græskar og zucchini med bønner og en sauce beurre blanc. Her var den fedme, som vi savnede i vores forretter, endelig til stede. ELSKER SMØR. Man kan jo seriøst hælde en smør sovs ud over hvad som helst og det smager af Heaven.<br>Alt i alt var aftenen på Baka d’ busk en fantastisk oplevelse med masser af god stemning. Vi savnede dog at vores tjener var lidt mere over os! 3 glas vin…. vi kunne sagtens have drukket mere 🍷 <br>8/10 🥦 for maden - kæmpe potentiale, men mangler altså de sidste 10 %. Og hvor er variationen? Sidst vi tjekkede, kunne man altså meget mere end bare at bage en grøntsag.<br>7/10 🙌🏻 for betjeningen - sød tjener, men come on, vi vil have mere vin, og hvad med cocktails eller vodka-shots? De kunne sagtens have hældt mere på os<br>10/10 🍷 for vinen - God vejledning hele vejen igennem aftenen, og AMAZING vinudvalg, nok også derfor vi gerne ville have mere.     https://www.instagram.com/p/CFEvQOphHrr/?utm_source=ig_web_copy_link]]></description>
      <styleUrl>#icon-1899-9C27B0</styleUrl>
      <Point>
        <coordinates>
          12.547745,55.6874136,0
        </coordinates>
      </Point>
    </Placemark>
    <Placemark>
      <name><![CDATA[Magasasa Dim Sum & Cocktails]]></name>
      <description><![CDATA[Well well well. Ligeså meget som vi to sultne piger elsker dim sum, ligeså meget hader vi dårlig borddækning, manglende service og crap soundtrack. Så prepare yourself @magasasacph, vi er ikke i godt humør ovenpå vores søndagsdinner i går. <br><br>Man kan mene hvad man vil om 90’er flashlights og Lukas Graham sange fra en soundboks, men jeg er bare overhovedet ikke fan. Stop det. Nu. Det kunne have været et aber dabei i denne sammenhæng, men ak... og vi blev sat lige ved indgangen, og dermed tvunget til at lytte med hele aftenen 🤯<br><br>Mine ærmer klistrede seriøst til bordet, så fedtet var det. Efter en inspektion af de andre borde, hvor det stod ligeså slemt til, fik vi forklaringen, at COVID håndspritten havde “spist” lakken på bordene, og at de nu længe havde døjet med the sticky situation. Say what, så få dog en dug på? Køb nogle nye borde? DO SOMETHING. Det var nasty, men vi havde bestilt i god tro om, at det kun var det bord vi sad ved. 😤<br><br>Maden kom og den var OK. Sorry for uflatterende billeder, de der runde fried kugler (m svin tror jeg) var faktisk mega gode, forårsruller og grisekød i skiver også, men serveringen og belysningen (+ at jeg igen kom til at spise, før jeg tog billeder) gjorde det svært at få det til at se flot ud. Well. Den der slimy dampede risting med rejer inden i, soya drizzlet henover, den kan man godt gå udenom. Måske den er ok med grøntsager eller noget mere crunchy indeni. Der manglede lidt smag overall. Chilien var ikke stærk nok.<br><br>Vi var hurtigt færdige med at spise, men åbenbart ik helt hurtige nok med at komme ud af døren. Tjeneren synes i hvert fald godt hun kunne stikke hele sin langemand ned i mit ølglas, som jeg stadig drak af, for at rydde bordet og få os ud af vagten. Ad. Nej tak. Dér var hygiejnen åbenbart ikke så vigtig. <br><br>4/10 🍤 for dim sum. Men der er rigeligt at vælge mellem på menukortet, måske jeg bare var uheldig. <br>2/10 🐲 for stemning og borddækning. Deres spisepinde var mega skod, totalt uambitiøst med plastik, de var for store og lange og maden gled ud af dem gang på gang. <br>1/10 🏃‍♀️ for personale bare vil have os ud. DET ER DET VÆRSTE VI VED 🤬.   https://www.instagram.com/p/CFHlSBRBCXE/?utm_source=ig_web_copy_link]]></description>
      <styleUrl>#icon-1899-9C27B0</styleUrl>
      <Point>
        <coordinates>
          12.5588403,55.6671614,0
        </coordinates>
      </Point>
    </Placemark>
    <Placemark>
      <name>Bevi Bevi</name>
      <description><![CDATA[Ændrer @bevibevibar nogensinde deres menukort? Var det helt store spørgsmål da vi kørte en middag på efterhånden Vesterbros kollektive stamsted for små retter og små borde - helt ærligt, vi forstår godt at man skal have mange mennesker ind men når der bliver smidt så mange tallerkener på bordet skal der altså også være plads til dem #justsaying <br>Relativt nemme point for ansjos-på-peberfrugt og tomat-på-ost-med-urt men det smagte sgu godt og tartaren med pistacie (yay) var fin omend harmløs. Tilhænger af de lidt større stykker kød så det hele ikke gled alt for nemt ned. Hovedretten var valget mellem (mere) oksekød-med-urt eller en mystisk servering af muslinger med tomatsauce under et brød låg som vi ikke kunne regne ud skulle spise (?) hertil gudhjælpemig en BRØDSALAT MED TOMAT. Har de kun 5 ingredienser i det køkken?? <br>Desserten var faktisk en highlight med mascarpone og fersken vildt lækkert og tiramisu trøffel kugler også vildt lækkert og ikke så kvalmende som en lidt for stor dessert kan være. <br>🍷 8/10 tiptop og billigste vin på kortet. Ja tak<br>🍅 5/10 skru op for variationen og vi klapper lidt højere. De gør hvad de kan men tag ikke på bevi for ny kunst eller spænding på tallerknen. Maden er gedigen og velsmagende men kedelig<br>👀 7/10 plus for sød betjening og godt styr på vores bord<br>🪑 3/10 vi fik som den eneste tremands booking to små caféborde skubbet sammen. Sygt nederen at sidde to og endda tre på 60x60 bordplade lidt for tæt in these coronatimes <br>😇 alt i alt en fin men total gennemsnitlig family style dinner. Men prisen kan man ikke klage over! God på budget. PS menukortet var 80% det samme.    https://www.instagram.com/p/CFJ0z96hh4f/?utm_source=ig_web_copy_link]]></description>
      <styleUrl>#icon-1899-9C27B0</styleUrl>
      <Point>
        <coordinates>
          12.5501692,55.6681107,0
        </coordinates>
      </Point>
    </Placemark>
    <Placemark>
      <name>Københavner Caféen</name>
      <description><![CDATA[Nå, så lukker alting kl 22 hva. Godt KBH bugner af smørrebrødsrestauranter, så man kan komme tidligt i gang. Skal man så forbi @kobenhavnercafeen på Badstuestræde til sin weekendfrokost? Bum bum, maybe, maybe not. <br><br>De har i hvert fald rigtig god og opmærksom betjening, hvilket er et kæmpe plus, meget værdsat! Men smørrebrødet er semi ligegyldigt ift hvad du kan få andre steder til samme - eller måske endda billigere - penge. <br><br>Vi lagde som altid ud med rep bajer (+ cola til den mest ramte), og så fik vi begge karrysild som den første mad. Den var god, men ærligt talt ret glyngøre agtig, nothing special. Fedt OG smør til rugbrødet, her er jeg jo kæmpe fan, men drop nu det der maskinskiveskårede cheap crap, og bag jeres eget, come on. Bagefter fik den ene sultne pige en lidt tør flæskesteg med rødkål, og den anden sultne pige fik en ret god smørstegt fiskefilet. Godkendt, især fordi rugbrødet her var skiftet ud med noget, der måske ikke var hjemmelavet, men som i hvert fald ikke var købt i netto. <br><br>5/10 🍽 for madder. Det var fint, men får jeg lyst til at komme igen, næh<br>3/10 💰for prisniveau, 500 bobs i alt, de kunne have været Well spend et andet sted. Fx på Bornholm, tjek vores allerførste anmeldelse. <br>8/10 🕺🏼for mega god betjening, det skal de have. <br><br>Kræs lidt mere for maden, så bliver vi både mætte og glade 😇😇.   https://www.instagram.com/p/CFMOsWthLB4/?utm_source=ig_web_copy_link]]></description>
      <styleUrl>#icon-1899-9C27B0</styleUrl>
      <Point>
        <coordinates>
          12.575091,55.6782319,0
        </coordinates>
      </Point>
    </Placemark>
    <Placemark>
      <name>Liban Cuisine - Vesterbro</name>
      <description><![CDATA[Det skal skam ikke være fine dining alt sammen, de sultne piger er altædende og klar på de mere økonomisk fornuftige steder once in a while. Men var @liban_cuisine_vesterbro det værd? Næh <br><br>Vi kørte cheesy fries og en wrap til hver. Elsker ost, men de gjorde fritterne slatne, hvilket de måske var i forvejen, og mayoen smagte af eddike, not good.<br><br>De skiltede med hummus i alle wraps, jeg valgte den med halloumi, men kunne absolut ingen hummus finde. What a total dissapointment. Og så havde de drizzlet balsamico (why?) og creme fraiche dressing (sikkert fra netto) ud over!? HARAM! Salatblandingen indeni var kedelig, og halloumien smagte ik af en skid. <br><br>Mindes at jeg engang har fået en god burger der engang for længe siden, men wrapshowet var mildest talt uimponerende. <br><br>3/10 🌯 for boring wrap med wierdo dressing<br>2/10 🍟 for triste pommes<br><br>Og jeg havde endda sænket mine forventninger, og var klar på en medium spiseoplevelse, men det ku jeg ik engang få. Øv bøv.   https://www.instagram.com/p/CFO1V_kBF_h/?utm_source=ig_web_copy_link]]></description>
      <styleUrl>#icon-1899-9C27B0</styleUrl>
      <Point>
        <coordinates>
          12.5450374,55.669682,0
        </coordinates>
      </Point>
    </Placemark>
    <Placemark>
      <name>FAMO</name>
      <description><![CDATA[Viva italia! 🇮🇹 vi støtter fortsat Københavns restauranter og udstyret med masker købte i ellevte time i 7/11 (15kr for fire, lil tip 4 u) skulle vi på @osteriefamo el classico på saxogade! Vi startede ikke så godt da tjenererne glemte vores vin (krise) men det blev glemt hurtigt for den smagte fandme godt og af mere. Hele Vesterbro er åbenbart på bølgelængde for vi kørte sgu lige en vitello tonato (fin) og tartar (SYGT god med smæk på peber), sammen med Perfekt tilberedte butternut squash på en bagna cauda bund og bjerg af smørstegte løg og olien oog en lil ricotta med squash snack der delte vandene. <br>Primi var en god portion papardelle med Karl johanner og en parmesan sovse-suppe som også tog kegler rundt om bordet!! Kunne godt have brugt mere salt. So far so good<br>Desværre ramte vi lidt et bump på menuen da vi fik secondi som var tør tør tør gris med flere Karl Johan og kartofler som var fin men svinet var sgu kedeligt og især efter det solidt høje niveau optil da. No worries vi levnede og kørte en flaske til. <br>DESSERTEN har nået et indtil videre højdepunkt i vores insta historie for holyyyy shit var det godt. Straciatella creme som basically virkede til at være fløde der var pisket så hårdt det nærmest var smør + lidt ekstra fløde og ekstra sukker og masser af chokolade. Damnnnnnnn. Eneste lille anke var at vi personligt godt kunne have brugt et lille bær eller noget syre agtigt så det ikke blev fløde med fløde på. <br>🍴7/10 ville have scoret højere men blev desværre for ked af grisen <br>😘 7/10 sød betjening men vinen skal komme mere prompte til de tørstige. Ærgerligt at vi skulle bede om den bestilte vin igen efter 10 min<br>🐗 7/10 .. interessant indretning med poesidon fotografi, udstoppet vildsvin og nogle ret stenede lamper MEn fedt at det ikke er smart og kører den kitschede stil fuldt ud. Respekt <br>TAK for mad ❤️❤️❤️https://www.instagram.com/p/CFSal-bBcPt/?utm_source=ig_web_copy_link ]]></description>
      <styleUrl>#icon-1899-9C27B0</styleUrl>
      <Point>
        <coordinates>
          12.5507282,55.6725283,0
        </coordinates>
      </Point>
    </Placemark>
    <Placemark>
      <name>Baby Baby Bar</name>
      <description><![CDATA[Altid klar på at spise så til et lil mellemmåltid skulle @kalaskimchi kimchi cheese sandwich lige prøves (fås ude ved gamle baby baby + arrebo) og HOT DAMN en lækker lille mad man kunne få der! Brødet var smurt i smør/olie blanding før den kom på en ud af fire (!!!) Foreman grills kala havde gang i (goals) tilsat en ordentlig mængde super sprød og saftig umami kål bombe som kimchi nu engang er. Kæmpe anbefaling til en bajer eller to (tre). <br>Personligt kunne jeg godt bruge lidt mindre stykker kål men jeg klager ikke meget. <br>🥪 8/10 lækkert brød, lækker kimchi, lækker ost. Min sidekammerat ønskede sig en lidt tungere ala gruyere men så længe der er masser ryger den indenbords<br>☀️ 10/10 good vibes og musik<br>🎢 100/10 der var stillet en VANDRUTSJEBANE op!!! Når man lige overvinder sig den eksistentielle ryger trusserne af angst er det så fucking sjovt jo.  https://www.instagram.com/p/CD8L0GUDrXC/?utm_source=ig_web_copy_link]]></description>
      <styleUrl>#icon-1899-9C27B0</styleUrl>
      <Point>
        <coordinates>
          12.6075996,55.6902142,0
        </coordinates>
      </Point>
    </Placemark>
    <Placemark>
      <name>Pico Pizza</name>
      <description><![CDATA[Okay insta, vi kan ik være de eneste der er blevet overeksponeret for “lækre” iscenesatte billeder af minipizzi, som åbenbart er det nye i influencaaaaland. Og ja, hvorfor kun spise én pizza når man kan få tre? Måske fordi en af dem smager af toiletrens, men mere om det senere. <br><br>For det var faktisk ikke nogen helt skidt oplevelse af indtage sin fredagspizza på @picopizza_cph. Lakmustesten på et godt pizzaria er, om de kan lave en ordentlig margeritha, og det ka de. Yummy yummy godt afstemt med alle ingredienser og læks med semi dried tomatos også. I like. Og så var der den med græskar og bacon, den var sygt god, den skulle vi have bestilt to af. Vi fik også en med zucchini og karse, men altså wow der var alt for meget karse, det skal altså SPRINKLES over - her lå det nærmest som en grøn utrimmet hårmåtte ovenpå en ret kedelig pizza, så det hjalp ik engang at fjerne noget af det. Hawaiien var fin, men husker ærligt talt ikke at have bestilt den? Det bliver også sådan lidt paradox of choice agtigt med alle de pizzi, tror de skal holde sig til lidt færre valgmuligheder #keepitsimple <br><br>En pizza der skal slettes fra menuen MED DET SAMME er det horrorshow der mødte os i den de kalder “legends of the Fall” pizza, der var med græskar pure, mozz, salvie, svampe og citronolie. Kunne ikke smage noget græskar, svampene smagte ik af en skid, salvien var der alt for meget af, og den var seriøst badet i den der citronolie, som helt sikkert har været en citronSKALolie, for det smagte af rengøringsmiddel! Føj!! Lad være med at bestille den. <br><br>5/10 🍕for pizza. Ik helt skidt men heller ikke helt godt. <br>0/10 💡for at kalde sine pizzaer “spændende” navne. Fuck hvor er det kikset. <br>6/10 👩‍👧‍👧 for tredeling af pizzaoplevelse, det er smart når man er sulten efter en masse forskelligt. Men som I kan se på billederne (som igen er skod, sorry, men det var mørkt) efterlader det mange scraps, og jeg har aldrig forstået det der med dip til kanterne. Det kan man godt få, men hvis jeg skal have dips, så skal jeg fandme også have chips. <br>8/10 🔥for varmelamper udenfor, og at gaden ligger lidt tilbagetrukket uden trafik, det ku vi godt lide.   https://www.instagram.com/p/CFXtN14BkuS/?utm_source=ig_web_copy_link]]></description>
      <styleUrl>#icon-1899-9C27B0</styleUrl>
      <Point>
        <coordinates>
          12.5494352,55.6873533,0
        </coordinates>
      </Point>
    </Placemark>
    <Placemark>
      <name>Polly</name>
      <description><![CDATA[*disclaimer* vi havde glædet os frygtelig meget til vores kl 21.00 middag på @restaurantpollycph men 2 ud af 3 spisere var faldet i fredagsbarfælden og var ret stive da vi først kom afsted. tåget anmeldelse. 🍻🍻🍻<br>Første bemærkning wow hvor er der flot indrettet på @restaurantfrankcph lillesøster Polly. Var det her der lå en laundromat engang? Who cares, vi var alle helt færdige over hvor smukt og gennemført rummet var i alt fra lamper (smuk), vægpynt (spændende men uden at være for vi-er-i-kbh-men-laver-fransk-mad-så-her-er-en-Picasso-2018-plakat agtig) og moderne rattan spisestole.<br>grundet de lidt for mange øl vi havde fået indenbords, besluttede vi os for at vi var for stive til 7 serveringer og sprang i a la carte kortet. <br>Til snacks fik vi kroketter (spis dem!) og østers med habanero og havtorn så vidt jeg husker? Uanset hvad smagte det SÅ lækkert og hvis man har mod på et alternativ til citron kombien var denne et godt bud. Højt fra start! Sommelieren hældte vin op i glassene og stilte efterfølgende flasken op på baren, måske i et forsøg på at styre vores fest eller at være fancy men efter mange gange nede ved bordet fik vi lov til at have den stående. <br>Videre til forretterne som var en meget klassisk torsk/lime/chili/koriander ceviche man aldrig går galt i byen med, en kartoffel/porre suppe ting med Faaantastic parmesan sauce, se hvor fluffy den var med alle luft boblerne. <br>Vi kørte også en tartar som jeg synes blev lidt intetsigende og lige for mayo med svampe fad smag. Kender i det? Tartar kan virkelig være godt (famo) men fandme også være kedeligt og jeg synes desværre ikke den gik helt ind denne gang. <br>Det er jo svampe sæson så vi sluttede af med risotto på kantareller, svært at fucke up. <br>Kan 100% komme igen bare til et glas vin, kroketter og risotto til deling. <br>Der er en sidste ret på billedet mellem kartoflerne og risottoen men ingen af os kan desværre huske hvad det var så den var tydeligvis ret ligegyldig. <br>🍴8/10 solidt højt niveau og smag<br>🪑 9/10 gad vide om møblerne er til salg ligesom i lille petra cafeen?   https://www.instagram.com/p/CFZaYpxB6-K/?utm_source=ig_web_copy_link]]></description>
      <styleUrl>#icon-1899-9C27B0</styleUrl>
      <Point>
        <coordinates>
          12.5461425,55.6756193,0
        </coordinates>
      </Point>
    </Placemark>
    <Placemark>
      <name>Arrebo</name>
      <description><![CDATA[Vi spiser faktisk også om morgenen, og sikke en start på dagen vi fik på @arrebonorrebro ☀️<br><br>Efteråret viste sig fra sin mest disede side, men med varmelamper og markiser var det kein problem at nyde sin morgenmad udenfor. Kørte brød+ost, chiagrød, æg og grapefrugt. Alt sad fandme i skabet, og prisniveauet er OK. Især grapefrugten hvor der lige er fyret op for et caramelizzzed lag on top er en anbefaling værdig - perfekt sød/bitter/crisp/juicy 🤤chiagrøden er på havremælk, hvor vi måske mere er til kokos, men der var kokos ovenpå, og det er vel også lidt en smagssag. <br>Filterkaffen er godkendt, men om morgenen vil vi måske godt have en lidt større spand at drikke af. <br><br>10/10 🍞for morgenmaden, og vi ved at deres kimchi sandwich også er god, du kan roligt tage derind. <br>7/10 ☕️ for cute kopper og service, men gå lige en størrelse op i kaffekoppen når den koster 30 bobs for en filter<br>10/10 🔥 ekstra for at lave creme brulee trick på en grapefrugt, what a genius life hack<br><br>OG ekstra point for at servere med en ægte grape kniv, det er altså optur, det er noget juks med en teske<br><br>We’ll be back.  https://www.instagram.com/p/CFbpd3zBxIV/?utm_source=ig_web_copy_link]]></description>
      <styleUrl>#icon-1899-9C27B0</styleUrl>
      <Point>
        <coordinates>
          12.5419091,55.7010456,0
        </coordinates>
      </Point>
    </Placemark>
    <Placemark>
      <name><![CDATA[Harry's Place]]></name>
      <description><![CDATA[Hårdt ramt af tømmermænd fik vi slæbt os op til den originale kur mod alt - Harrys Place. ❤️<br>Det er en tidslomme hvor Instagram og grøntsager ikke findes (medmindre de er syltede), men hvor du til gengæld kan nok få byens bedste pølse. En Børge med den mildeste ketchup og sennep i mands minde og en smuk ristet hotter med masser af løg serveret af en No bullshit madamme med cigar stemme og ingen dikkedarer. Lige som det skal være! <br>🌭 10/10 for bundsolid og ærlig mad. Du kan vælge hvor mørk ristet pølsen skal være også<br>📰 10/10 for at avis udklip er den eneste indretning. <br>Bonus - du kan få en gratis Harrys Place kalender med hjem.  https://www.instagram.com/p/CFpMvTfBjPS/?utm_source=ig_web_copy_link]]></description>
      <styleUrl>#icon-1899-9C27B0</styleUrl>
      <Point>
        <coordinates>
          12.5365243,55.7000471,0
        </coordinates>
      </Point>
    </Placemark>
    <Placemark>
      <name>Gao Dumpling Bare - Nørrebro</name>
      <description><![CDATA[Nå. Vi starter lige med en disclaimer: den her anmeldelse er kun udtryk for den ene sultne piges oplevelse af @gaodumpling på blågårdsgade - den anden sultne pige elsker stedet og har efter sigende aldrig haft en dårlig oplevelse der. There, I’ve said it, og nu står det mig frit for at sportsbrokke resten af dette opslag 😤<br><br>For det var satme slattent. Fik spicy pork dampet dumpling og chicky fried dumpling. Ved begge var det så tydeligt at de havde været frosne, for de faldt fra hinanden sekundet man forsøgte at løfte dem med sine spisepinde. Og hallo, brug bare lige 2 min mere på at grille den stegte version, der var intet sprødt over den whatsoever. Og det smagte ik af noget. Jo snasken på den med kylling var lækkert, men ærligt jeg tror bare det var en alm hoisin med noget chili i. Så kørte vi også en såkaldt “double fried tofu w 5-spice salt” som overhovedet ikke var saltet, og som var så slatten som noget kan blive. Jovist, selve tofuen var silkeblød og lækker, men den sku jo have været crisp udenpå! Vi fik i hvert fald at vide, at det var lidt ligesom en tofu nugget, er du gal hvor blev jeg skuffet. God chilimayo stads på toppen, men igen, ret sikker på det bare var sriracha mayo version, intet smagte hjemmelavet. Til de priser er det not cool. <br><br>Noget andet not cool er beskidte tallerkener. Noget tredje not cool er at der ik er nogle små skåle til soyaen. Ej men jeg kunne næsten blive ved. Hvorfor har jeg så dårlig dumpling karma for tiden? GIV MIG EN GOD DUMPLING! Må tilbage på hidden dimsum. <br><br>3/10 🥟 for slatten og smagsløs mad. Men ja, spiste da op, bevares <br>2/10 🍽 for beskidt service der også er af plastisk som om jeg er et børnehavebarn, you’re not even trying<br>7/10 🏮for flot indretning og egentlig ok hyggelig stemning, har altid haft lyst til at tage derind. Men men men hvor blev jeg klogere. <br><br>Sorry not sorry, men altså, man melder jo bare ind hvis man er helt uenig, det kan vi godt håndtere her på bloggen 😋.   https://www.instagram.com/p/CFsMeknhB5p/?utm_source=ig_web_copy_link]]></description>
      <styleUrl>#icon-1899-9C27B0</styleUrl>
      <Point>
        <coordinates>
          12.5598929,55.6878355,0
        </coordinates>
      </Point>
    </Placemark>
    <Placemark>
      <name>Boys </name>
      <description><![CDATA[Normalt kører vi ikke takeaway da vi bruger hele lønnen på at dandere den i byen med naturvin til overpris men da sofaen kaldte på film og flere oliepletter var målet klart - BOY’S shawarma på den røde plads. 🐔🐔🐔🐔<br>Shawarma delen er måske lidt misvisende da claim to Fame er væggen af rotisserie kyllinger der dufter og glinser og kalder vores navne hver gang vi cykler forbi. Bok bok Sweet Jesus hvor er det himmelsk at træde ind!! #blessed For 65kr fik jeg et bombastisk måltid bestående af det mindst økologiske men mest fedtdryppende fjerkræ jeg har spist længe tilsat fryse pommes og en bøtte mayo der selvom i ik kan se faktisk er dobbelt størrelse på hvad du får på durum bar lidt længere ned...Stof til eftertanke. Er der så meget mere at anmelde her? Det er grillkylling til dine tømmermænd eller på vej hjem fra friheden til at smovse i sengen. Big love til BOY’S ❤️<br>🐓 9/10 for smovsefaktor men tvivler på den har levet godt eller længe. Men who are we kidding vi fyrer ik en kylling af til 60kr og forventer andet. <br>🍟 4/10 kedelige fritter desværre. Kan den ikke opgraderes bare lidt? Meget glad for meget mayo dog<br>😘 Skud ud til vores anbefalende followers! havner normalt altid på pizza når døden er nær men drengene er officielt tilbage 🥰<br>RIP til det gamle “shawarma is” neonskilt der også kunne noget før det nuværende blev sat op.   https://www.instagram.com/p/CFzRldXhbAU/?utm_source=ig_web_copy_link  ]]></description>
      <styleUrl>#icon-1899-9C27B0</styleUrl>
      <Point>
        <coordinates>
          12.5416335,55.6993821,0
        </coordinates>
      </Point>
    </Placemark>
    <Placemark>
      <name>Gaza Grill</name>
      <description><![CDATA[Vores com øjne havde virkelig godt af en tur på @gazagrill - er der noget som farvespræl og lidt mezze ovenpå en lang dag på office, i think not. Folk har kigget wierdo på mig, når jeg har sagt at jeg ik har spist på/fra gaza før (for det har alle andre københavnere åbenbart a GAZALLION times) så forventningerne var høje, og de blev satme indfriet. <br><br>Skrrrrrt skrrrrt for en baba ganoush!! Tip top halloumi, og blomkål med sumac og tahin salat var aftenens overraskelse, det er ikke sidste gang jeg spiser den. Deres tabouleh var lige rigeligt persillet til min smag, ku godt have brugt lidt mere couscous, men sammen med resten, var det bare rigtig godt altså. Hjemmelavet limonade får også thumbs up 👍<br><br>Overvejede at bestille en af de der skåle/menuer, men wow hvor så de store ud!? Well det er vel bare et eksempel på at du får meget for pengene derinde. <br><br>Og der er hyggeligt, lidt noisey, men det lever man med. Den søde servitrice lagde endda mærke til at vi sad i træk og frøs lidt, så hun fixede lige dørene, og det får altså pluspoint i min bog. <br><br>10/10 🥗 for mad, og det hele er øko, familieopskrifter and u name it, we love it<br>8/10 🎡 for farverig indretning og stemning. Der er ikke meget plads, men det er altså ok sådan et sted. Og så er der en terrasse, som jeg tror jeg skal slænge mig på med kæmpe madkoma næste sommer, når jeg begiver mig i krig med en af de der gigantiske skåle. <br>10/10 👫 for skønt personale - masser af smil og overskud, selvom der var knald på 💕<br>1000 ekstra point for med det samme at sige, at vi bare skulle bede om mere brød, hvis vi manglede 💛🥖💛<br><br>Og I var fulde af gode idéer til hvor næste måltid skal bringe os hen, da vi holdt spørgerunde i går, tak for det! Når vi rammer 500 følgere reserverer vi bord på en af jeres anbefalinger og føler os ægte influenceragtige.    https://www.instagram.com/p/CF1d4Jeh1dG/?utm_source=ig_web_copy_link]]></description>
      <styleUrl>#icon-1899-9C27B0</styleUrl>
      <Point>
        <coordinates>
          12.5609023,55.6904783,0
        </coordinates>
      </Point>
    </Placemark>
    <Placemark>
      <name>Bottega Barlie</name>
      <description><![CDATA[Trods apokalyptisk blæsevejr tog vi i ægte danskerstil en udefrokost, denne gang på @bottegabarlie på Fredericiagade. Menuen skifter hver måned, fokus er på vinen, og vi er jo altid glade for at prøve noget nyt, og tipsy lunch er den bedste lunch, så det burde være et godt match. <br><br>Den ene sultne pige fik en huevos rancheros - tortilla med spejlæg, bønner, salsa, gedeost og grønt på toppen. Den var god, blev der sagt. Den anden fik dagens fisk, som var en noget mindre tortilla med salsa, stegt rødspætte, godt m smør, og lagt på en guacamole der var tiptop. 130 bobs per anretning, og det synes jeg sgu var i overkanten. Især rødspætten var teenytiny, godt jeg havde carbloadet til morgenmaden. Og så var den branket lige rigeligt, det skal helst ikke være sort, men det var det altså. Såeh, der skal lige strammes op, hvis ikke priserne skal sættes ned, det ku man jo også overveje. <br><br>Vi skyllede efter med en garganega fra trebbiano veneto, og den smagte bare af mere, så den kan man roligt investere i. 75 per glas, tror faktisk det var den billigste på kortet, og det er altså et flot niveau! <br><br>Stemningen er lidt som man må forvente sådan et sted, I ved, det er mænd med slacks og kvinder med designertasker, og det er måske også der vi finder svaret på prisniveauet. Betjeningen er lidt mere loose end klientellet, og der synes jeg faktisk var forfriskende. Men det ville være meget forkert at sige at viben var afslappet. Måske det er et godt sted at tage på en akavet date, i dont know. <br><br>6/10 🌮 for tortillamadder, det smagte fint nok<br>2/10 💸 for prisniveau, det hænger altså ikke sammen<br>10/10 🍷 for vin og der er MASSER at vælge imellem. <br><br>Svært at rate stemningen derinde, for det kommer lidt an på hvad man er til. Men altså, det er måske sådan et sted man kan tage en business lunch, hvis man vil vise sig lidt, og så kan man jo selv vurdere om det er en fed vibe eller ej 🙃.  https://www.instagram.com/p/CF67oRbhqtn/?utm_source=ig_web_copy_link]]></description>
      <styleUrl>#icon-1899-9C27B0</styleUrl>
      <Point>
        <coordinates>
          12.5856447,55.6873288,0
        </coordinates>
      </Point>
    </Placemark>
    <Placemark>
      <name>La Tre Street Kitchen</name>
      <description><![CDATA[YES! Ny vietnamesisk favorit 🥳 I vores søgen på den perfekte søndagshapser kom vi lidt random forbi @latrestreetkitchen på Studiestræde. En lillebitte biks, men wow for en god beslutning at lægge vejen forbi dér. Ik nok med at maden holder 100, folkene bag disken er også de venligste jeg har mødt i kbhs madverden i virkelig lang tid, og ja, jeg fik instant lyst til at komme tilbage. <br><br>Der er plads til 4 siddende i vindueskarmen, så man kan self købe take-away, men hvis du kan, så slå dig ned og nyd maden mens du får dig en god snak om maden og life in general, det kommer du i hvert fald ikke til at fortryde. Alt er hjemmelavet, og det bliver kun bedre af at få historierne med 🧡<br><br>Vi fik friske forårsruller med tempeh - wow my god en god tempeh!! Dén kan man også få for sig selv friteret, det skal jeg helt sikkert prøve næste gang. Sygt god peanutsauce. Så fik vi stegte ruller, som var helt perfekt stegte og IGEN med en overdrevet god dyp, som jeg tror var noget fiske/chili noget. Kæmpe yummy. Og så en fried chicken med hvidløg/sesam mayo, der ledte tankerne hen på goma dressing, bare bedre!! Seriøst det var divine. Hvordan kan man lave SÅ gode dips? Og SÅ god mad? Begejstringen vil ingen ende tage #blessed <br><br>Det blev kun bedre da vi smagte deres hjemmelavede kombucha med ingefær, lime og gurkemeje - WOW! Den skylder man sig selv at prøve!<br><br>Og og og for det ik skal være løgn, så pakkede de lige en lille pose popcorn overtrukket med en slags dulce de leche til os, da vi var på vej hjem, der kneb jeg næsten en lil tåre. <br><br>10/10 🍗 for hapsere, det er officielt mit nye go-to snackattack sted. Ik flere slatne dumplings, nu skal jeg bare herhen og smovse crispyness med verdens bedste dips<br>10/10 🧃for hjemmelavet kombucha, så sygt god<br>10/10 🧑‍🍳 for mennesker der gjorde min søndag tiptop perfekt 🥰 <br><br>❤️❤️❤️❤️❤️❤️❤️❤️<br><br>Hov EDIT! Glemte fandme helt at sige at det også er billigt. Mega value for money!!! ✨✨✨. https://www.instagram.com/p/CF-Qs__hBTj/?utm_source=ig_web_copy_link ]]></description>
      <styleUrl>#icon-1899-9C27B0</styleUrl>
      <Point>
        <coordinates>
          12.5704284,55.6790053,0
        </coordinates>
      </Point>
    </Placemark>
    <Placemark>
      <name>Voulez-Vous ?</name>
      <description><![CDATA[Regnen kommer og vi har totalt udrejselængsel, så vi gæstede @nicolas_vahe s lil bistro @voulezvous_by_nicolasvahe til en boozy lunch og en tur til Frankrig 🇫🇷🇫🇷🇫🇷🇫🇷🇫🇷🇫🇷<br>der var 2x dagens ret og dem hoppede vi selvfølgelig på, første servering var hjemmelavede pølser med fantastisk sennep og en skål kartoffelmos/confit de canard/salat (hvem blander kartoffelmos og salatblade???). Pølserne var fine men blegnede ved siden af den BEDSTE kartoffelmos vi nogensinde har smagt. Hands Down, vi er et land med kartofler men mon dieu de kan noget derinde- er det smør? Fløde? Begge? I dont Care jeg var i himmelen. Patate divin!! Må tilbage asap 😇😇😇 pige nr 2 fik en GUDDOMMELIG boeuf bourguignon med det lækreste oksekød og den vildeste umami rødvins sovs wow bliver helt foodgasmic af at skrive om den. Hertil mere af den fantastiske kartoffelmos! Og nogle vidunderlige smørstegte svampe. <br>Oh My gooood det var simpelthen så hjernedødt på den salte måde fransk mad bare ER. Spiste det hele og var helt færdig bagefter men så lykkelig. <br>Vi fik 2x glas vin hver som de boozy bitches vi var og forlod lidt tipsy og til tonerne af edit piaf og endnu mere længselsfuld efter en petit tour til Paris 💔<br>MEN. og dette er et hjerteskærende stort minus i vores ellers vidunderlige besøg i mini Frankrig. Vi kom to piger og bestilte mad som de eneste i restauranten. Leveringstid: 45 MINUTTER. not okay! Og især ikke til en frokost servering?? Hvad har de mon lavet ude i køkkenet? Ik ok, så giv os i det mindste et gratis glas vin eller brød whatever. Lidt for laissez faire til vores danske standarder. <br>🥔 10/10 wow wow wow men må lige tilbage og smage noget mere af menukortet<br>🍷 7/10 Les vin rouges var billig og tung og perfekt til maden.<br>🕝 2/10 depechez vous, det var sgu for slattent. <br>Bonus: kæmpe hyggefaktor i vindueskarmen med lys i flaske og toilettet med små tegninger af franske klassikere. Tres sødt.  https://www.instagram.com/p/CGCcjobhyVk/?utm_source=ig_web_copy_link]]></description>
      <styleUrl>#icon-1899-9C27B0</styleUrl>
      <Point>
        <coordinates>
          12.5692539,55.6788637,0
        </coordinates>
      </Point>
    </Placemark>
    <Placemark>
      <name>Falafel Factory</name>
      <description><![CDATA[WELL.. I WAS HUNGRY. <br>Vi var sultne efter arbejdet og rygtet siger at byens (eller nørrebrogades) bedste falafel pusher er @falafel_factory_cph <br>Omringet af cykler i ægte københavner stil men fik et vinduebord relativt tidligt. Maden blev serveret hurtigt og de var super søde. <br>1. IKKE en pita?? Ved ikke lige hvad jeg havde forventet men sandwichen var enorm og med fire måske fem falafeler i? Selv for denne sultne pige var dette noget af en mundfuld #justsaying <br>2. Klart mere Health vibes end længere nede af gaden da vi fik pommes med hummus til??? Og den mindst chili spicy chili jeg længe har smagt. Lækker nok, men tættere på ROMEsco end chumchum i min bog. (Fik dog en latterlig spicy frokost så måske er smagsløgene stadig slået ud)<br>Falaflerne i sig selv har super lækre med masser af krydderier og smag men sandwichen havde ikke samme snask faktor som jeg måske forventer af friture stegt kikærte ball madder. <br>🍴7/10 lækkert! Klart en mere helse mad end jeg er vandt til. Gode fritter. Stor sandwich!! Kunne måske godt dele en menu. Ps hvor er mayoen???<br>📏 10/10 god indretning, plads til mange. Der kom endda et Wolt bud uden vi lagde mærke til det hvilket er imponerende på så små kvadratmeter. Der var også et træ ved siden af os 🌳 logistisk indretning til ug<br>🌶 1/10 selv min midtjyske papfar kunne spise den her uden koldsved på panden.   https://www.instagram.com/p/CGDPIJMhHpg/?utm_source=ig_web_copy_link]]></description>
      <styleUrl>#icon-1899-9C27B0</styleUrl>
      <Point>
        <coordinates>
          12.5546362,55.6904786,0
        </coordinates>
      </Point>
    </Placemark>
    <Placemark>
      <name>Pluto</name>
      <description><![CDATA[Åbenbart spiser folk ikke så meget ude som vi gør for restauranterne kæmper og prøver nye tricks for at lokke kunder i biksen. Pluto kører en insta kampagne på billig mad og drinks til nette 400kr på en hverdag og spise skulle vi jo så afsted med os! 🏃‍♀️<br>Velkomstdrinken var ubestemmelig og virkelig dårligt blandet (90% sprut i bunden, multi juice i toppen) og blev serveret uden forklaring. Weird flex but okay?<br>Første ret var BRØD - seriøst? Og smør der var så koldt at vi prøvede at tø det op med stearinlyset. Come on altså. De var bælgmørkt så kørte 100% madblogger stil med blitz (så pinligt) men ingen lagde mærke til os. Forretten var en god men intetsigende hummus - hummus skal fandme være i skabet hvis du serverer den på resto siger vi bare og der skal smæk på krydderierne! Denne var vitterligt bare tilsmagt med salt, persille sauce og deep fried kikærter, hertil fil vi fem salatblade under et bjerg af pecorino med skinke til. Ikke umiddelbart noget at skrive hjem til og vi fik også hvidvinen smækket på bordet uden præsentation. Jeg forstår du har travlt men jeg vil altså gerne at du fortæller mig hvad jeg spiser og drikker 🙁 next up var deres berømte ande croquetter som var tørt som Sand And er jo en lidt vovet fugl da den meget nemt oversteges så de fleste serverer en dyppelse af en art for at maskere. No such luck here. <br>Hovedretterne var klart det bedste med en virkelig lækker rigatoni m salsiccia+palmekål skal prøves derhjemme, og en oksefilet med kål og croutoner. <br>Desserten var sygt weird - marengs med en kaffe creme der ikke smagte af noget og så en kold rødgrød i en støbejerns stegepande??? What? Virkede meget tilfældigt sammensat? Er rødgrød ikke mere en sommerting? <br>Plus på aftenen var tjener nr 4 som hældte enorme glas rødvin op til os flere gange men alt i alt en ret ligegyldig aften. <br>Sorry! Hvilket egentlig gør mig lidt sad for jeg synes sgu Pluto var/er et fedt sted. Måske ramte de bare ved siden af på Wine bar ugedag konceptet. Ærgerligt bærgeligt!<br>🍴5/10 kedeligt<br>🍝7/10 pastaen får sin egen kategori for den stak virkelig ud <br>🍷7/10 fin hvis vi vidste hvad det var???<br>💡1/10 ikke et sted for folk der har svært ved at se i mørke.    https://www.instagram.com/p/CGIFZG3B23p/?utm_source=ig_web_copy_link]]></description>
      <styleUrl>#icon-1899-9C27B0</styleUrl>
      <Point>
        <coordinates>
          12.5851922,55.68359,0
        </coordinates>
      </Point>
    </Placemark>
    <Placemark>
      <name><![CDATA[Andersen & Maillard]]></name>
      <description><![CDATA[Begge piger vågnede op på Nørrebro og var sultne så vi besluttede os for at ramme endnu en morgenmads Darling @andersenmaillard 🥐<br>Jeg havde lidt tømmermænd efter Pluto fadæsen så vi kørte en klassisk surdejsbrød med virkelig god (gammel knas måske?) ost WHIPPEd bUTTER og sygt lækker solbær marmelade samt en hjernedød panini der var det perfekte kombi måltid til de to treo der svømmede rundt i mavesækken. Tjek lige hvor glinsende det brød er jo. <br>Ved siden stod en strategisk genialt placeret glasmontre med alle de kager man kunne få, vi sprang på mandel croissant klassikeren og den skuffede på ingen måde (selvom jeg personligt er mere til @democraticcoffeebar i Krystalgade). Kaffen er fantastisk ik så meget at tilføje der!<br>Det er et stort lokale med mange Apple computere drysset omkring men hvis du kan score dig et vinduesbord er det genialt til people watching. Lidt smart stemning på indre Nørrebro måden. <br>BONUS: der er gratis vand + danskvand i haner. Helt fantastisk jo. Vi elsker danskvand og har et religiøst forhold til vores sodastreams så at man kan tage alt det man vil er en kæmpe vibe<br>🥪 9/10 for chruncy og fedtet morgenmad<br>🥐 8/10 wow en heavy hitter med meget fyld. Eneste anke var at lagene i dejen forsvandt lidt<br>☕️ 9/10 men ville ønske filter var lidt billigere<br>💦 10/10 for gratis danskvand <br>❄️ 2/10 deres insisteren på åbne døre og vinduer var lidt i overkanten. Vi er trods alt i oktober <br>KÆMPE ANBEFALING 🌟.  https://www.instagram.com/p/CGKPMaCBCxI/?utm_source=ig_web_copy_link]]></description>
      <styleUrl>#icon-1899-9C27B0</styleUrl>
      <Point>
        <coordinates>
          12.5550886,55.6904896,0
        </coordinates>
      </Point>
    </Placemark>
    <Placemark>
      <name>Nansensgade Nr. 30</name>
      <description><![CDATA[Lille lørdagsmiddag på @nansensgadenr30 YES YES YES. Det er som om det sted er gået lidt under radaren for kbhs hippe klientel, eller måske der bare er mig. Men altså, de fortjener kæmpe hype, kæmpe vibe. <br><br>Lidt en disclaimer, men havde altså spist kæmpe frokost + den der overdådige lemon meringue, så var ik ligeså sulten som normalt. Normalt havde jeg godt kunne fyre en ret eller to eller tre mere ned, især fordi det var så lækkert. <br><br>Vi startede med at tjeneren valgte en vin til os, og den var intet mindre end PERFEKT og endda til at betale - en orangevin fra Napoli, kan ikke huske navnet, men den var fresh og fruity, gled lige ned og self skulle vi have mere. <br><br>Lækkert brød og godt med salt i olien, og så kørte vi svampetoast og grillet kylling. WOOOOW for en svampetoast, altså kombien af svampe, fløde og brød går man jo aldrig galt i byen med, men sjældent har retten præsenteret sig så flot. Og duften!! Jeg sad i lang tid og bare nød flødearomaen i min næse, så skøn måde at starte et måltid på. Det gik faktisk igen ved kyllingen, jeg husker ikke tidligere at have haft så stor optur bare over at dufte til en servering. Mmmmmm. Kyllingen var perfekt tilberedt, dejlig saftig, men kunne godt have brugt lidt mere hvidløg hvis du spørger mig. <br>Sluttede af med æbledesserten, seriøst en god saltkaramel, og smagene var overdrevet lækre sammen, og det selvom jeg rynker lidt på næsen når nogen siger earl grey. Det plejer jo at være verdens kedeligste smag, men det fungerede sgu til perfektion sammen med det andet. Prøv den. <br><br>10/10 🍞 for maden, den holder altså bare derinde <br>1000/10 👃for duftene, det er jo halvdelen af måltidet, og jeg ved ik hvordan de gjorde det, men det var det første jeg bed mærke i, da de varme retter blev serveret. #blessed<br>10/10 🍷vin<br>Fuld plade sgu. Og ja, priser w matcher niveauet synes jeg. Vi ses helt sikkert igen.   https://www.instagram.com/p/CGQCDmhBWfJ/?utm_source=ig_web_copy_link]]></description>
      <styleUrl>#icon-1899-9C27B0</styleUrl>
      <Point>
        <coordinates>
          12.5634123,55.6820049,0
        </coordinates>
      </Point>
    </Placemark>
    <Placemark>
      <name>Gorilla</name>
      <description><![CDATA[Vi bakker naturligvis op om restauranternes initiativer her under coronatimes, og da @restaurantgorilla inviterede på 400kr med det hele sagde vi JA TAK og glædede os til en aften med velkomstpitcher og det hele. Skal du gøre det samme? Naah maybe not. Maden ok, vinen ok, og det er jo OK, men det er bare ik et hyggeligt sted. Æv. <br><br>Lad os starte med alle deres bakken vibes. Altså den bakken der ligger lige ved siden af og som vi drak os stive på dengang vi havde studenterhuer på (og jaja måske lidt senere også. RIP) At vi blev mindet om vor guldalder udi kampdruk skyldtes både at der er et toilet med 2 kummer, whaaat, men også fordi vores velkomstpitcher var svag og for sød. Vi ville hellere have haft et ekstra glas vin. <br><br>Dernæst fulgte 4 hold serveringer a seks retter. Først en asiatisk ceviche af hvid fisk med agurk, sesam og koriander ÆGTE GOD START, men super wierdo at servere den samtidigt med en tartar? Den var rørt med for meget mayo, og toppet med grønne tomater og en basilikum panko. Det smagte faktisk nærmest kun af basilikum. Alt for meget gøgl på den tartar. <br><br>Næste omgang var pasta m oksekæber, ost og gærskarkerner. Self ik hjemmelavet, men det havde vi heller ik forventet. Kødet var sådan underligt one inch cube perfekt skåret, så altså, vi mistænker det lidt for at blive leveret sådan, og ikke være skåret ud i køkkenet. Men det var mørt og det mættede. <br><br>Så kom der tyksteg med rødbede og glace, serverer sammen med en edamame falafel og tahinsauce - igen en WTF oplevelse af sammensætning. Kødet var sygt godt, samme med glace. Falafel behøver man ik putte edamame i. Seriøst lad være med at fucke med falafel. <br><br>Desserten var blommer med jordbærsorbet m blommeglace og en vanille ganache plus knas. Virkede ret sådan hva-har-vi-lige-i-køleren-agtigt, og ærligt den der sorbet smagte af smagsforstærke. <br><br>5/10 🥫 for mad der var kun ok og underligt sammensat. God ceviche og tyksteg dog. <br>2/10 🕯 for stemning. Ik hyggeligt<br>Havde ondt af tjenerne faktisk 😢<br><br>Og så bliver vi nødt til at slå hårdt ned på at klemme så mange mennesker ind. Og at 2 andre sultne piger fik serveret deres pasta MENS DE VAR UDENFOR. Are u fucking kidding me? <br><br>Såeh sorry not sorry 🤷‍♀️.   https://www.instagram.com/p/CGSW0hdheBc/?utm_source=ig_web_copy_link]]></description>
      <styleUrl>#icon-1899-9C27B0</styleUrl>
      <Point>
        <coordinates>
          12.5610469,55.6679421,0
        </coordinates>
      </Point>
    </Placemark>
    <Placemark>
      <name>Heaps Good Café</name>
      <description><![CDATA[Australian brunch er jo nærmest en madkategori for sig, og da @heaps.good.cph var First mover i DK tænkte vi at det ville være perfekt til en efterårsferie morgenmad. <br>Virkelig hyggelig indretning i det meget lille lokale, der er ingen væg mellem køkken (mere om det senere). Vi bestilte æg og en stuffed croissant - ENORM mængde mad. Ihvertfald mere end hvad jeg plejer at spise (disclaimer - havde en gæste mand medspiser med og han var lige så overvældet som jeg). Se billede af hvor meget vi levner som vi ellers hader! Maden var super lækker, sejt med turmeric eggs og palmekål men det var svært at skære igennem brødet :( sygt god og stærk kaffe til gengæld. <br>Croissanten var fyldt med raclette ost og skinke hvilket i teorien var lækkert men for mig personligt blev alt for meget fedt med fedt på. Vi sad begge og havde lidt åndenød efter tre mundfulde :(<br>🍴 7/10 super lækkert men hårdt at starte dagen på. Tag herhen til frokost i stedet. Evt kør steak bestik hvis der er så meget der skal skæres igennem<br>☁️ 1/10 vi STANK af friture da der skulle tilberedes så meget mad i det lille rum. Sindssygt ærgerligt at det forstyrrede vores oplevelse så meget.<br>💸 240kr for en lille og stor morgenmad + 3x kaffe.    https://www.instagram.com/p/CGXPWZahwzE/?utm_source=ig_web_copy_link]]></description>
      <styleUrl>#icon-1899-9C27B0</styleUrl>
      <Point>
        <coordinates>
          12.5570906,55.6964825,0
        </coordinates>
      </Point>
    </Placemark>
    <Placemark>
      <name>Corsa Pizza Østerbro</name>
      <description><![CDATA[WHO says food and fashion don’t mix? @w00dw00d Karl oskar og midt-price-range resto kongerne @cofocodk har udvidet deres pizzaeventyr efter Brygge succesen, og nu hvor vi ikke skulle over nogen broer var vi KLAR. <br>Bordet var til gengæld ikke da vi kom men vi blev parkeret med spritz+oliven on da House, god stil. Vi kom ind 7 min efter så hurtigt videre til forretten som var artiskok med noget krydderurte olie virkelig lækker den skal i bare køre med. <br>Vi er HELT SOLGT på mortadella og pistacie spinat hvid pizza det er fandme en vibe! Meatball pizzaen var god men der var altså ikke nok meatballs på, der skal mere på hvis den skal markedsføres sådan. Der er en fuld montre @sicilianskis så som rigtige insiders fik vi lige hustlet en hjernedød affogato ❤️❤️ stort plus. <br>🍕 7/10 fine pizzaer lidt dyre måske <br>🍦 10/10 fantastisk dessert<br>🛵 2/10 forstyrrende Wolt leveringer<br>🛍 10/10 Corsa merch sokker til 30kr oven i regningen<br>💸 300 i alt men vi fik drinks gratis.   https://www.instagram.com/p/CGaTnwPh2Go/?utm_source=ig_web_copy_link]]></description>
      <styleUrl>#icon-1899-9C27B0</styleUrl>
      <Point>
        <coordinates>
          12.5792009,55.6978844,0
        </coordinates>
      </Point>
    </Placemark>
    <Placemark>
      <name>La Pentaque</name>
      <description><![CDATA[Søndagsfrokosten blev creppet op med fransk dobbeltservering fra @lapetanque1362 - helt perfekt beliggenhed til eftermiddagssol! ☀️ og sweet at servere pandekager man godt kan spise 2 af, så man både kan få salt og sødt. Men der er anmærkninger, det er der altså. <br><br>Betjening er der ikke rigtig noget af, kun sådan til husbehov ish, altså du får da bestilt, og de bringer maden til dig. men der er ik megen hjælp af hente til menukortet der består af en paradox of choice mængde pandekager (både søde og salte) og en række franske favoritter som fx croques og løgsuppe. Og så ventede vi ret lang tid på maden, selvom der nærmest ingen gæster var ift kapacitet, og det kan da ik tage så lang tid at smække de pandekager sammen, så vi undrede os. <br><br>Vi fik lidt forskellige la traditionale style med æg, ost, emmentaler, skinke. Overordnet set var der sparret lidt på osten synes vi, og der manglede salt. Kør dem ind med sennep, de har den gode grovkornede hvis du spørger om den. Så blev der også serveret én med brie, bacon, sauterede æbler, løgkompot og valnødder - MUMS! Men skørt at de ik lige havde ristet valnødderne og fået lige lidt mere smag ind. Lidt dovent. <br><br>Vi fik at vide at alle pandekager kom med salat til - og der skal man så lige vide, at den består af 2 blade m vinaigrette. Cheap. Men du ka bestille en skål on the side. <br><br>Til anden omgang stod den på hvedepandekager: én med ahornsirup (svært at fucke up), én med saltkaramel og æbler (god) og så en klassisk crepe suzette. Sidstnævnte fuckede de op! Den skal jo flamberes i brændende cognac, det skulle gøres fra en lille kobbergryde ved bordet, men servitricen lod den kun brænde i ca 3 sek, så alkoholen nåede på ingen måde at forbrænde. Smagte kun af alkohol, så med allerede 2 glas hvid nede (sauvignon blanc, helt ok) fik jeg sgu en lil buzz på. Normalt ingen problem, det var bare ik lige meningen i går. <br><br>6/10 🥞for pandekager. Vi kom ik hele vejen til Frankrig. <br>4/10 🤷‍♀️ for service. De lukkede fx også ned uden at fortælle os at det var ved at være tid. Derfor lukkestemningsbilleder indefra. <br>8/10 ☀️ for beliggenhed i sol og afskåret fra trafik, men gårdsangeren fra Israels plads slipper du sgu ik for.    https://www.instagram.com/p/CGhw3wfBG2P/?utm_source=ig_web_copy_link]]></description>
      <styleUrl>#icon-1899-9C27B0</styleUrl>
      <Point>
        <coordinates>
          12.5680249,55.6836255,0
        </coordinates>
      </Point>
    </Placemark>
    <Placemark>
      <name>Bar Pasta</name>
      <description><![CDATA[Carbcravings på en kold og kedelig regnvejrsaften fik os på pasta/rødvins tanker, og vi tænkte at @barpastacph nok ku’ hjælpe med the efterårs blues. Ret fair ala carte priser inkl. drikkevarer lander dig på ca. 400 kr pr næse, man kan også vælge en tasting menu med 4 mindre portioner til 250 kr (dog ikke med dessert.)<br><br>Et glas nebbiolo og en italiensk fadøl var med til at sætte gang i Carbopalloozah. Lækkert udvalg af vine pr glas og virkelig dejligt at se andet end standard Perroni på øludvalget.<br><br>Vores antipasti bestod af burrata svømmende i toasted græskarkerneolie. PUMPKIN SEASON YES! dejlig cremet (og lokalt lavet, dog ingen info om hvor), græskarkerneolien var så aromatisk og nøddet - glem alt om olivenolie, græskarkerneolie er det nye! Revet citronskal på toppen, nice touch. Så var der butter beans med muslinger og salsa verde - en overraskelse, man skulle ikke tro at muslinger, bønner og basilikums salsa verde passede så godt sammen, men shit, det gør de. <br><br>Dernæst fik vi vores pastaretter - en helt klassisk, no frills, linguine i tomatsovs med frisk ricotta. Rigtig god, men man kan ikke komme tæt på en ægte italiensk tomatsovs med tomater fra det kolde nord. Ricottaen var let og cremet, helt som den skal være. Ekstra point for et lille drys mandler på toppen. Lammeragouten havde masser af smag men desværre fik pastaen en tand for meget, minus point for at have misset al dente målet. Tror parpadellen var rullet for tyndt. <br><br>Man kan ik slutte sådan en cena fuori af uden en god gammeldaws tiramisu. Den kom på bordet i en lille atomsky af kakaopulver, det var for meget, man skal jo ik føle at man bliver kvalt i kakao. Marscaponen var pisket dejlig let og fluffy, som vi kan lide den, men ifølge menuen skulle den skulle være smagt til med kaffe og amaretto, det kunne man altså ik smage. Øv.<br><br>7/10 🍝 på maden. Mange points for antipasti, minus points for parpadelle uden bid og tiramisu uden kaffe og amaretto.<br>10/10 🪑 flot indretning og lækre farver. Nice detalje at man skal træde på en dims for at tænde for vandet i håndvasken, ligesom man gør i italien. Prego!    https://www.instagram.com/p/CGroRegBRU-/?utm_source=ig_web_copy_link]]></description>
      <styleUrl>#icon-1899-9C27B0</styleUrl>
      <Point>
        <coordinates>
          12.5431999,55.6962662,0
        </coordinates>
      </Point>
    </Placemark>
    <Placemark>
      <name>Isted Grill</name>
      <description><![CDATA[Legendarisk sted. Pre corona har Istedgrillen lagt hus til mange spændende oplevelser for de sultne piger. Spontane scoringer, næsten-slåskampe, et hav af mistede nøgler og så SELF en flæskestegssandwich til at tage med hjem i sengen, eller nyde on location, hvis man da kan stå oprejst. <br><br>Men verden har som bekendt ændret sig, og derfor befandt vi os på friturefavoritten en tirsdag aften. Suk. Og oplevelsen var da heller ikke helt det samme. <br><br>Kørte selvfølgelig flæsestegssandwich, både en med og uden bearnaisen, og den kan altså varmt anbefales at få proppet i. Ingen dikkedarer her, det er og bliver en solid burger - jeg savner på ingen måde ciabattaen fra Meyers, den er alt få hård at bide i. Og rigtige grøntsager, hVEm vil have det. Næh nej, denne bløde, e-nummer version den glider lige ned 😋 ej jeg mener det faktisk, den smager lige som den skal, og flæskestegen er psyko sprød MUMS! Ku godt være lidt større, den er sådan lige for stor til at spise 2 af, men lidt for lille til at blive mæt af én. <br><br>Men fritterne. De var sgu ikke gode. De var nærmest paneret i salt, det lå som panko udenpå dem. Way too much. Den ene sultne pige skar ansigter og holdt sig til sin burger, den anden puttede bare ekstra chilimayo på. Så var der alligevel en grund til, at vi kun har været der post kampdruk... <br><br>8/10 🍔 for burgers. Og hvis du er i desserthumør så prøv den friterede camembert (satser på den stadig er amazing, selvom vi ik fik den ædru-testet)<br>3/10 🍟 for fritterne. Very very salty<br>5/10 🌶 for chilimayo. Er vi sikre på det ik bare er paprika mayo måske? Hmmm<br>10/10 🪑for indretning. Hurtig ind, hurtig ud, we like. Og flotte fliser faktisk. Hvis vi var madanmeldere på Politiken havde vi nok brugt et ord som “autentisk”, men det er vi ikke, så vi siger bare NICE.   https://www.instagram.com/p/CGzlriWhUAB/?utm_source=ig_web_copy_link]]></description>
      <styleUrl>#icon-1899-9C27B0</styleUrl>
      <Point>
        <coordinates>
          12.5526001,55.6691676,0
        </coordinates>
      </Point>
    </Placemark>
    <Placemark>
      <name>Les Trois Cochons</name>
      <description><![CDATA[Mine medspisere krummede tæer men er blevet helt ufølsom overfor pinligheden af blitz billeder i restauranter nu. Ups. <br>Les Trois Cochons er nok den mest besøgte @cofocodk restaurante i mit umiddelbare netværk og klart det mest fotograferede. Indretning er moderne fransk bistro men denne aften var der lidt tomt så rummet virkede lidt for stort og rungende. Point for Aesop på toilettet dog. #fancy <br>Alle kører menuen family style hvor vi startede med kedelige ansjoser, ligegyldige artiskok pure kopper og en flot tilberedt men ret smagsløs aubergine (ellers min yndlings og virkelig nemt grøntsag at få til at smage af meget) 🍆🍆<br>Vi fortsætter med virkelig lækre jomfruhummere, en “ret” af romaineblade/creme/parmesan og mini blinis med fake caviar. <br>Hovedretten var poussin (mini kylling) spm var fyldt med noget persille souffle agtigt? Butternut squash og palmekål. Desserten Var noget kage hejs der var totalt forglemmeligt. <br>Altså der er jo ikke rigtig nogle kritik punkter andet end at maden bare var lidt.. kedelig? Smagte fint men ikke af mere og var lidt for safe til at jeg ville prioritere at spise der igen over en ikke-kæde der har lidt mere på spil. <br>Betjeningen var lidt sløv ifht drikkevarer hvilket var lidt weird på en halvtom aften. Tror måske det er et meget fint sted at tage hen med store selskaber men til 330 Per person ville jeg personligt vælge noget andet. Måske kører de så stor service at al maden helst bare skal være lidt ufarlig/laveste fællesnævner? Vi kan ikke helt regne den ud eller forstå det. Skal mad ikke være lidt spændende - eller ihvertfald forsøge???<br><br>🦐 6/10 for maden. Smagte fint men kunne ærligt nok sagtens lave det derhjemme uden de store problemer<br>🧻 8/10 sygt cute toiletter<br>🥰 6/10 for service der var fin men også upersonlig og lidt for langsom og skyndt på samme tid hvis i forstår?<br>💸 330kr for en menu, billigste vin 350 ca. <br>PS - har hørt virkelig gode ting om deres morgenmad! Måske prøv det i stedet.   https://www.instagram.com/p/CG4qFrLBcCK/?utm_source=ig_web_copy_link]]></description>
      <styleUrl>#icon-1899-9C27B0</styleUrl>
      <Point>
        <coordinates>
          12.5499936,55.6738561,0
        </coordinates>
      </Point>
    </Placemark>
    <Placemark>
      <name>Restaurant Tokyo</name>
      <description><![CDATA[Ovenpå 7/11 ligger byens (landets? skandi?) ældste japaner @tokyo.copenhagen som serverer No nonsense mad til billige priser. Vi kørte menuer som startede lidt semi ud med blandede kolde forretter, sød omelet bønnespirer en mega weird fish cake som smagte lidt af nuggets? Chicken of the sea? <br>Miso suppen var retti god og surkål salat også virkelig god og meget sur. Jeg fik et bjerg af kød som blev tilberedt på bordet i en jerngryde. Ret sejt og vildt at det skrumpede så meget. Sulten pige 2 fik grillet makrel som var lækker men samtidig også ret kedelig. +ris. Savnede grøntsager eller mere sovs men det får man jo ikke rigtig i Japan cuisine. Tempura grøntsagerne var yummy og sashimien var out of this world HJERNEdød tun!! Tilbage og spis den 100% igen. <br>Afslutning var så vild seriøst - vi fik en platte blandede chips fra netto?? Dertil is m chokosovs+vaffel, som taget direkte fra guldbryllup i Ikast. Manglede kun hyggepianisten. Wow. Kæmpe vibe vi ikke var overbevist om. Vi skyllede ned med sake og masser ichiban. Lad være med at købe husets hvidvin selvom den kun koster 45 bobbys. <br>Stemning til gengæld var fantastisk husk pæne sokker vi sidder på gulvet og havde det helt autentisk. Virkelig hyggeligt!! <br>🐟 10/10 for sashimien alene WOW<br>🥢 6/10 for maden all in all, lidt whatever til gengæld ok billigt?<br>🎏 9/10 for hvor mega hyggeligt og tidslomme det var, virkelig unikt for en kbh restaurant der ik serverer smørrebrød. <br>🥰 7/10 personalet var så søde men også helt forvirrede <br><br>Vi kom af med ca 320ish Per person tror jeg nok, vi var ret mange sultne piger af sted, og ka ik huske hvem der tog regningen.    https://www.instagram.com/p/CG-CUJKBJGP/?utm_source=ig_web_copy_link]]></description>
      <styleUrl>#icon-1899-9C27B0</styleUrl>
      <Point>
        <coordinates>
          12.5493964,55.6725188,0
        </coordinates>
      </Point>
    </Placemark>
    <Placemark>
      <name>La Perla</name>
      <description><![CDATA[Det ka godt være at verden er grå og kold og generelt en KÆMPE FUGLY BITCH, men så er det godt man kan hygge sig in italiono til ingen penge næsten. Tag og besøg Spaghetteria La Perla på Landemærket lige v runde tårn. Vi havde det ægte som om vi var på en lil trip to gluten heaven, og det for kun 630 kr WOW. <br><br>Kørte antipasti først, fik nærmest en hel buffet af lækkerier. Kæmpe value 4 money. Highlights på osten, laksen, artiskokkerne, chorizo og parma. Vittelo lidt boring, men altså det gjorde ingenting, all in all bare syggo godt. <br><br>Derefter bolo og carbonara, begge godkendt, men carboen smagte lidt af fløde, det er sguda ik meningen. Gled lige ned alligevel. <br>Især med husets rødvin, sygt god. <br>3 gange brødopfyldning uden problemer WE LIKE. Og så var brødet sååå godt. Deres olivenolie er også divine. <br><br>8/10 🍝 for maden. Fuldstændig som at være i Italien, selvom de havde kogt pastaen lige 30 sek for længe til vores smag. <br>10/10 🍷 for husets rødvin<br>1/10 🎶 for at vi ik havde noget soundtrack til vores dinner. Bluetooth problemer, fik vi forklaret, men vi savnede fx lidt eros ramazotti.   https://www.instagram.com/p/CHAtlKkhS3f/?utm_source=ig_web_copy_link]]></description>
      <styleUrl>#icon-1899-9C27B0</styleUrl>
      <Point>
        <coordinates>
          12.5770076,55.6826077,0
        </coordinates>
      </Point>
    </Placemark>
    <Placemark>
      <name>District Annam</name>
      <description><![CDATA[Tom køler på office betød at de to sultne piger bevægede sig mod @districtannam, den der ved siden af Grand bio, der engang var en @districttonkin. De prøver at være lidt mere fine dining agtig med vinglas på bordene og lidt højere priser, men maden er der ikke umiddelbart pillet så meget ved. Vietnamesisk som vi kender det, ikke de store overraskelser på menuen. <br><br>Vi prøvede både en bahn mi (traditional) med den der svine-pate-pølse-ting, pickle grøntsager, toppet med masser af koriander. Den var god! Mega sprød baguette, thats how we like it, og lækker sovs indeni. Ingen anmærkninger. <br>Så fik vi et par veggie ruller til, der var virkelig god smag i, og sur/sød sovsen også godkendt. Læks lille snack. <br>Og så en nuddelsalat med dampet tofu. Her savnede vi altså noget smag. Ved ik hvad det var med den tofu, men det var som om den havde ligget i en grøn lage af en art? Var i hvert fald grøn på kanten, og smagte på en eller anden wierdo måde af grøn the, måske det bare var øjnene der smagte. Anyways, det undrer mig at de ik lige steger den, måske bare for at gøre den liiidt spændende. I like my good fried, u know<br><br>Så altså, det var bestemt ikke en dårlig oplevelse, men det er heller ik ligefrem en af dem, som vi kommer til at tænke længselsfuldt tilbage på. Ikke den store opfindsomhed på menuen, heller ikke de største smage at komme efter. Savnede salt. Men nogle gange er det fino, når der bare skal noget indenbords, så man kan komme tilbage på kontorpinden. <br><br>Lidt wierdo at den første kommentar vi fik fra vores servitrice ikke var et “hej”, men en kommentar om at de altså plejede at skulle seate, fordi vi selv havde fundet vej til er bord i den næsten helt tomme restaurant. Da vi spurgte om vi kunne blive siddende, var det nemlig helt fint, så dont really get the attitude?? Udover det var betjeningen sød og venlig, lidt langsom, men vi har forståelse for mindre bemanding her i corona times. <br><br>6/10 🥗 for maden alt i alt. Ingen anmærkninger men heller ingen wow. Til 125 bobs per person må man godt forvente lidt mere, synes jeg <br>8/10 🥬 for veggie ruller, sygt god snack<br>Ekstra point for at spille en sang på muzakplaylisten fra Crazy Rich Asians soundtracket.    https://www.instagram.com/p/CHIdT7bBakO/?utm_source=ig_web_copy_link]]></description>
      <styleUrl>#icon-1899-9C27B0</styleUrl>
      <Point>
        <coordinates>
          12.5704719,55.676959,0
        </coordinates>
      </Point>
    </Placemark>
    <Placemark>
      <name><![CDATA[Bøf & Ost]]></name>
      <description><![CDATA[Du vil ha læ, du vil ha varmelamper, måske du er sulten, hvor tager du hen, @boefogost self. Hotspot for de udeserveringsglade midt på gråbrødre torv. Gik vi glade derfra? Nja, almost. <br><br>Største skuffelse er altså, at restauranten ik behandler deres personale godt. Det er SYGT DÅRLIG STIL at have en enkelt stakkels medarbejder på arbejde til en fulde huse udenfor og selskaber indenfor. Hva sker der. Hun gjorde virkelig hvad hun kunne, kæmpe respekt, men oplevelsen blev jo derefter med lang ventetid, glemte retter, stress og jag og øv-følelse. Så lad være med at tage derhen hvis du er in a hurry. <br><br>Du kan til gengæld godt tage derind og spise tartar, som 2 af de 3 sultne piger bestilte. Den er listet som forret på menuen, men består af en gavmild portion + fritter + mayo + brød WOW, rigeligt til hovedret. Det smagte herligt, value for money, vil jeg sige. Den sidste sultne pige kørte en klassisk bøf bearnaise, ik så meget fis her, det smagte også som det skulle. <br><br>Vinene var OK. Startede med den hvide, som vi nåede at drikke færdig inden vi fik bestilt maden, så der måtte en rød på bordet. Den hvide smagte sgu lidt billigt, den røde var fin nok, men sådan lidt whatever. Så ik så meget value for money der. <br><br>7/10 🥩 for kødmad. Fino fino, no surprises<br>5/10 🍷 for vino<br>10/10 ☂️ for at kunne sidde i varmen i ly for regn og blæst, det er altså et solidt setup!!!<br>0/10 😢 for ikke at have sat nok personale på. Vi har så stor forståelse for restauranternes udfordringer her i corona tiden, men det der var bare så tarveligt overfor personalet.    https://www.instagram.com/p/CHPs908BRJo/?utm_source=ig_web_copy_link]]></description>
      <styleUrl>#icon-1899-9C27B0</styleUrl>
      <Point>
        <coordinates>
          12.5759169,55.6796877,0
        </coordinates>
      </Point>
    </Placemark>
    <Placemark>
      <name>Bar La Una</name>
      <description><![CDATA[Det jo ik så lang tid siden vi havde en so-so lidt boring oplevelse på bevi bevi, men vi sku da lige prøve søsterbiksen @bar_la_una right next door. Og wow. Kæmpe anbefaling! <br><br>Startede udenfor, ville bælle trebbiano (sygt god køb den) til vores smøger in between serveringerne. Først fik vi en af de bedste polenta serveringer jeg nogensinde har smagt. Den var med ragu, og den var divine. Dertil et gavmildt fad charcuteri med kød og fedt der smeltede på tungen. Mums! Og friteret brød, stor LOL faktor på dén, fik lidt æbleskive vibes, men det smagte dejligt. <br><br>Den søde tjener sørgede for at seate os i baren for resten af aftenen, da de danske efterårsvejr stod lige ind under markisen og vi fik regnvand i vores trebbiano (gigantisk flaske i øvrigt, we like) - much appreciated! <br>Her fik vi agurksesalat med basilikum og rødløg, mega god kombi, fresh and crispy. Og en guddommelig salciccia!! Den skal I alle sammen spise. Der kom en lille hilsen fra køkkenet i form af en stegt bitter salat med hvidløg og chili. Så lækkert! Men gennem mundbindet ku jeg desværre ik forstå hvad det egentlig var for en grøntsag, men whatever, det var lækkert og mega god stil. <br>Desserten var 4 gange Amaro Montenegro til at toppe vores brandert, og så en trøffel trio der fik englene til at synge. So so yummy! <br>Props for flotte bolche lamper! Gad vide hvor man kan købe dem. <br><br>10/10 🥒 for maden. Sad lige i skabet<br>10/10 🍷 for vinen, seriøst, ind og bælle med jer<br>7/10 🕯for stemning og vibe. Lidt hektisk og travlt, men hygge indretning og seriøst verdens sødeste personale ❤️❤️❤️<br>1000/10 ekstra point for at lade os spille Chet Baker m Old Devil Moon da jeg spurgte, seriøst jeg elsker når tjenerne er friske på en lil request 🥰<br><br>Og nå ja, rundt regnet en plov per person, det sgu også value for money 💰💛<br><br>Ej okay EDIT kan se vi ik har betalt for desserten, @bar_la_una dm os lige hvis vi skal komme tilbage og fixe det! 😱 FYI kostede den 45 kr og var som sagt heavenly.   https://www.instagram.com/p/CHC6kB1BMOr/?utm_source=ig_web_copy_link]]></description>
      <styleUrl>#icon-1899-9C27B0</styleUrl>
      <Point>
        <coordinates>
          12.5502125,55.6679813,0
        </coordinates>
      </Point>
    </Placemark>
    <Placemark>
      <name>Barabba</name>
      <description><![CDATA[Oh yes @barabbacph det er ik sidste gang vi besøger jer. Fab mad og endnu mere fab vin. Lidt pricy men totally worth it ❤️<br><br>Vi startede med en hilsen fra køkkenet (elsker) - 2 små sprøde kugler, hvis indhold jeg ik kan huske, men perfekt til lige at kickstarte appetitten. Dernæst fik den ene sultne pige kalvebrisler - wow my god, kæmpe smag, kæmpe anbefaling - den anden fik tartar, også rigtig god. <br>Dernæst en gnocchi med svampe, som smagte lidt sært? Ved ik hvad det var, men der var noget besk og støvet i smagen. Til gengæld var jeg ved at falde bagover på stolen, ik kun fordi vi også fik verdens bedste rødvin til, men fordi min flydende parmesan ravioli var en af de bedste pastaretter jeg NOGENSINDE har smagt. Heaven!! Det er en lille ravioli, som man ikke skal skære over, men putte hel i munden, hvor den brister i den bedste smag af æggeblomme og parmesan. Aner ik hvordan de har båret sig ad med at få al den fluid ind i sådan en lille ravioli, men jeg er overordentligt imponeret. Helt seriøst, den skal I alle sammen prøve, i kommer til at dø af glæde. <br>Desserten var med hasselnødder og youghurt, hvid choko på toppen, den var også divine. <br><br>Alt i alt, jeg gik simpelthen så glad derfra. Især også fordi jeg både fik limoncello og en rundhåndet Fernet branca som skrub af drink. Me likey. <br><br>9/10 🍝 for mad. Men seriøst det ravioli den får 10000 ekstra point<br>10/10 🍷 for vin, tag lidt fra opsparingen og køb en 5-600kr derinde, u wont regret<br>7/10 💿 for stemning og vibe derinde. Lidt for lyst, men sygt godt soundtrack. Klientellet er lidt boring, og det er synd for tjenerne er super gode og ret lol. Vi havde det fab i hvert fald. <br><br>💃💃.  https://www.instagram.com/p/CHaJDOFBBMo/?utm_source=ig_web_copy_link]]></description>
      <styleUrl>#icon-1899-9C27B0</styleUrl>
      <Point>
        <coordinates>
          12.5864264,55.6827046,0
        </coordinates>
      </Point>
    </Placemark>
    <Placemark>
      <name>The Organic Boho</name>
      <description><![CDATA[Vi er helt desperado efter at komme ud af Danmark så vi tog et smut til ibizaaaa og mere specifikt @theorganicboho 🌴 for at få mad med blomster og sunshine vibes. <br>Vi kom til sen morgenmad og der var syg Bali stemning på kortet så vi gik efter en I AM RADIENT (seriøst?) acai Bowl dynget med blomster, kokos og peanutbutter. Smagte hjernedødt god og af alle de gode vitaminer. Wauw 🥰<br>Dertil the LOVE plate (seriøst de navne der) som var en helt sindssyg lækker blanding af salat, brød, dadelkugler, falafel, hjernedød gode sweet potato fries og krydret og stegt blomkål. det smagte så godt og umami og sundt! Alt weltsmertz og sortsyn forsvandt med det samme. Måske burde jeg spise flere grøntsager...?<br>Begge piger havde det helt optur og fyldt med energi efter vi havde spist, ikke noget gluten træthed eller oppustede maver. Vi var så glade.<br>Eneste anke er jeg synes sgu priserne var lige høje nok, selv for københavn. Indretning var fin nok bortset fra et gyseligt vægmaleri jeg ikke kunne få mig selv til at tage et billede af (sorry). Slap lige af kan vi ikke få lidt mere minimalisme og lidt mindre fjer-i-håret-namaste stemning?<br>Alt i alt godt alternativ til en traditionel brunch men lidt pricey. <br>🥝 8/10 virkelig lækkert og gode store portioner<br>💸 4/10 ærgerligt at priserne er så dyre for ville nok tage tilbage hvis det kostede lige 20% mindre? Der er så meget udbud i københavn at jeg sagtens kan få en dejlig morgen lige så glad men en del billigere... 340kr inkl 1 juice? 40kr for en Americano gad jeg simpelthen ikke betale.   https://www.instagram.com/p/CH0PcVUh2XN/?utm_source=ig_web_copy_link]]></description>
      <styleUrl>#icon-1899-9C27B0</styleUrl>
      <Point>
        <coordinates>
          12.5933734,55.6721419,0
        </coordinates>
      </Point>
    </Placemark>
    <Placemark>
      <name>Restaurant Kronborg</name>
      <description><![CDATA[Nogengange får man bare cravings efter smørstegt fisk så vi hoppede på cyklen og ned til @restaurantkronborg til en hyggelig “work lunch” 😇<br>Med hvid dug, musselmalet og en mere formel stemning er Kronborg en anelse finere på den end naboen Sorgenfri men vi havde for en gangs skyld taget skjorte på så passede lige ind!<br>Vi startede med fiskene. Lil pro tip - Kronborg laver den ubetingede BEDSTE smørstegte fiskefilet i kbh. Vi kalder den! (af hvad vi har smagt ihvertfald). Det er så juicy og delikat og åndssvagt lækkert, med hjemmelavet remo og brød på siden så du selv kan bygge dine madder. Sulten pige 2 fik dagens som var en frisk stegt sild med kartoffelsalat og noget persille olie tror vi..? Kan ikke huske, men silden smagte også fantastisk. Det burde man virkelig spise noget mere 🙏<br>Dertil klassisk fad og en jubilæumssnaps (altid godt) og vi svømmede tilfredse videre til efterhånden en fast gæst herinde - TARTAR og en hønse jeg glemte at tage billede af. Vi var ikke helt hooked på kødet der var lidt for finhakket til vores smag og endte med at blive lidt udefinerbart kødpasta. Men HØNEN. Perfekt afstemt mayo forhold, masser lækker pulled kylling og grønne asparges kogt lige så der er lidt bid men uden råkost fornemmelsen. Amazing. På toastet og smurt hvidt brød! Beautiful! Helt vidunderlig mad. <br>🍴8/10 tartaren trak desværre ned men alt andet sad lige i skabet. Vi skal garanteret tilbage og spise videre. <br>🥰 9/10 dejlige imødekommende og sjove mænd der vartede os op hele frokosten igennem. Whats not to like? Sværger at kbhs bedste service er på frokost restauranterne<br>🖼 10/10 der er jo KUNST på væggene! Vi genkendte et storm P maleri som vores ven har en plakat af derhjemme. Sikke et flex<br>💸 ikke helt sikker men madderne koster lidt Over 100 bobs stykket.  https://www.instagram.com/p/CHfJfxTh6UY/?utm_source=ig_web_copy_link]]></description>
      <styleUrl>#icon-1899-9C27B0</styleUrl>
      <Point>
        <coordinates>
          12.5745654,55.6777704,0
        </coordinates>
      </Point>
    </Placemark>
    <Placemark>
      <name>Punk Royale</name>
      <description><![CDATA[*DISCLAIMER*, 4 sultne piger har alle sammen kæmpe blackout fra i fredags, hvor vi fejrede livet på @punkroyale.copenhagen KÆMPE GIGANTISK ANBEFALING til både mad og feststemning. Og ja, det blev lidt vildt, vores hukommelse slutter i gennemsnit ved foie gras smiley retten, men vi fik taget noter undervejs (tror vi), så dem har I her. <br><br>vi troede, at alko-menuen var valgfri så derfor delte vi lige 3 flasker bobler inden vi tog af sted. Men på Punk Royale går mad og drikke hånd i hånd, så det endte med at blive en kæmpe aften. <br><br>Og er det så ærgerligt at brænde 1500kr af per person, når halvdelen af aftenen er totalt mørklagt? Fandme nej. Vi går derfra med minder om helt overdrevet mad og en fest, vi ikke har set mage siden pre corona. Så tiltrængt og SÅ sjovt. <br><br>Vi er ikke helt sikre på vi forstår hvorfor maden skal serveres i hundeskåle og askebægre, men altså man skal bare hengive sig til det, og prøve at følge med de 17 serveringer med nærmest hver deres alkohol on the side. Wow wow wow. <br><br>Vi kommer ædru tilbage en dag, det lover vi.<br><br>10/10 🍽 for maden in total (det vi kan huske) - gigantisk højt niveau i det køkken og sindssygt lækre og legesyge kombinationer. <br>9/10 🧑‍🎤for punk konceptet, det er lots of fun, men det er lige på grænsen til at kamme over. Vi havde det så optur over røgmaskinen og underworld på anlægget men nok et sted mere for venner end forældre 🎉<br>OBS!⌛️ 17 serveringer på 2,5 time var ikke nok og stressede os virkelig meget. Og jeg tror måske vi kom lidt for sent, det er jo vores egen skyld, så hvis i vil køre retterne i et mere afslappet tempo så prøv at få et lidt tidligere bord.    https://www.instagram.com/p/CHpriDYhotI/?utm_source=ig_web_copy_link]]></description>
      <styleUrl>#icon-1899-9C27B0</styleUrl>
      <Point>
        <coordinates>
          12.5878466,55.6836746,0
        </coordinates>
      </Point>
    </Placemark>
    <Placemark>
      <name>Restaurant Le Saint Jacques</name>
      <description><![CDATA[Måske kender mange bare plakaterne fra Instagram men en ægte insider ved at @restaurant_le_saint_jacques er hjernen og hjertet bag alle basic bitches pastelfarvede interiør. De har siden tidernes morgen lavet top top klasse fransk mad til minkpelse segmentet og deres børn på Østerbro og om sommeren er deres udeservering næsten som at sidde i et af de finere arrondissementer (bortset fra det uendelige vejarbejde der altid er i kbh selvfølgelig). <br><br>Et lille tip er at hver søndag kører de en søndags special til kun 275kr hvilket er UHØRT VALUE FOR MONEY taget i betragtning at Saint Jacques er en af byens bedste franske spisesteder og spisesteder egentlig generelt. Vi kørte en varm rejesalat og @letzshoposterbro laks fra the King himself Daniel Letz. Nu laver vi ikke anmeldelser på delikatessebutikker men hvis vi gjorde ville vi sige at letz laks er hands Down den bedste vi nogensinde har fået og kaster med glæde gode penge efter en så blød og delikat mundfuld som vi fik den aften. WOW. <br><br>Kørte en dagens fisk som svømmede rundt i friske ærter og asparges (yes YOU guessed it, vi har holdt på denne i et stykke tid fordi vi kom til at tage ud og spise 62 andre steder og kamera rullen blev fyldt). Anyway, deres boeuf bearnaise er hvad drømme er lavet af, med double - tripple? stegte fritter og en sauce der stoppede mine blodårer og sendte mig til tælling. Min medspiser fik ekstra fritter på siden med en fuldstændig fantastisk tartar sovs goddamn den var fresh. <br>Desserten er mellem creme brulee eller oste men efter vin og pommes og kød var vi gået helt kolde og sprang over. Når det så er sagt har vi fået creme bruleen før og sukkerskorpen har siddet lige i skabet hver gang. <br><br>🍴10/10 for en ærkefransk madoplevelse til en sindssyg pris<br>🖼 10/10 for at være et så gammelmands Østerbro sted som så endte med at blive alle blogger typernes go to udsmykning. Det er sgu for sjovt. Hvis i sidder derhjemme med en af letz plakaterne skal i ASAP booke bord i mini Paris. Vi ses dernede ❤️🇫🇷 <br>TAK for mad.   https://www.instagram.com/p/CH-XKrGhcQG/?utm_source=ig_web_copy_link]]></description>
      <styleUrl>#icon-1899-9C27B0</styleUrl>
      <Point>
        <coordinates>
          12.5781818,55.7035694,0
        </coordinates>
      </Point>
    </Placemark>
    <Placemark>
      <name>La Neta Vesterbro</name>
      <description><![CDATA[Vi har spist aftensmad på @lanetavbro. Var det en dårlig oplevelse, bestemt ikke, men jeg fik altså Mac d vibes anyways, and here’s why:<br><br>Først drikkevarerne. Kørte en alkofri (what) mikeller øl, kaldet energibar (why), som jeg fik lov at hælde op i et kondensvandsvådt glas. Det kunne jeg ikke lide. Sørg lige for at jeres glas er tørre, før i stabler dem. Eller tør dem af før I giver dem til gæsterne? Well, eftersom der i bedste kantinestil var servietdispensere over det hele, ku jeg selv klare det. Den smagte rigtig fint. <br><br>Kæmpe undskyld for crap billeder i øvrigt, men vi har altså en one-click-policy, og havde placeret os under rødglødende lysstofrør i vinduet, og fik ik tændt for blitzen denne gang. Og det var alligevel ik pænere irl. <br><br>Begge sultne piger fik en grande tostada med kylling, løg, peberfrugt og bacon. Lækker! Og kæmpestor! Så quesadillas med bønner og ost, også rigtig god. Lille taco med portobellosvampe, mega mums. Smagene fejler absolut ingenting. Men præsentationen er slatten, og konsistenserne flyder sammen. Ville næsten hellere have spist det derhjemme, der kunne næsten ligeså godt have tilbragt en god halv time på ryggen af et Wolt bud. <br><br>Totopos (majschips) var dejlig sprøde men manglede salt. Og så var der gigantiske stykker umoden avokado i guacamolen, det er altså SUPER TRÆLS når man skal scoope det op på sin lille chips. Er der noget værre end en umoden avokado, nope 😭<br><br>På La Neta servicerer man sig selv med bestik, servietter, diverse dippings og toppings, og det kan jeg egentlig godt lide. Men selvom maden smagte godt, så føltes den bare smasket og samlebåndsagtig. Og vi kom af med 261 for maden og 84kr for en øl og en cola. Så derfor ryger den altså i luksus MacDonalds bunken herfra. Det er for meget for et almindeligt tømmermandsmåltid, synes vi, så skal det være hvis de er helt grove, eller hvis bare har en treat yoself kinda dag. <br><br>7/10 🌮 for taco/quesadillas. Lidt mere crispy freshness, så er den der. <br>2/10 🥑 for chips m guaca der sku have hjælp til scoop<br>🍺 minuspoint for øl med “sjove” navne. Det er altså bare min mening. <br>8/10 🍽 for kantinestemning - afslappet, fin og hyggelig at sidde i, men tør lige glassene af, tak.     https://www.instagram.com/p/CHu9ASnBciA/?utm_source=ig_web_copy_link ]]></description>
      <styleUrl>#icon-1899-9C27B0</styleUrl>
      <Point>
        <coordinates>
          12.5530478,55.669329,0
        </coordinates>
      </Point>
    </Placemark>
    <Placemark>
      <name>Salon</name>
      <description><![CDATA[Where is the world/heaven divide? Er nok noget vi alle overvejer af og til. Well, vi kan hermed breake at himmelen findes og den findes på @salon_cph ☀️ ihvertfald når det kommer til mad og vin, med speciale i det franske univers. 🇫🇷🇫🇷<br>Vi startede ud med et halv dusin tres magnifique østers fra Normandiet og valgte menuen fra til fordel for Claus “Røde” Christensens mesterværk - HVALEN 🐳 som er indbagt pighvar, laksemousse, hummer formet som en fisk på en bund af hummerbisque og spinat. Ord kan ikke beskrive hvor overvældende en madoplevelse det var for den sultne pige der sad med tårer i øjnene og var 100% lykkelig i hvert eneste bid. Sendte hjerteøjne til kokken og følte os helt forelskede. Vi bestilte dagens fisk som var en søtunge walewska -fyldt med hummer, trøfler og hollandaise tilsat butterdejstrekanter. To fuldstændig kompromisløse retter med top top klasse råvarer og tilberedt til det største 13 tal man kan give.<br>Desserten var en variation af tarte tatin med et helt pocheret æble - kæmpe vibe og et bjerg af karamelsovs. <br>Salon er et af de eneste restauranter som har ægte kunst hængende. Så vidt vi ved er det hele faktisk til salg og roterer med jævne mellemrum. <br>Alt på salon var smukt og vidunderligt, fra service til mad til indretning. Røde himself stod i køkkenet men vi var for starstruck til at sige hej da vi hørte han ikke er fan af tlf til middag og vi selvfølgelig kørte kikset bloggerstil 😬<br>🍴10/10 wow<br>🍷 9/10 wow - men DYRT<br>🐳 10000/10 ny kæmpe favorit<br>Ps notér lige 1L fløde i det åbne køkken. Det er en ingrediens vi aldrig bliver trætte af herinde. Bliver ikke mere franskt eller vidunderligt, en aften på @salon_cph we will never forget ❤️<br>Pps fantastiske varmelamper under baldakinen så man kunne kigge på gallerist segmentet slentre forbi i (mad)kunst pausen.   https://www.instagram.com/p/CHS2VxXhTmL/?utm_source=ig_web_copy_link]]></description>
      <styleUrl>#icon-1899-9C27B0</styleUrl>
      <Point>
        <coordinates>
          12.591869,55.6864674,0
        </coordinates>
      </Point>
    </Placemark>
    <Placemark>
      <name>Chicky Grill</name>
      <description><![CDATA[Klar på julestemning? Så tag en tur forbi @chickygrill - de kører RADIO SOFT, og allerede da vi var der for lidt mere end en uge siden, bragede der band aid etc ud af højtalerne, kun afbrudt af lokalreklamer ❤️ kæmpe vibe. Og vi elsker sovs, kartofler og kød joooo<br><br>Første spørgsmål: Kan man stadig bede om et askebæger derinde? JA er svaret. <br><br>Næste spørgsmål: Ka maden spises? Også i den grad. Chicky kører dansk mad, prislejet er omkring de 85 +/- for et måltid. Vi var tre sultne piger af sted, og vi kørte self lige en forret og delte tre tarteletter til at starte med, MUMS, smagte af Jylland på den helt rigtige måde. <br><br>Vi kom godt omkring menukortet med både flæskesteg, bøfsandwich, pariserbøf og aftenens højdepunkt: herregårdsbøf med pommes og en solid gang bearnaise på bunden. Og så en lil æbletærte til at slutte på. Vi lagde mærke til at den manglede rasp (det er måske en smagssag). Ud over det var der god sennepssmag i bøfsandwichen, og flæskesværen var overdrevet sprød. Pommes godkendt, men ikke de bedste vi har smagt. <br><br>Knorrs bearnaise, æblegrød fra en pose og bøtte-rødkål smager jo bare godt, and u can quote me on that. Ik behov for hjemmelavede ting her. For det er by far det hyggeligste sted i Kødbyen, og de har den sødeste betjening. En lille tidslomme fra dengang Vesterbro ikke var blevet inficeret af surdej og barnevogne. We like. <br><br>9/10 🍔 for mad - det er småting man kan sætte fingre på, synes jeg. <br>10/10 🎯 for indretning og stemning. Læste lige at de stort set ikke har ændret på interiøret siden 1978, and thank god for that 🤎<br>10/10 🤰for mæthedsfornemmelse! Kæmpe portioner, vi kunne trille hjem<br><br>Vi bestilte faktisk bord due to coronatimes, men der fortalte de, at de altid holder nogle borde til walk-ins også, bare lige FYI.   https://www.instagram.com/p/CIGAouRhQrI/?utm_source=ig_web_copy_link]]></description>
      <styleUrl>#icon-1899-9C27B0</styleUrl>
      <Point>
        <coordinates>
          12.5583152,55.669134,0
        </coordinates>
      </Point>
    </Placemark>
    <Placemark>
      <name>Restaurant Kastellet</name>
      <description><![CDATA[Julen kommer tidligt i år fordi vi har været på @restaurantkastellet og fået frokost der både sejlede og svømmede. Vi startede med fisk, stegte sild var en drøm, den varmrøgede (pulled pork vibe) laks var god end manglede kant i peberroden. Smagte desværre ikke af så meget. Whatever. <br>MEN<br>Vi faldt over Københavns - måske VERDENS vildeste panerede rødspætte filet der var så CRUNCHY og så smukt tilberedt det var lige til at græde over. Vi er helt overvældet, det har været den vildeste oplevelse. Wow ❤️<br><br>Videre til kødet som desværre ikke levede op til vores fiskede forventninger , flæskestegen var kedelig - fucking tre stk syltede agurker på en mad?? Are YOU kidding???, svinekæberne var ligegyldige - men hønsesalaten var helt i top. Ost - wow. Vi var ret stive da vi ramte dem men HOLY shit friteret camembert er jo guddommeligt. FRY everything. God portvin. <br>🍴7/10 perfekt fisk og ost. Fuck kødet <br>🔥 10/10 for alt friteret. Goddamn det er en vibe at have fritøsen som din vinder <br>🚺 8/10 bind + perfume på toillettet. Ja tak. <br>🚺 1/10 for at spørge hvor mændene er henne og undre sig over vores smag i stærk ost. NEJ tak. Også super stenet ikke at hælde vores snaps helt op til kanten.   https://www.instagram.com/p/CIdfRCihwBh/?utm_source=ig_web_copy_link]]></description>
      <styleUrl>#icon-1899-9C27B0</styleUrl>
      <Point>
        <coordinates>
          12.5956538,55.687408,0
        </coordinates>
      </Point>
    </Placemark>
    <Placemark>
      <name>Restaurant Safari</name>
      <description><![CDATA[Vi slutter måske vores livs kedeligste november (er der andre end os der bare har fuld smæk på vinterdepressionen?) og spiser serotonin niveauet op igen hos sindssygt hyggelige @restaurant_safari_cph der kørte en genial kombi vibe af stearinlys og old school hippyhop. Så fedt. <br>Vores anbefaling er uden tvivl deres family style 8 serveringer til 325.- som er virkelig en god pris. <br>Vi startede ud med deres romesco som var heeeelt vildt god, sammen med en yakitori makrel som også var totalt i orden og en spændende/anderledes servering, ceviche med glaskål - all good so far. <br>Pastaen var deres klassiker med muslingeblanquette og bunkevis af persille. Altså ærligt talt kunne man godt bare køre a la carte på den og romescoen. Helt vildt smagfuldt og ikke lige noget du får alle andre steder. Måske lidt for meget persille men det er petitesserne vi er nede i. Hukommelsen sejler lidt da vi startede på flaske nr 2, men deres svampe var perfekte i en kartoffelmos og vidunderlige sauce. Toast med jordskok og lardo var ikke min personlige favorit men de andre piger slugte den. Kan ikke huske hvad der lå under persille bjerget andet end jeg synes der var lige lovligt eddike på dem (+ kapers blev det lidt meget). Sad. <br>Vi sluttede af med noget vanilje og kirsebær og med den afslutning er vi klar til december! <br>🍴 8/10 super dejlige retter og virkelig nice ikke at få tartar eller vitello tonato for en gangs skyld. Menukortet skifter tit så vi skal garanteret tilbage. Vi var meget glade for at der var så meget fisk på kortet 🐟🐟🐟<br>🖼 10/10 virkelig hyggelig indretning og skud ud til at køre irreversible på toilettet. Det er eddermaneme noget af en plakat at have hængende!<br>💸 9/10 vi endte med at smide ca 550 per pige for 8 retter og to flasker vin. Heeeelt i orden<br>Pro tip: Safari har 1 lille tomands hjørnebord hvor man kan sidde ved siden af hinanden i stedet for overfor. Det er en kæmpe optur i vores lil blog vi elsker uformel dining og kunne følge med i hele rummet ❤️ spørger om vi må sidde der næste gang.   https://www.instagram.com/p/CIN5ygHhquf/?utm_source=ig_web_copy_link]]></description>
      <styleUrl>#icon-1899-9C27B0</styleUrl>
      <Point>
        <coordinates>
          12.5598973,55.6869308,0
        </coordinates>
      </Point>
    </Placemark>
    <Placemark>
      <name>Un Mercato</name>
      <description><![CDATA[Det er lørdag og vi har bankende tømmermænd så midt i juleindkøbet (med hele københavn åbenbart) blev vi nødt til at tage en time out. Torvehallerne er jo perfekt placeret men er du gal hvor kan det blive klaustrofobisk at inhalere en frokost til overpris mens stressede mennesker skynder sig forbi. @unmercato to the rescue! Heldigt de har deres egen bygning så ind med os. Vi kørte deres frokost menu med hjernedødt gode pommes med rosmarinsalt - husk at tilkøbe basilikumsmayoen! Lidt åndssvagt at de kræver 7kr oven i prisen synes vi? Hvorfor ikke bare 5kr?? <br>Men fuck it vi skal have dip til chip. <br>Sandwicherne ramte desværre helt ved siden af. Panini med kylling var tør og intetsigende og foccacia med porchetta var også en dødkedelig affære. Super ærgerligt. Vi har været her før hvor vi kørte skinke og den var super. Måske var det bare et miss idag? Øv. Vi shopper videre 💔<br><br>🍟 9/10 SYGT gode. Bare kør dem og en aranciata pellegrino. Husk mayo <br>🥪 3/10 altså det smagte ikke dårligt det var bare kedeligt. Vi håber virkelig det bare os der var uheldige men 2x tør fyld er en ommer<br>💸 135/165kr pr menu alt efter sandwich valg. 95kr for en sandwich er måske også liiiige lidt i den dyre ende synes vi<br>🌳 7/10 mega hyggeligt og luftig god stemning. De har sat telt rundt om deres udendørs servering som fungerede super godt. Lidt drivhusagtigt og ret cute med ternede duge.   https://www.instagram.com/p/CIayv22hUmK/?utm_source=ig_web_copy_link]]></description>
      <styleUrl>#icon-1899-9C27B0</styleUrl>
      <Point>
        <coordinates>
          12.570392,55.6840098,0
        </coordinates>
      </Point>
    </Placemark>
    <Placemark>
      <name>Jah Izakaya</name>
      <description><![CDATA[Har længe haft @jahizakaya på vores bucket list, japaneren der har ligget på Gasværksvej siden 2017 er nok et af de steder flest af mine venner har været hype omkring. Og med god grund! For det første er lokalet helt vildt hyggeligt, og for de musik sensitive kan vi glæde os over at reggae (back to that later) tonerne var perfekt afstemt i hele rummet med gode højtalere og generelt bare gode vibes. De havde endda et japansk wc som er en vildt sjov gimmick jo. Vi kørte en omakase tasting menu som var ti retter serveret måske lige tjept nok men som næsten alle ramte plet. Croquetter med krabbe, fisk og edamame var en god start til vores øl. De havde red stripe på kortet som blev forklaret ved at “jah” er en ref til Jamaica (betyder gud åbenbart?) og giver pludselig mere mening ifht rasta stemningen på anlægget. Gyozaen var smagsløs og intetsigende men vi kom i godt humør igen af svamp på mos + carpaccio på okse med yuzu dressing. Fiskesuppen sagde mig ikke så meget desværre. <br>Mapo tofuen var lidt for safe og vi savnede smæk på smagen, til gengæld fik vi godtnok inhaleret meget fried chicken - uden sovs men det behøvede det ikke engang. Wow det var godt! Wow! Elsker fried chicken! 🐔🐔🐔<br>Dertil masser af øl og sake som jo hører til på en izakaya. Tjeneren havde lidt en attitude, vi var usikre på om det var os eller bare aftenen der var lidt pres?<br>Desserten var kastanje is m solbær tærte - fint men ikke mindblowing. Måske er det temaet for hele aftenen, der var ikke nogen af retterne hvor jeg kom helt op og køre men jeg var lykkelig og mæt og fortrød bittert det var stramme jeans jeg havde på. <br>🥢 8/10 for generelt højt niveau til gode priser. point for dressingerne der var perfekte syrlige/salte. +vegetar options gode!<br>🎏 9/10 sindssygt hyggeligt sted, perfekt akustik og på trods af et fyldt lokale kunne vi sagtens have en stille samtale. God belysning <br>🤗 5/10 meget langsom service på drikkevarer, vi skulle selv bede flere gange om mere vand og drinks. Ærgerligt. Maden kom meget hurtigt så du skal spise ASAP og ikke stene for meget med retterne <br>💸 375kr for omakase menu, ca 650 i alt inkl drinks. De kører også a la carte og hverdags menu til billigere penge.   https://www.instagram.com/p/CIVV2qlBBte/?utm_source=ig_web_copy_link]]></description>
      <styleUrl>#icon-1899-9C27B0</styleUrl>
      <Point>
        <coordinates>
          12.5575273,55.6708699,0
        </coordinates>
      </Point>
    </Placemark>
    <Placemark>
      <name><![CDATA[L'education Nationale]]></name>
      <description><![CDATA[Næstsidste måltid ude i 2020, vi tog på @l_education_nationale, som er en af favoritterne, og vi gik ik skuffede hjem. En aften i det franske var lige hvad vi havde brug for, og godt øllede efter @barenfloss 2-for-1 tilbud, var vi også i rimelig god stemning da vi ankom. <br><br>Østers, muslinger og foie gras til forret, YES! Kæmpe kæmpe anbefaling på den foie gras, WOW. So smooth. Brødet var boring baguette, men sådan er der på fransk, i guess. Østers var fine men tag de dyre der er mere kød på. Moules var en kæmpe portion med god fløde hvidvin de svømmede rundt i. Kæmpe vibe at fyre den så max af på forretterne! <br>Ok ok ok og så fik vi bare den VILDESTE confit de canard igår med kød der bare smeltede og perfekt hjemmelavet rødkål. Vi savler stadig wauw det var en perfekt efterårsmiddag. Oven i hatten kørte vi en hjernedød god klassisk tartar med blomme og det hele, superb pommes frites og en tartar til at græde over. Charcuterie brættet måske det bedste vi har fået, terrinen var fantastisk men måske blegnede lidt ved siden af den guddommelige and. Men altså. Wow. Alt blegner ved siden af den. Seriøst, bedre end mors julemiddag, vi håber inderligt de kører take away under lockdown pt 2<br><br>Huset billigste rødvin - heeelt helt i orden, vi endte med dobbelt op på flaskekøb YES og sejlede rundt da klokken blev lukketid. Så fantastisk <br><br>Helt igennem fab aften. Tag derhen. <br><br>10/10 👩‍🎨 Vive la france! Helt fantastisk mad og bare generelt god bistrot stemning 🇫🇷🇫🇷<br>10/10 🥖 for at tjenerne bare talte fransk til os. Kæmpe vibe, vi følte os som ægte turister i Paris (på den gode måde) fik helt lyst til at lire det skolefranske af efter alt den vin ❤️.    https://www.instagram.com/p/CIjK30jhiui/?utm_source=ig_web_copy_link]]></description>
      <styleUrl>#icon-1899-9C27B0</styleUrl>
      <Point>
        <coordinates>
          12.5696186,55.6784066,0
        </coordinates>
      </Point>
    </Placemark>
    <Placemark>
      <name>Barril</name>
      <description><![CDATA[Sidste måltid i 2020!? Vi tog på @barrilpastawine. Ifølge navnet burde det jo være right up our alley, for vi elsker vin og pasta, men ØV ØV ØV 😩<br><br>Startede med lang ventetid på betjening, så lang ventetid på vin og vand, dårlig start jo. 6 retters tasting menu, det fortrød vi, men der et tilbud vi havde bestilt, hvor vi fik 25% på det hele. Startede med røget makrel, fennikel og syltede løg. Rimelig ufarlig ret, men måske faktisk den eneste af aftenens serveringer der var godt afstemt i smag og konsistenser. De syltede løg gik igen på charcuteribrættet, hvor vi undrede os gevaldigt over at se honningnødder, nu der ik var nogle oste? Kæmpe wtf moment. Og så var det syltede agurker i stedet for cornichoner, så sygt dovent bare at choppe en gigantisk lage-agurk ud i hapsere. Peberfrugterne var for søde. Kødet var som det så ud, ingen anmærkninger, men det kommer på ingen måde op på siden af det bræt vi fik i mandags på l’education, savner allerede 🥺 burrataen smagte billigt, det samme med tomaterne. Vi spurgte os selv, hvor de min køber ind henne, det smagte af dårlig kvali. <br>Herefter kom 2 pastaretter. En ravioli med ricotta, brunet smør og salvie OG en helvedes masse små helt sortbrændte stykker løg, der overdøvede al smag, virkelig ikke lækkert. Og den var overkogt. Det var spaghetti meatballs til gengæld overhovedet ikke, den ku snildt have fået et helt minut mere. Hvis ikke flere, den her pasta smagte ikke hjemmelavet, det er satme uambitiøst. Og sygt wierdo ikke lige at røre retten sammen? Kødbollen var dog faktisk ret god og juicy og velkrydret. <br>Tiramisu til dessert, der var sparret på sprutten, øv. <br><br>4/10 🍝 dovenskaben længe leve<br>3/10 😐 på service der ik var der<br>2//10 🍽 for at have verdens mindste tallerkener at spise fra, men store serveringsfade, slet ik nok plads på bordet. <br>8/10 🍷 for rødvinen, rigtig god til 425 bobs SKÅL<br>3/10 🕯for stemning, vibe og klientel. Nordic leather duftpinde på toilettet, det lugtede af en dårlig tinderdate. Kæmpe overload af rullekraver<br>9/10 🎶 for 90’er playliste m bl.a Craig David, we like<br><br>VI KØRER I ØVRIGT TAKE AWAY ANMELDELSER FRA I MORGEN. Tag os hvis I har tips! 👀👀.    https://www.instagram.com/p/CIlk1VfBAoa/?utm_source=ig_web_copy_link]]></description>
      <styleUrl>#icon-1899-9C27B0</styleUrl>
      <Point>
        <coordinates>
          12.5607032,55.6729076,0
        </coordinates>
      </Point>
    </Placemark>
    <Placemark>
      <name>Pizzaria MaMeMi</name>
      <description><![CDATA[Vi er allerede super trætte af at skulle vente helt til januar med at gå ud og spise igen, MEN så er det godt, at man flere steder kan rykke restaurant oplevelsen hjem i privaten. En ensom sulten iso-pige skulle i går prøve kræfter med @pizzeriamamemi udgaven, og det er nok ik sidste gang under lockdown v2, at vi ringer dem op ❤️<br><br>Her er nemlig 20% rabat OG fri levering (indenfor 3 km) resten af december. Wowow for et tilbud. In the name of the blog blev der også bestilt en starter, thats a lot of food, nok til frokost i dag også. <br><br>Forretten var en lil pøls i bønne og tomatsauce, sygt lækker og smagfuld, og ekstra point for at levere brød til også, der endda lige var blevet varmet - følte jeg fik leveret maden direkte fra en italiensk køkken-mama, so much love. <br><br>Pizzaen var sygt god. Jordskokker, mere pølse og røget ost. Eneste aber dabei var at de havde beskrevet pølsen som spicy, det var den slet ikke, men altså what a combo, især den røgede ost var en positiv overraskelse! Og jordskokkerne, ej men det spillede bare 🥳 Bunden er til den tynde side, så det skal man kunne lide. Sprød sprød kant, yummy. <br><br>Ik en finger at sætte på leveringen. Hurtig, alt smagte varmt og frisklavet. <br>De har også nogle combos på deres hjemmeside, hvor man kan få 2 starters, pizza og en flaske vin - oplagt til en candlelightdinner hvis man ellers kan rydde spisebordet for hjemmekontorssetup. <br><br>9/10 🍕for pizza. Har også engang smagt den med svinekæber, karamelliserede rødløg, provolone, æble og balsamico glace, Jesus den tager også kegler. <br>10/10 ⭐️ for rabat og fri levering, som endda bare sidder i skabet, hatten af!!    https://www.instagram.com/p/CIxtM1YhQda/?utm_source=ig_web_copy_link]]></description>
      <styleUrl>#icon-1899-9C27B0</styleUrl>
      <Point>
        <coordinates>
          12.5480345,55.6679287,0
        </coordinates>
      </Point>
    </Placemark>
    <Placemark>
      <name>Poulette</name>
      <description><![CDATA[Vi elsker alt fried og ISÆR fried chicken så selvfølgelig skulle vores første takeaway være @pompettecph nye skud på stammen @poulettecph 🐔❤️<br>Simpelthen så ærgerligt at åbne i starten af december men what to do. Vi er klar på at spise anywhere så det blev lige bilen idag. <br>Poulette tilbyder både en kylling og en vege version - lad os lige starte med tofu burgeren som var helt hjernedød. Huge contestant i KBH vegetar burger ræset! Inspireret af mapo tofu retten (rip jah izakaya) med en spicy og fantastisk szechuan olie og mapo mayo på brioche. Vi havde det helt vildt mens vi sad i bilen og slikkede fingre. (OBS! Vegetar ikke veganer da der er smør i brødet. Men de arbejder vist på en løsning i fremtiden) 🌳<br>Kyllingen er friteret i panko ja tak som bare tilføjerer noget fluff der udløser alle mine glædesreceptorer i hjernen. Også brioche salat agurker osv. rimelig standard men uden at være for meget. Fokus har tydeligvis været på hhv chick og tofu og det er de virkelig sluppet godt afsted med. Begge burger er ret spicy - ikke uspiselige men der er god heat på 🔥🔥 de kan godt lave en mere børnevenlig version hvis du spørger pænt. <br>Kan ikke huske hvad der var af drikkevarer MEN pompette ved siden af kører indtil videre stadig salg af vin på takeaway basis. Ned og støt de gode mennesker <br>🍔 10/10 vi giver den sgu fuld plade! Dels fordi de var smagte helt vidunderligt men dels fordi de adskiller sig fra alle de andre burger pushere rundt omkring med spice og kæmpe vege vibe ❤️<br>💸 75kr pr burger ik så meget der.   https://www.instagram.com/p/CIp6oUbBWlG/?utm_source=ig_web_copy_link]]></description>
      <styleUrl>#icon-1899-9C27B0</styleUrl>
      <Point>
        <coordinates>
          12.5551619,55.690486,0
        </coordinates>
      </Point>
    </Placemark>
    <Placemark>
      <name>Enghave Plads (Kaffe/Kage)</name>
      <description><![CDATA[Det er vigtig at komme udenfor har vi hørt, well, det er med at gå en tur er fint nok, men så skal vi satme ha en snack med. <br><br>Man kan godt kalde Enghave plads en krigsmark for takeawaykaffe og bagværk, så den skulle self have besøg af to sultne (læs carbcravende) piger. <br><br>Først @kaffeslabberasen der diskede op med en såkaldt julecroissant m appelsin og mandler og en kop filter. God appelsinsmag, men det der var ik en croissant, så lidt skuffede sultne piger. <br>🥐 6/10, flere lag tak, mere smør også <br>💸 60kr<br><br>@enghaveplads9 havde ik kaffe. “Det her er sprutbiksen” blev der sagt, det er jo et sprog vi kan forstå, men vi skulle tilbage på hjemmekontoret, og tog derfor en alkofri æblegløgg og en vaffel. Det smagte altså bare af varm juice, vaflen var OK men for dyr til 30kr? Den har jo Max kostet 5 at lave. <br>🧇 7/10, lav dem lidt tykkere til den pris. 1/10 for børnegløgg, ik et koncept vi støtter op om, nej tak<br>💸 60kr<br><br>@bagerietbrod WOW billigste pris og bedste snack. En GIGANTISK kanelsnegl, måtte gå en lang tur bagefter, helt fucking sukkerhøj, hvis du nogensinde ser et barn med sådan en mellem fedtefingrene så LØB<br>🐌10/10 helt sprød, sygt meget smør, PERFEKT <br>💸 45kr<br><br>Sidst men ikke mindst @enghavekaffe der vinder for bedste kaffe. Her fik vi en lille men velsmagende croissant til vores drøm af en kop dagens dryp. Er du til sprøde lag, er det ik en croissant for dig, det er den bløde slags, der smelter på tungen nammenammenam<br>☕️ 10/10 for kaffen især<br>💸 50kr<br><br>Vinderen er altså @bagerietbrod - deres mandelcroissant er også to die for. Og der er jo ik nogen der siger, at man ik må få sin kaffe fra @enghavekaffe (eller måske en boozy voksengløgg fra @enghaveplads9). Så kør evt et mix!<br><br>❤️🧈❤️.   https://www.instagram.com/p/CI204QlheJX/?utm_source=ig_web_copy_link]]></description>
      <styleUrl>#icon-1899-9C27B0</styleUrl>
      <Point>
        <coordinates>
          12.5466823,55.667222,0
        </coordinates>
      </Point>
    </Placemark>
    <Placemark>
      <name>Holy Krapow</name>
      <description><![CDATA[Another day another dinner amirite?? <br>Onsdag kalder på thai og vi havde hørt godt om @holykrapow 🇹🇭 der ligger i ISSAs gamle lokaler (rip) - tip hvis din Pick upper ikke kender adressen skal du bare sig sidegaden ved Waterloo 😂 så er alle med. <br>Det er ret nemt på HK, de serverer kun pad krapow som er ris, fried egg og så en topping. Vi kørte svin, okse, svampe på anbefaling på milde og hot variationer. Jeg tror de fleste egentlig godt kan klare en hot, den var mere mellem end spicy spicy. Tager thai næste gang 🔥🔥<br>Lad mig lige slå fast - det smagte HJERNEDØDT godt og til så billig en pris tror jeg det har kæmpe potentiale til et nyt vbro stamsted. Perfekte ris, sygt nice med ægget og svampene var så lækker en veggie ret. Det eneste jeg synes var lidt so-so var at kødet var hakket så det bliver nogle smuldre konsistens. Hvilket gør retten til lidt ris småtteri og kød småtteri blandet sammen. Der er ikke så meget blanding i teksturen- men sådan er retten jo så hvis du vil have mere bid så go for svamp. <br>Til dessert fik vi panna cotta m pandan smag og vi kæmpede alle om den sidste bid 🥰<br>🍴 9/10 ingen slinger i valsen, super veltilberedt og max smag ❤️ helt vild dejlig nem aftensmad og stor anbefaling herfra hvis i er sultne og i området!<br>💸 80kr for en ret og 120kr for en kombi lyder helt vanvittigt og jeg kan heller ikke helt forstå hvordan det passer sammen men vi brokker os på ingen måde <br>😎 mega god stemning på gaden da vi ventede på maden, en poppin juicebar lige ved siden af og varmelamper ved bænken. Kæmpe vibe.   https://www.instagram.com/p/CI56MpqhnK_/?utm_source=ig_web_copy_link]]></description>
      <styleUrl>#icon-1899-9C27B0</styleUrl>
      <Point>
        <coordinates>
          12.5592354,55.6738748,0
        </coordinates>
      </Point>
    </Placemark>
    <Placemark>
      <name>Boutique Fisk Torvehallerne</name>
      <description><![CDATA[Skud ud til at torvehallerne altid holder maximalt åbent med minimal afstand, men ingen kan benægte at noget af byens ihvertfald frokost takeaway kan findes her. Var ved at gå helt kold over (flere glemte) julegaver så tre sultne piger tog en hurtig pause og en lille delle. <br>Men altså lille er de fiskefrikadeller eddermaneme ikke må jeg lige skynde mig at sige. De havde vitterligt samme størrelse som en knyttet hånd så passerer sagtens som frokost mere end snack.<br>That’s a lot of fish 🐟🐟<br>. Vi prøvede dem med spinat + dild, de var sygt lækre og svampede uden kartoffel fyld eller andet. De almindelige er deres claim to fame så den er på listen næste gang. Men vi ved jo vist alle hvordan sådan en smager.<br>tilbehør var en hjernedød god remo og masser af den. Eneste anke var at rugbrødet var lidt kedeligt og som det smørsvin jeg er ville jeg gerne have haft mere fedt men det er jo ikke verdens undergang 😇 kartoffelsalaten var også god og frisk. Og optur man lige kan få en mini vin med til turen. <br>🍴 9/10 simpelt - men fandme lækkert! Hvis du er snack sulten kan du SAGTENS dele en to piger. No worries der <br>💸 28kr for en hånddelle, du kan få en til halvdelen af den pris i fiskehandleren men så får du også halvdelen af dellen. Fair pris <br>🤗 1/10 så så så mange mennesker. Selvfølgelig ikke så meget at gøre ved men hvis du har lidt Corona påpasselighed skal du måske vente lidt med torvehallerne generelt <br>Obs der er vist også en boutique fisk i mad&vin (ikke at der er færre mennesker der).   https://www.instagram.com/p/CI0lUMuB9tP/?utm_source=ig_web_copy_link]]></description>
      <styleUrl>#icon-1899-9C27B0</styleUrl>
      <Point>
        <coordinates>
          12.5694161,55.6840257,0
        </coordinates>
      </Point>
    </Placemark>
    <Placemark>
      <name>Kösk Kebab</name>
      <description><![CDATA[Gal mand. Er vi de eneste der ikke overskuer noget som helst? ☁️☁️☁️☁️<br>madlavning virker som en kæmpe kamp i øjeblikket så vi fyrer af på takeaway til den helt store guldmedalje. <br>Tvivler på at Kösk har en Instagram men hvem har ikke plejet deres tømmermænd her med en omgang spyd og bulgur? Nørrebro pigen har ihvertfald og vi har nærmest et religiøst forhold til deres Adana kebab ❤️❤️❤️❤️<br>Den anden kørte en klassisk pita kebab med pommes til. Ærligt talt ville jeg nok fravælge kebabben næste gang til fordel for flere spyd - for du kan få noget der er langt mere spændende syd for stationen. <br>Men spicy rulle med frikadeller med fuld gas på chilien er noget der virker for systemet efter en eller to øl for meget hjemme i stuen. De kører også nogle virkelig gode retter med enten bulgur, ris eller pommes men det er en ordentlig portion så vi sprang over denne gang. Der er både kylling, okse og lammespyd i forskellige variationer GOD BLESS<br><br>🌯 8/10 konsekvent bare godt. Man lad være med at tvivle på min bestilling når jeg er klar til en snøftetur og ekstra chili på toppen. I’m a big girl I can handle it! Pommes var standard og pita var lidt kedelig<br>💸 ca 130kr for menu + rulle + ayran<br>Obs mega hyggeligt at sidde derinde når ting åbner op igen! Mine jyske forældre synes det er helt fantastisk.   https://www.instagram.com/p/CJBMYNuBAuc/?utm_source=ig_web_copy_link]]></description>
      <styleUrl>#icon-1899-9C27B0</styleUrl>
      <Point>
        <coordinates>
          12.5343819,55.7014836,0
        </coordinates>
      </Point>
    </Placemark>
    <Placemark>
      <name>POPL Burger</name>
      <description><![CDATA[Københavnere er ikke verdensmestre i meget, men massehysteri (grå new balance, monstera, snoede stearinlys, naturvin) brillerer vi i gang på gang. 2020 var året hvor vi blev hjemme og hypen nåede nye højder da NOMA BURGERen gjorde sit indtog i sommervarmen og folk stod i timelange køer for at se hvad redzepi&co nu kunne finde på. <br>(Vi var der, men efter tre flasker vin i køen var vi for flyvende til at bedømme noget som helst). <br>Madguderne har givet os en chance til og i 108 (rip 💔) forhåndværende lokaler har de åbnet en permanent bar - @poplburger <br><br>Vi skulle ind igen og kørte hhv okse og veggie. <br>Der er ikke mange dikkedarer over nomas kødburger, det er en bundsolid cheeseburger med brioche og virkelig god kød. Perfekt stegt men vi kunne måske godt have ønsket et lille salatblad? Det var meget enten eller vibes! <br>Der hvor popl virker hiver fuld plade er på deres quinoa tempeh vegetar bøf der bare er så satisfying, umami og smagfuld at vi faktisk hælder mere til den. #blessed at være plantespiser i disse dage. Vi kørte en glutenfri bolle som var den bedste glutenfri vi har prøvet indtil videre (selvom bollen blev tør til sidst men det gør alt glutenfrit)<br>Vi glemte sides og de har flere gange haft udsolgt så vær lidt obs på det. ⛔️<br><br>🍔 9/10 fantastiske burger, sgu nok de bedste i kbh indtil videre ihvertfald. <br>🚲 1/10 er du gal der er langt hjem! Vær lige obs på at det bliver pissekoldt hvis du cykler 15 min for at komme nogen steder. Evt bare spis den havnen<br>🧈 10/10 fuld smæk på smør, de sad som mursten i maven<br>🍪 2/10 ok helt seriøst hvad sker der for at man er tvunget til at købe en Cookie hvis man skal have en menu? I just want fries!! Lidt irriterende at man ikke kan fravælge det.. vi prøvede den i sommers og vi er altså ikke imponerede over at skulle af med 40kr pr stk<br>💸 110 for takeaway pr burger.   https://www.instagram.com/p/CJHAyfBBYBd/?utm_source=ig_web_copy_link]]></description>
      <styleUrl>#icon-1899-9C27B0</styleUrl>
      <Point>
        <coordinates>
          12.5977702,55.677645,0
        </coordinates>
      </Point>
    </Placemark>
    <Placemark>
      <name>SSAM</name>
      <description><![CDATA[Vi cravede kylling og home delivery, så ind på Wolt med os og bestille lidt korean chicken fra @ssam.dk, direkte med ind foran fjerneren og fedte sig ind i barbeque og sesamdressing. <br>Tog en bibimbab med for at kunne forsvare det grøntsagsmæssigt, og den kan anbefales. Det er forskellige greens på en bund af lilla ris (som vi ik helt forstår hvorfor/hvordan er lilla) og et æg, som man rører rundt med det hele, and there u go en lækker lille salat. <br>Og så til kyllingen. KFC GO FUCK URSELF, det her er den ægte vare, jøsses hvor var de lækkert med fried små kyllingefileter toppet med sød/spicy peanutsovs og sesamfrø. Kæmpe fan. Perfekt tilberedt, juicy indeni crisp udenpå. Og så var der jo allerede en slags grøntsager til i form af kålsalat sovset ind i dressing, thats how we like it. <br>Så lige en gang ssam good good wings, hvorfor spiser vi egentlig ikke den hver dag, look at that box!? Vores tøj var ligeså fedtplettet da vi var færdige, help.? De plejer faktisk at have lidt mere sovs på når vi har fået dem i restauranten, synes vi, så pas på med at bestille dem på første date. men de smagte stadig af en kylling der har levet af barbequesovs, tænk engang hvis vi kunne dét. <br>10/10 🍗 Vesterbros bedste kyllingehapsere, det tør vi godt sige<br>8/10 🥗 for grøntsagerne, lækker lille side chick, men sådan lidt skåret ud for 3 timer siden agtigt, det er dog småting i det store billede<br>💸 har altså ik lige den præcise pris, men det er psyko fråderen mad, og det er et value 4 money place. Korean fried chicken box og good good wings koster 85 kr stk, det er fint til en deler. <br>10/10 🚲 for hjemmeleveringen, den skulle heller ikke sååå langt. Vi glæder os satme til at sætte os i restauranten i 2021 🐓🐓.   https://www.instagram.com/p/CJI_f16h_Jj/?utm_source=ig_web_copy_link]]></description>
      <styleUrl>#icon-1899-9C27B0</styleUrl>
      <Point>
        <coordinates>
          12.5620923,55.6726674,0
        </coordinates>
      </Point>
    </Placemark>
    <Placemark>
      <name>Wokshop FRB</name>
      <description><![CDATA[Stik mig en inhalator cause I can’t breathe, har fundet min nye yndlingssnack og det er KØDCHIPS fra @wokshop.dk WOW for en opfindelse! <br>Fik hjemmelevering af mad med krydderier, så tiltrængt efter and/flæsk/kartofle-mania i alt alt alt for mange dage nu. Har egentlig aldrig haft så høje tanker om wokshop, men det spillede sgu her den anden aften. <br>Phad thai m rejer, den blev godkendt. Men det er nu morning glory (som jeg glemte at knipse pic af, sorry, men se det på tallerkenen) og kødchipsene (crispy beef neua tho) der står stærkest i hukommelsen. Til dem der aldrig har smagt thai tilberedt morning glory, ka I komme i gang, det er verdens bedste grøntsags accessory til dine nudler. Wokshoppens er mere end god, den er helt tilpas spicy og ikke tilberedt for længe, hvilket er en sjældenhed her i dk. Og nu til kødchipsene - tørstegt oksestykker som man dypper i soya, HVORFOR har jeg ik hørt om det før? Well, bedre sent end aldrig, denne asiatiske beef jerky skal jeg 100 spise igen. <br>Så fik vi en pose rejechips med?? Det havde vi ikke bestilt, og det burde jo give ekstra point med en lille hilsen fra køkkenet MEN vi mistænker altså at de prøver at kompensere for deres syggo rådne indpakning. Sidste billede viser hvor meget morning glory sovs der var rendt ud i leveringsposen - det er en ommer, pak den nu lige ind i noget sølvpapir, de der take-away bøtter er altså ikke bygget til det. Men de smagte nu fint, de rejechips. <br>Kom af med 363kr inkl 49kr i levering, der var rigeligt til 2 sultne piger, og ok god value for money, synes vi. <br>9/10 🍲 for mad<br>10/10 🐄 for kødchips, mere af det i 2021<br>1/10 🥡 for ikke at pakke ordentligt ind.   https://www.instagram.com/p/CJWUiMNBmte/?utm_source=ig_web_copy_link]]></description>
      <styleUrl>#icon-1899-9C27B0</styleUrl>
      <Point>
        <coordinates>
          12.5417713,55.6764933,0
        </coordinates>
      </Point>
    </Placemark>
    <Placemark>
      <name>Donda</name>
      <description><![CDATA[Vi var i humør til fine dining, så besluttede os for at bestille mad fra @dondacph i går. Det betød at vi skulle cykle hele vejen fra nørrebro til Christianshavn og tilbage igen, men smukke-Frede stod bag disken så det var totally worth it (vi kommer tilbage og flirter efter corona 😏)<br>Med cykelkurven fuld af ceviche, fisketacos og naturrødvin (180kr kun whaaat en god pris + vi fik lov at prøvesmage i butikken, god stil smukke-Frede!) kørte vi hjem og varmede vores pandekager. Så hygge selv at skulle lægge sidste hånd på værket, we like. <br>Cevichen var sygt god, ret spicy og lækker lille detalje med finthakkede tranebær i, den var ny! Og der var små sprøde halvt poppede majs i, så der lige kom lidt crunch, den skal I altså alle sammen prøve. Den bedste ceviche vi har fået længe, blev vi enige om. <br>Vi elsker jo alt hvad der er fried, og fisken skuffede bestemt ikke. Og alle condiments bestod også til ug med kryds og slange. <br>Vi fik bønner og ris on the side og her kommer aftenens vinder - THOSE BEANS! Holy cannoli vi ku leve af dem. Køb endelig dem med, hvis I når forbi donda inden corona også sætter en stopper for take away - for det er vel slut med det også efter den 24 right? Hva fuck gør vi så 💔😭<br>Men den tid den sorg, lige nu glæder vi os over mindet om vores fiske-feast i går. Tak for den @dondacph we will be back<br><br>9/10 🌮 yummy yumyum, eneste vi lige undrer os over er at man ik kan købe 5stk af de forskellige tacos, fisken er sygt god men vi gad jo godt prøve en af de andre også <br>10/10 🎯 for beans<br>🥰 10/10 for cute og sød betjening.   https://www.instagram.com/p/CI8viUcBtCV/?utm_source=ig_web_copy_link]]></description>
      <styleUrl>#icon-1899-9C27B0</styleUrl>
      <Point>
        <coordinates>
          12.5895067,55.6737334,0
        </coordinates>
      </Point>
    </Placemark>
    <Placemark>
      <name>Guldkebab</name>
      <description><![CDATA[Nu har vi stirret på bearnaise monsteret længe nok, og da en ven hev os ind på @guldkebab sagde vi selvfølgelig ja. In the name of the blog!<br>Første observation var at der vitterligt var brækket dansk kultur ud over hele rummet - alt fra juleplatter til Birthe Kjær til Dannebrogsflag og et sindssygt grimt tapet. Claim to Fame er åbenbart at der bliver kørt svinekød i stedet for lam/kalv kebab, og hvor konceptet egentlig fungerer - svin har meget fedt i sig så det er en god smagsgivende protein, kunne vi ikke ryste følelsen af forkerthed af os. Er det ikke whitewashing af værste skuffe og det ordentlig spark i ansigtet til hele den kultur og alle de fantastiske kebab konger vi sætter vores lid til hver gang vi er stive eller bare sultne? Og så på Nørrebro af alle steder??? Sad sgu lidt med en grim smag af White privilege i munden<br>🌯 5/10 smagte godt men kedeligt. Ikke krydret nok - skulle betale 5kr for chili? What the fuck? Som ikke engang var spicy<br>🍟 7/10 bølgepomfritter er ren svømmehalsnostalgi vi kan lide<br>- tyrkerstangen gider vi ikke engang kommentere. Det koncept melder vi hårdt nej på.    https://www.instagram.com/p/CGkH1JKhSjf/?utm_source=ig_web_copy_link    ]]></description>
      <styleUrl>#icon-1899-9C27B0</styleUrl>
      <Point>
        <coordinates>
          12.5463836,55.6879601,0
        </coordinates>
      </Point>
    </Placemark>
    <Placemark>
      <name>HART Bageri</name>
      <description><![CDATA[There’s no rest for the wicked og vi nåede lige at ramme @hartbageri før julen gik fuldt ind. <br>Hart kræver vel egentlig ikke meget introduktion, vi landede på gl Kongevej hvor der som vanligt var en god kø men vi er lidt på udebane på Frederiksberg og skulle alligevel have en af deres italienske julekager så ind med os. <br><br>Startede ud med en helt fantastisk sesam bolle med gammel knas og det vildeste tandsmør jeg har mødt (nærmest lidt for meget) der lagde en solid gluten bund. <br>Deres kaffe er også ret god. <br>Pølsehornet er krydret med noget fennikel og smager så urimeligt godt jeg nærmest aldrig har lyst til en babybite igen. Men altså til 35kr er den fandme også betalt..?.??<br>Sulten pige #2 fik en kardemomme croissant som vi glemte at tage et billede af men ligesom med bollen var der virkelig meget smør i - vi ved godt at det skal der være, men smagen af kold smør trængte desværre over kardemomme smagen :( øv. <br><br>🥐 8/10 super lækkert, men det druknede lidt i smør for mig. Troede aldrig vi ville nå et mætningspunkt for fedtstof på to sultne piger men den bolle blev min banemand. dyr pris for et pølsehorn der ikke var særligt stort. <br>💸 tror vi betalte omkring 120kr for det hele + en filter <br><br>All in all super lækkert pitstop hvis du lige er på mondæne Frederiksberg og trænger til et sukkerfix ❤️🥰 måske synes jeg personligt det er lige lovligt københavnersmart - og dyrt .. men det er jo også den vibe man køber sig ind på når man stiller sig i kø for bagværk 😂.   https://www.instagram.com/p/CJQ9RP8Bcl-/?utm_source=ig_web_copy_link]]></description>
      <styleUrl>#icon-1899-9C27B0</styleUrl>
      <Point>
        <coordinates>
          12.5454876,55.6754066,0
        </coordinates>
      </Point>
    </Placemark>
    <Placemark>
      <name>Mirabelle</name>
      <description><![CDATA[Er der noget bedre end når to sultne piger igen begge to vågner i samme bydel, I THINK NOT, og vi blev enige om det var den perfekte undskyldning for at skyde 235kr (i alt) af på en gang morgenmad a la @mirabelle_bakery / @mirabelle_eatery 💸<br><br>De kom lynhurtigt med vores double baked croissant med hasselnødder og choko, wow for en bombe, den lagde en heavy sugary bund, selvom vi kun startede med halvdelen. Heftig! Jeg havde nok foretrukket en mildere choko, smagen havde nok været mere afstemt med en mælke fremfor 70%’er, men det går nok ikke i hype-bakery-world.<br><br>Dernæst delte vi en morgenmadstallerken med 2 slags brød (godkendt, men vi kan bedre lide brødet på @andersenmaillard) pisket smør, som var for pisket til vores smag, men ekstra point for at der ikke var nogen rysten på hovedet, da vi med det samme kunne konstatere, at vi skulle bruge mere af det. Osten også god, men den blegnede ift den bedste solbærmarmelade vi NOGENSINDE har smagt! Shiiiit sååå riiich!! Ægget havde fået tættere på 5 end 6 min, så er man ikke til flydende æggehvide skal man nok lige advare køkkenet. <br><br>Youghurt med hj lavet granola og honning on the side var skønno. Jeg er jo ik til frysetørret hindbær, som I måske husker fra min fatwa i bananis anmeldelsen, men det her var ik den billige netto version, så jeg spiste rub og stub. Læks. <br><br>Tog et midtvejsbillede da vi var blevet mætte, så kan I lige få en idé om, hvor meget man skal bestille. Vi fik lige rigeligt og blev da også nødt til at få en doggybag til resterne. Oh the joys of eating at a bakery. <br><br>8/10 🍞 for morgenmaden in total<br>10/10 🍇 for solbærmarmelade (sorry for wierdo emoji, but what can I do)<br>5/10 🎶 for at køre soundtracket til rocketman som lydbillede til denne formiddag. Er wannabe Elton John bedre end ingen Elton John?<br>0/10 📱for “smart” menukort med QR kode der ik virkede. Så må I sgu lige få en tavle frem. Hvorfor ik bare have en tavle i stedet egentlig?    https://www.instagram.com/p/CGpN40AhYVo/?utm_source=ig_web_copy_link]]></description>
      <styleUrl>#icon-1899-9C27B0</styleUrl>
      <Point>
        <coordinates>
          12.5562367,55.6925471,0
        </coordinates>
      </Point>
    </Placemark>
    <Placemark>
      <name>Café Sorgenfri</name>
      <description><![CDATA[En positiv ting ved at det bliver koldere er at jeg pludselig føler jeg kan retfærdiggøre 2x fadøl og snaps til mine frokoster. (Især nu hvor jeg ikke kan tage i byen hele natten) Det bliver nok ikke meget mere klassisk end @cafesorgenfrikbh som er perfekte til at skyde sæsonen igang! Vi startede med en fantastisk fiskefilet og en æg/reje der nærmest lignede en blomst, flot kogt og blødt og friske rejer der smagte dejligt med første runde Classic. Vi sad lige ved en radiator så inden længe blev vi sgu tørstige igen og vores totalt kække tjener var på pletten med fler’ bajer’ jaaaa tak. Videre til den mest fantastiske flæskesteg der måske ser lidt tør ud men det var den virkelig ikke!! Og tykke skiver Og hjemmesyltet rødkål+agurker, vi var i himmelen og fik nærmest en when Harry met Sally foodgasm da vi sank tænderne i 100% fedtet og fantastisk flæskesvær. Englene sang siger vi! 👼👼👼<br>Den eneste der ikke sad helt i skabet var hønsesalaten der i vores optik var lidt for meget asparges+svampe og lidt for få høns. WAH. <br>Vi er normalt til lidt mere chunky men respekterer at det er en smagssag. Vidunderlig eftermiddag <br>🥓 10/10 for flæskesvær<br>🥪 8/10 for madderne - kun høns trak ned. Silden så forresten hjernedød ud<br>🥰 9/10 for hyggelig stemning og genial betjening af gamle mænd med store ølmaver der spottede to tørstige piger - soulmate material <br>💸 kostede 400 et eller andet..? Vi var rimeligt tipsy da vi gik så glemte kvit sorry.   https://www.instagram.com/p/CGmjs55h4wr/?utm_source=ig_web_copy_link]]></description>
      <styleUrl>#icon-1899-9C27B0</styleUrl>
      <Point>
        <coordinates>
          12.5747168,55.677878,0
        </coordinates>
      </Point>
    </Placemark>
    <Placemark>
      <name><![CDATA[Snack & Blues]]></name>
      <description><![CDATA[Er gået lidt kold i almindelige okseburgere og kom i tanke om @snackandblues på guldbergsgade angiveligt laver fried chicken to die for, så da vi skulle teste vores nye Disney+ abo kørte vi lige en Wolt bestilling på noget mere takeaway. Det er jo weekend ❤️<br><br>Den ene sultne pige kørte en klassisk fried chicken burger med aioli og brøndkarse - den var ny i min burger erfaring men fungerede faktisk virkelig godt og nogle virkelig gode pickles også. Store point! Den allestedsnærværende brioche bolle hørte selvfølgelig også til 🙃. <br>Til det fik jeg klassiske grovfritter med (mere) aioli og så lå jeg også med åndedrætsbesvær og gispede på sofaen. <br><br>Den anden pige hoppede i morgenmads/all DAY legenderetten Chicken n Waffles der tog kegler med en virkelig nice srirachia der piftede tingene op. Æblerne var jeg personligt lidt ligeglad med men det var lækkert med lidt frisk crunch til alt det fedt der svømmede rundt i vores blodårer 🥳 og en ordentlig portion sirup selvfølgelig <br><br>🍴 7/10 virkelig lækkert. Mwn eddermaneme heavy. I skal være forberedt på at blive ramt af en MUR efter ca 5 min. Vi kommer tilbage når tingene åbner op for at prøve waffle retten frisk serveret. Det er jo svært at tage tingene ud af huset uden af det bliver lidt slattent og der er dybstegt kylling og vafler måske en af mere udfordrende madvarer. <br>💸 230kr ca uden levering. <br><br>Husk at tip din Wolt leverandør hvis du bestiller gennem appen 🥰.   https://www.instagram.com/p/CJlK4Hch24H/?utm_source=ig_web_copy_link]]></description>
      <styleUrl>#icon-1899-9C27B0</styleUrl>
      <Point>
        <coordinates>
          12.5593728,55.691005,0
        </coordinates>
      </Point>
    </Placemark>
    <Placemark>
      <name>Forno a Legna</name>
      <description><![CDATA[“Who’s your best friend? PIZZA??<br>Gik rundt i Frederiksberg have og som de sultne piger vi er tog vi naturligvis et pitstop på Frederiksbergs bedste pizzeria FORNO A LEGNA <br>Amirite or amirite venner<br><br>Numero uno var en fantastico hvid med en masse artiskok og endnu mere ost. Crispy og smagfuld og rygende varm. Mamma mia<br>Numero due var tomat oh salsiccia som vi ELSKER på bloggen og blev hurtigt enige om at hvis sådan en bad boy er på menukortet forpligter det da at spise præcis den pizza. <br><br>Altså der er jo en grund til at forno a legna har legende status på falkoner alle - jeg kender mange CBS studerende der har trøstet sig hos dem midt i en krisetid, og utallige som cykler eller kører en decideret omvej for at ramme det gadehjørne når maven kalder på mere ❤️<br><br>🍕 10/10 intet over intet under, den er magnifico og kurer næsten alt<br>🥰 10/10 for service der leverede pizza til os udenfor, rullede markisen ud OG gav os to gratis sodavand da han indså jeg havde betalt en tier for meget. Thats amore<br>☀️ 7/10 godt solspot om eftermiddagen men selvfølgelig mange biler (vi er jo på Frederiksberg trods alt).   https://www.instagram.com/p/CJoV1QxhyiG/?utm_source=ig_web_copy_link]]></description>
      <styleUrl>#icon-1899-9C27B0</styleUrl>
      <Point>
        <coordinates>
          12.5355466,55.6824658,0
        </coordinates>
      </Point>
    </Placemark>
    <Placemark>
      <name>Thai Kin Dí</name>
      <description><![CDATA[These bitches are back JESUS ØV for en skuffelse at køre home delivery fra thai kin di i Valby.<br><br>KBH bugner jo af thai take aways, the rona har sørget for endnu flere, så vælg for Guds skyld et andet sted når I browser rundt på wolt. Der ligner det jo gudhjælpemig at alle take away steder laver sindssyg fråderen mad, så det er basically umuligt at skille e. coli-køkkenerne fra lokale hidden gems. Det var jo fandme en lille skjult thai perle jeg havde håbet på at finde i Valby, men Boooy was I a dumbass<br><br>Rullerne var lunkne og havde ingen struktur på fylder whatsoever, så aner vitterligt ikke hvad de har proppet i. Alt godt fra grøntsagsskuffen gennem kødhakkeren? Og de var heller ikke sprøde, nej de var ligeså slatne som den bajer man sidder og sutter på i de tidligste morgentimer på cafe Malmø. Ps giv os bodegaerne tilbage, ville give min førstefødte for at tabe i billiard dernede lige nu. Men ift de her rolls, så foretrækker jeg daloons. BURRrrrN<br><br>Og så vores grønne karry med forskellige grøntsager, der havde det til fælles at de alle sammen smagte totalt vandede. Altså COME ON man kan godt smage når ting har været frosset ned? Tror sådan nogle steder her at jeg er grøntsags-imbecil or what, ALLE kan smage det, og du kan godt få friske thai auberginer i kbh, så der er bare ingen undskyldninger. Eneste upside var at den var ægte stærk og ikke dansker-stærk, men det må være mere held end forstand for nu kommer vi til min helt store anke: KEFIR LIME BLADE SKÅRET UD!?! ARE U FUCKING KIDDING ME? ARE U TRYING TO DESTROY THAI FOR ME!!?!?! Kæmpe red alert, det kan umuligt være thai madkyndige der står bag skærebrættet, for de blade er i for smags skyld og skal fiskes op og ikke spises. Og det kan man jo ikke når den er skåret ud i mundrette bidder og forsvinder mellem slappe grøntsager. Kæmpe no go. <br><br>1/10 🥢 det ene point kun fordi vi ik blev syge bagefter LOL<br>Ved fandme ik rigtig hvad jeg ellers skal sige? Der er rigelig mad til to middelsultne piger, men altså bare lad være med at bestille derfra. Medmindre du dyrker 2021 viben so far, så er sådan et måltid very appropriate 🙇‍♀️🙇‍♀.    https://www.instagram.com/p/CJwEYo7hwBy/?utm_source=ig_web_copy_link]]></description>
      <styleUrl>#icon-1899-9C27B0</styleUrl>
      <Point>
        <coordinates>
          12.5199025,55.6621176,0
        </coordinates>
      </Point>
    </Placemark>
    <Placemark>
      <name>Brødflov - Christianshavn</name>
      <description><![CDATA[ENDELIG skinner solen og vi skal ud og nyde det gode vejr!!<br>☀️☀️☀️☀️☀️☀️<br>Hvad bedre end at hive hinanden under armen og slentre Christianshavn med lidt bagværk i posen?<br><br>Den ene sultne pige er ikke største fan af hverken lagkagehuset eller emmerys og vi gik lidt i stå over hvad er der ellers af muligheder på torvet? <br><br>Valget faldt på @broedflov (også på falkoner) som er endnu en ØKO bager med alt hvad hjertet kan begære. Vi må give plus points for at der var et så kæmpe udvalg af smurte boller, kager, alt hvad du mangler til brødet (fra lokale leverandører) og mel, men bagværket var en rimelig standard levering. Vi havde ikke fået morgenmad så den ene sultne pige tog en bolle med smør - helt tilforladelig og god ost der smagte af lidt men ikke for meget. <br>Den anden sultne pige gik planken ud og prøvede en sandwich med lammespegepølse og noget kål salat og en virkelig god urtemayo? Ubestemmelig men helt klart lækker. <br><br>Dertil fik vi en totalt ligegyldig filterkaffe 💔<br><br>7/10 for morgenmad, fin men ikke min favorit <br>8/10 for udvalg - fik helt lyst til stikkelsbærmadder og pålægschokolade <br>2/10 kaffe var whatever, smagte bare lidt af ligegyldig bager kaffe. Er sikker på der er en fancy biks rundt om hjørnet så bare tag den der i stedet.   https://www.instagram.com/p/CJ0fQM5hrV3/?utm_source=ig_web_copy_link]]></description>
      <styleUrl>#icon-1899-9C27B0</styleUrl>
      <Point>
        <coordinates>
          12.5920262,55.6719311,0
        </coordinates>
      </Point>
    </Placemark>
    <Placemark>
      <name>Gasoline Grill</name>
      <description><![CDATA[Wow! Selvom baren er lukket kan det godt lade sig gøre at få lidt for meget vin indenbords, og alle ved kuren mod tømmermænd altid er en omgang takeaway. <br><br>Man kan dårligt kalde @gasolinegrill the new kid on the block men for nyligt åbnede de en filial på værnedamsvej og de stod for skud denne gråvejrsdag. <br><br>Nu glemte jeg et billede af indretningen, men undrer mig endnu en gang over hvorfor er der så ikke hyggeligt inde på gasoline? Ingen steder at sidde, ingen pynt på væggene? Man får virkelig en følelse af at de ikke vil have man hænger ud et sekund mere end burgeren kan leveres.<br><br>Deres cheeseburger er som en mursten af himmelen med få men perfekte ingredienser (hørte noma tyvstjal deres burger/blev kraftigt inspireret) og din mavesæk bliver øjeblikkeligt smurt med fedt og kødsaft. Noget skal man jo tørre op med og en papirpose med bølgefritter gør mig altid lykkelig ❤️<br><br>Betjening - vi var de eneste inde og bestille og ekspedienten sejlede seriøst så meget at jeg først ventede i fem minutter og derefter skulle gentage to gange hvad jeg ville have. Så stort er menukortet altså ikke- og så gik der et kvarter før jeg fik min mad? Kom så venner, op i gear ellers kommer en af de andre burgerkæder og tager mig tilbage. Måske bare en dårlig dag men det gjorde mig til en lidt hangry customer. <br><br>🍔 9/10 perfekt perfekt. Tror gas er min favorit burger i kbh. Please åbn en filial tættere på os 💔<br>🕑 2/10 aaaaalt for langsom servering både til bestilling og maden. <br>💸 120+10 til mayo. Synes det er super stenet når man ikke får en dip inkluderet i menuen. Hvem spiser pommes uden dip???<br><br>Cute touch dog at man fik en gratis maske med. Så kan vi være reklamebanner - smart tænkt ;).   https://www.instagram.com/p/CJ6C4GHBRas/?utm_source=ig_web_copy_link]]></description>
      <styleUrl>#icon-1899-9C27B0</styleUrl>
      <Point>
        <coordinates>
          12.5500934,55.673066,0
        </coordinates>
      </Point>
    </Placemark>
    <Placemark>
      <name>Wedo Halmtorvet</name>
      <description><![CDATA[New year new diet, nej tak, men tro det eller la vær, vi ka også engang imellem få lyst til andet end comfort food, så vi lagde vejen forbi @wedogreens på Sdr blvd her den anden dag.<br>Det var jo engang hvor køen udenfor den her salatbiks nærmest ingen ende ville tage, men det er som om hypen forsvandt i takt med at poké bowls og whatever i den dur blev en ting. Så vi havde ærligt talt glemt alt om wedo, måske også at i det her vejr er salat bare lidt mere en side dish, ik?<br><br>Nåmen vi blev faktisk mætte!? Den ene sultne pige kørte en “favoritten” men skiftede kylling ud med laks, og så var der salatblade, edamame, gulerødder, tang, peanuts og gomadressing. God kombi. Seriøst de har en god goma dressing derinde, mindes engang jeg har købt en bøtte kun med den, og den blev fandme tømt hurtigt. <br>Sulten pige nummer 2 prøvede en af sæsonens salater med kål, sorte ris, forårsløg, mynte, persille, hummus, ristede kikærter, salsa romesco, thaidressing og chiliolie. Umiddelbart undrede vi os over at hummusen blev rørt sammen med det hele, altså ville man ikke hellere have haft den som en klat ude i siden, så man måske kunne smage den lidt bedre? Well, det viste sig ikke at være er problem, det smagte faktisk rigtig fint, da vi kom dertil. Generelt er wedo bare rigtig gode til at sammensætte salater, både ift smag og struktur. Thumbs up<br><br>MEN! Hva sker der for at det hele ikke er økologisk? Altså du kan fodre svin med københavnske salatbarer, så når priserne nu alligevel er skruet rimelig godt op, så kør da øko råvarer? Og er vi sikre på at indholdet i montrerne ik er øko, nej ik helt, men altså de har flagget deres bittesmå 45kr smoothies som øko, så mon ik de havde gjort det samme med råvarerne hvis de også var? I think so. Det er uambitiøst, synes vi. <br>Vi fik hver en madbolle til, den var fin, men altså 16kr stk totalt overpris jo<br><br>8/10 🥗 for smag og mæthedsfornemmelse<br>1/10 ⛔️ for at have et koncept der handler om “et bredt udvalg af sunde råvarer” og så ik køre øko<br>5/10 💸 tror det blev ca 190kr i alt for 2 salater og 2 madboller. For dyrt. Så går man lige forbi istedgrillen på vej hjem og tænker på hvor mange penge man ku have sparet 😩.  https://www.instagram.com/p/CJ8-65DhxXE/?utm_source=ig_web_copy_link]]></description>
      <styleUrl>#icon-1899-9C27B0</styleUrl>
      <Point>
        <coordinates>
          12.5580504,55.6689688,0
        </coordinates>
      </Point>
    </Placemark>
    <Placemark>
      <name>Ma Poule</name>
      <description><![CDATA[Lil Update på denne solskinsdag er Torvehallernes klassiker @mapoule_torvehallerne og deres lige-i-skabet confit de canard sandwich. <br>Det er jo ikke ligefrem breaking news at de findes men vi var tilfældigvis i området på gåtur og kunne ikke modstå ❤️<br>Sandwichen er bygget meget basalt op af sennep, rucola og mørt fedt and i strimler, pakket ind i et hvidt hvidt hvidt baguette. <br>Alt var perfekt bortset fra at brødet var lidt tørt og jeg kunne personligt godt tænke mig lidt mere sennep men hvorfor ændre en opskrift der har fungeret i 10 år eller mere. Rucolaen var super pebret hvilket vi ELSKER, gad vide hvem deres leverandør er??<br><br>Hvis man har lyst til mere har de også et fantastisk deli udvalg med alle de dyre franske oste og charcuterie du kunne drømme om. Vi stod og savlede lidt over en asket gedeost der så specielt indbydende ud. <br><br>🥪 8/10 den sidder altid i skabet, koster ikke alverden og er nem at spise<br>💸 64kr.  https://www.instagram.com/p/CKBeqxkBMF6/?utm_source=ig_web_copy_link]]></description>
      <styleUrl>#icon-1899-9C27B0</styleUrl>
      <Point>
        <coordinates>
          12.5695146,55.6840214,0
        </coordinates>
      </Point>
    </Placemark>
    <Placemark>
      <name>Lones Pølser</name>
      <description><![CDATA[I anledningen af pølsevognens 100 års fødselsdag skulle vi selvfølgelig ned med frokostsegmentet på café fodkold og se hvad der sker på gaden. <br>Det er jo det eneste sted hvor du kan “spise inde” og vi må indrømme at vi havde savnet at spise så snart maden var klar i stedet for den uendelige og nedkølende transporttid der ellers er i øjeblikket. <br><br>Lones Pølser ved værnedamsvej var dagens mødested og hun den søde ekspedient var helt overvældet af alle de pølseglade kunder der var på en mandag. Hurraa 🌭🇩🇰<br><br>Vi tog naturligvis en ristet med det hele og for at udforske udvalget nappede vi også en pølse i svøb (alm, Frank var udsolgt) med super nice crispy bacon og en klassisk bøfsandwich som desværre faldt lidt til jorden da farsen vist aldrig havde set skyggen af et krydderi - heller ikke salt. Lidt kedelig affære. <br>Pølserne holdt dog niveau, måske lidt mere ristet løg men der var fart over feltet. <br>Hertil en Cocio selvfølgelig, hun var desværre løbet tør for lune men den smager jo godt uanset<br><br>🌭 6/10 for en solid omgang men jo ikke kulinarisk mesterværk. Tror nærmest alle pølsevogne har samme leverandør, en ristet smager ihvertfald ens hver gang. <br>😘 10/10 for god stemning i vognen og lykønskninger fra alle der kom forbi. Det var sgu nationalromantisk ❤️❤️<br>💸 100kr for to pølser, bøf og kakao.  https://www.instagram.com/p/CKMTTCbBr43/?utm_source=ig_web_copy_link]]></description>
      <styleUrl>#icon-1899-9C27B0</styleUrl>
      <Point>
        <coordinates>
          12.5496263,55.6726912,0
        </coordinates>
      </Point>
    </Placemark>
    <Placemark>
      <name><![CDATA[Gorm's - Nyhavn]]></name>
      <description><![CDATA[@woltdanmark er jo en af vores bedste venner for tiden, og da de diskede op med en deal fra @gormspizza i Nyhavn der hed noget a la “hyggeaften for 2” how romantic, og det sku prøves, især fordi vi havde flytterod og var “tvunget” til at spise i sengen, well well well. <br><br>Der var 2 forretter ish m hvidløgsbrød til, 1 valgfri pizza og salte snacks. Og nogle forskellige dips. Hvis vi lige starter med snacksne, så var det sgu lidt underligt at fyre op for friteret grisehud til saltmandler og rugbrødsknas? Haha eller er det bare mig? Whatever, var hurtig videre til polenterfritterne, for de var til gengæld psykopat gode! Haps! En burrata med let stegt grønkål og balsamico, altid en vinder-kombi, hvis det nu ikke lige var fordi burrataen smagte ret cheap. Der står på Wolt at den er håndlavet, er det det, man skriver, når man ik ka skrive hjemmelavet? Håber fandme ik det var samme niveau dengang der var bilkø for at få i deres mozzarella LOL. <br>Nå men lad os lige tale lidt om hvidløgsbrødet, for Jesus Kristus det vakte både glæde og inspiration. Who knew at man bare ku tage en pizzabund og køre olive og hvidløg på og så er det en fuldstændig divine lille side dish til dine “grøntsager”!? Jeg har i hvert fald ik tænkt på at gøre sådan, men det var lækkert fordi bunden jo er tynd, og så ku man proppe grønkålen op på, og ja altså bare kæmpe succes. <br>Vi gik med en miss wishbone (undlader at bitche over navnene i dag, but u know how I feel) med tomat, mozz, kartoffel, rosmarin, pesto og ruccola. Den er godkendt, men tænker at man med fordel ku have udeladt fx kartoflen, less er altså tit more. Så kunne pestoen også godt have været fordelt bedre, så det ik ender med at én sulten pige får det hele. En decent pizza, men vi er ik helt oppe at ringe, der skal mere til. <br><br>Og sorry jeg aner simpelthen næsten ik hvad vi gav for det, men der var 20% med den der wolt deal. Måske det var sådan lige under 400ish inkl levering? 🤷‍♀️🤷‍♀️ lidt for dyrt anyways<br><br>6/10 🍕 for pizzaen selv. Røg lige ned, men bliver aldrig first choice<br>9/10 🍟 for polenta fries!!! God dip til også! De holdt godt nok ik varmen længe, men de havde også rejst fra Nyhavn til v bro<br>10/10 🥖 HVIDLØGSBRØD!!!    https://www.instagram.com/p/CKQ7HKBB4Zi/?utm_source=ig_web_copy_link]]></description>
      <styleUrl>#icon-1899-9C27B0</styleUrl>
      <Point>
        <coordinates>
          12.590103,55.6796714,0
        </coordinates>
      </Point>
    </Placemark>
    <Placemark>
      <name>Mangia</name>
      <description><![CDATA[I sidste weekend besluttede vi os for at køre hjemmerestaurant a la @mangia_bar_ristorante - ræddi ræddi god beslutning! Du får en starter, en pasta og en dessert for 300 per person, pretty fair deal. Der røg en vin og et surdejsbrød med i vores High level take away pose, og vi gik hjemad fulde af forventningsglæde. <br>Forretten var tatar, tydeligvis hakket m håndkraft, så luksus når stykkerne har forskellig størrelse, much appreciated! Der var hasselnødder og æggeblommecreme på, en form for hjemmerørt mayo bare tykkere. Tilførte creme og crisp til kødet, MUMS for en kombi. <br>Pasta var tagliatelle med kalveragout og ricotta/spinat tortellinni i salviesmør shiiit der var kræset for smagsløgene her! Kødet var SÅ mørt, pastaen helt perfekt preppet. Vi troede først at portionerne var for små, for I ved, vi er jo ret sultne, men det viste sig at passer perfecto. Skyllede efter med en VIRKELIG VOLD god orangevin, wowowowowow. <br>Choko mousse m pære, en kombi der umiddelbart giver os bange anelser hen mod slatne dåsesyltede frugter, men nix, der var bid i og gav god syre til den bløde mousse. Den er til den mælkechokolade agtige smag, det ku vi godt lide! <br>Brød, sygt godt, der er ik så meget dér. <br>Og her gik vi og troede at hjemme-restaurant oplevelserne bare var en corona-lappeløsning, men nej. Mangia har fattet hvordan den skal skæres. Seriously. <br>10/10 🍝 pastamiddag on point!<br>8/10 🫂 bestilte dagen inden, sku selv hen og hente, og der var mega sød betjening. Fed vibe. Men ville ønske man ku beslutte sig last minute, dog<br>❤️❤️❤️ stor anbefaling her fra de sultne piger 🤤🤤.  https://www.instagram.com/p/CKY7M1vBuPD/?utm_source=ig_web_copy_link]]></description>
      <styleUrl>#icon-1899-9C27B0</styleUrl>
      <Point>
        <coordinates>
          12.5543645,55.6733236,0
        </coordinates>
      </Point>
    </Placemark>
    <Placemark>
      <name>OTTO Pizza</name>
      <description><![CDATA[Landet er på lockdown, så vi har gået uendelige ture i området og har undret os over OTTO skiltet på værnedamsvej i et stykke tid. Hvad foregår der? <br>Drømmen blev fandme indfriet da vi indså det er PIZZA der åbner, BLESSED be the day i 2021 (hvem skulle have troet det)!<br><br>@ottopizza_cph er ejet af ikke mindre end Rasmus oubæk (bedre kendt som han der har suppleret Jagger til mine tømmermænd hver weekend). Kan han lave pizza? JA han kan. <br><br>Vi kørte sgu tre for at please bloggen, den første med palmekål og svampe er du helt færdig hvor er det lækkert at få palmekål på en pizza? Vi spår kultstatus ala ananas, just saying. Shit det smager godt<br>Næste pizz er en margarita med ndjua som er lidt spicy, meget olieret men virkelig god. Wauw <br>Vi sluttede af med salsiccia på mozzarella (se billede) hvilket forvirrede os lidt da det plejer at være en tomatbund med moz+ndjua på top men de havde besluttet sig for at vende konceptet på hovedet-WHY? Tomatklatterne var nice men kunne ikke komme igennem en hel uden at kede mig lidt.<br><br>A MOMENT OF SLICEnce for en helt fantastisk pizzadej, perfekt tilberedt og levede op til vores høje neapolitanske forventninger med leopardpletter og tynd bund og puffed kant. Amazing 👏<br><br>🍕9/10 fantastisk pizza men salsiccia pizzaen trak ned. Den blev kedelig ikke dårlig. Pizzaerne er ikke skåret ud. <br>🥰 10/10 fantastisk service. Så søde bois der gav anbefalinger OG kørte 500m længere end deres 2km leverings-max fordi mit bagagebærer var i stykker. Kæmpe kæmpe kæmpe service. <br>💸 309 inkl levering. ALLE PENGENE VÆRD. ❤️❤️<br><br>Vi glæder os allerede til bajere på Vesterbro og pizza til sommer<br><br>OG på pizzabakker står hvilket nr pizza det er. Vi er helt blæst bagover at der er personalized pizzabakker det er jo helt sindssygt designet 🔥. https://www.instagram.com/p/CKeq2UBBrCd/?utm_source=ig_web_copy_link ]]></description>
      <styleUrl>#icon-1899-9C27B0</styleUrl>
      <Point>
        <coordinates>
          12.5501146,55.6742405,0
        </coordinates>
      </Point>
    </Placemark>
    <Placemark>
      <name>Marchal</name>
      <description><![CDATA[Det jo svært at flexe under lockdown, så thank god at michelinstjernede steder kører take out til en brøkdel af prisen HURRA for den mulighed. Vi var en tur forbi @marchal.dk og smage på varerne. <br>Startede med en salad nicoise, deres take på den klassiske sydfranske tuna dish, med grillet otoro tun (uuuuh) og vagtelæg (uuuuh FLEX). Interessant take, men der var sjusket med grillning af den tun. Min portion var næsten helt gennemtilberedt, øv, især fordi jeg kiggede på den anden sultne piges og den var grillet til rosa-perfektion. Prøvede at bytte da hun var på toi, men det blev opdaget 😒<br>Solid dressing, mega cute små æg, vandvittigt gode haricot verts, men wierd at putte linser i? Eller hvad?<br><br>Fortsatte med en coq au vin og SORRY men min tlf har slettet billedet, så I må nøjes med min levende beskrivelse på skrift: Shit en skuffelse. Virkelig tør coq 🐓fyldt med syltede løg der smagte af noget fra glas. Men der var kartoffelpure og brød med citronsmør til, det var SYGGO lækkert, og super tiltrængt til lige at smøre ganen med. <br>Til sidst en gateau marcel og en æble-pekan tærte. Begge rigtig fine men så heller ik mere end det. <br>5/10 🥘 for mad. Man forventer at et sted som marchal har styr på tilberedning af fisk og kød. Ret øv at det bedste fra måltidet var de carbs der fulgte med hovedretten. Måske dette er et kig ind i fremtiden uden Andreas Bagh som le top chef i cuisinet? Merde alors siger vi bare. <br>4/10 💸 på value 4 money fronten. 475 francs fra sparegrisen per næse for tørt kød, kedelig tun og chokoladekage... og carbs! man betaler vel for stjernen, også hjemme i stuen.    https://www.instagram.com/p/CKjLR9oB6y5/?utm_source=ig_web_copy_link]]></description>
      <styleUrl>#icon-1899-9C27B0</styleUrl>
      <Point>
        <coordinates>
          12.5847761,55.6803657,0
        </coordinates>
      </Point>
    </Placemark>
    <Placemark>
      <name>Banh Mi</name>
      <description><![CDATA[En af ulemperne ved at bo i Københavns kebabbælte er at det tit føles som om man ikke kan få en frokost uden spyd (ikke at vi decideret klager, bare nogengange kan det blive lidt ensformigt) men idag genopdagede vi @banhmidk på elmegade just in time for lunch. 🥪<br><br>Den første pige tog en med oksekød og spicy mayo, nummer to tog et klassiskt honningglaseret svin. Til begge fik vi virkelig lækre syltede daikon/gulerødder og den friskeste friskeste koriander vi begge var helt oppe og køre over. Så meget smag og crisp fresh vibes! Gad vide hvem deres leverandør er?? for der er smæk på smagene og kæmpe kvalitet. <br><br>Begge sandwiches var skåret over så vi kunne dele (god detalje) , svinets marinering var lidt til den søde side for den ene pige mens den anden sad med stjerner i øjnene og mindedes en gammel backpackertur i ho chi Minh city, men vi var enige om at de smager ægte og vi er klar på at prøve flere af dem. Især tofu så god ud. <br>Brødet var en smule tørt dog! Og den ene pige synes at de friske chilier var lidt low power. Vil helst sparkes lidt i munden når det nu skal være🔥🔥<br>Men virkelig sprød frokost der føles sund og ikke så tungt. Vi havde helt glemt hvor lækker en fransk/vietnamesisk sandwich og køkken generelt kombi er. Genialt. 🇫🇷🇻🇳<br><br>🥪 8/10 ingen klager, en tasty sandwich men selvfølgelig ikke til den korianderforskrækkede spiser.<br>💸 125 for to så priserne er lige steget lidt ifht hjemmesiden. Egentlig helt okay og billigere end tonkin.   https://www.instagram.com/p/CKmC5WKBEoD/?utm_source=ig_web_copy_link]]></description>
      <styleUrl>#icon-1899-9C27B0</styleUrl>
      <Point>
        <coordinates>
          12.5593379,55.6900044,0
        </coordinates>
      </Point>
    </Placemark>
    <Placemark>
      <name>Cicchetti</name>
      <description><![CDATA[Kneb en lille tåre igår over alle de bordreservationer vi ikke får brugt i februar, men trøstede os med en vidunderlig omgang takeaway fra @cicchettinoerrebro 🇮🇹❤️<br><br>Vi delte en antipasti og pasta, konceptet er mere byg-selv end vi prøvet tidligere men fungerede super. <br>Klassisk antipasti hvor vi især var glade for mortadellaen og broccolipuréen (opskrift?) som passede perfekt til ansjoserne. Eneste øv var at fordi brødet var olieret og forristet blev det til en stenhård kæmpecrostini (men jo svært at styre). Rasp/friteret kapers drysset på jordskokkerne løftede det til en sexy lil snack og vi elsker jo alt med mayo så sikker vinder. Burrataen var klart mere en moz version, fast og ikke så creamy men stadig god. Kunne måske godt have brugt en soltørret tomat evt?<br><br>VIDERE til semolina gnocci som bare skulle smides i ovnen, easy peasy og varme dådyret. Altså det smagte jo godt, ik noget der, men den meget bløde gnocci sammen med en meget mild og blød ragu gjorde retten en smule kedelig rent teksturmæssigt. Vi ville alle dage foretrække en tagliatelle til en ragu. Alternativt så kartoffel gnocci i stedet for at det hele ikke bliver til babymad? Point for at køre salat uden dikkedarer, det er også en undervurderet side. Lette point bevares, men det smagte godt med et lille blad 🌱<br><br>Overall en virkelig positiv overraskelse og til 325kr føler vi man får meget for pengene! Nemme vejledninger og fint pakket ind (omend meget emballage), deres menu skifter hver anden uge så de holder det spændende. <br><br>🍴9/10 value for Money hele vejen, kæmpe anbefaling på madfronten. God traditionel italiensk mad og råvarer der holder når der er gået lidt hverdag i den derhjemme. Vi fik ihvertfald næsten restaurant følelsen tvunget frem og hvad mere kan man bede om disse dage. <br>💸 325kr for at mætte to piger er virkelig en vibe i 2021! <br><br>Ja du skal varme det lidt selv og anrette men who cares vi har alligevel ikke andet at lave og så sikrer vi at maden klar når vi er. <br>+ du kan også købe en flaske vin nu hvor du står dernede 🍷.   https://www.instagram.com/p/CKodWmEBTae/?utm_source=ig_web_copy_link]]></description>
      <styleUrl>#icon-1899-9C27B0</styleUrl>
      <Point>
        <coordinates>
          12.5558032,55.6898815,0
        </coordinates>
      </Point>
    </Placemark>
    <Placemark>
      <name>Halifax Vesterbrogade</name>
      <description><![CDATA[Så er der throwback søndagsstemning! Gensyn med en af de helt gamle spillere på burgerfronten i KBH, ihvertfald det første gourmetsted vi husker..? @halifaxburgers på Vesterbro<br><br>Burgerne er opkaldt efter byer, vi tog enkøbenhavn som er en hel klassisk oksecheese med syltede agurker. Smagte fint, ikke noget specielt men gode til vores eftermiddagssult. <br>Nr 2 burger er en biarritz som var lidt mere special med rødløg gedeost og chili champignon (vi kunne ikke smage chilien men frækt med lidt svampe). <br>Begge er smurt med aioli hvilket er super nice men bollerne var faktisk totalt kedelige - Sorry 😬<br><br>Ret sjov detalje er at man kunne vælge hvordan ens burger kunne steges, vi valgte medium/rare men de er totalt gennemstegt. Så kan det da være ligemeget 😂<br><br>Mindes at i gamle gamle dage de havde overskårede små kartofler men nu har de kapituleret og kørte grovfritter. Til gengæld virkelig gode mayoer. <br><br>Alt i alt en ret gennemsnitlig oplevelse, ikke noget at råbe hurra for. Men hvis du godt kan lide funky lir der var moderne for nogle år siden så er det jo stedet. (Spejlæg, bbq sovs, ananas, rösti osv)<br><br>🍔 6/10 ikke dårligt bare ikke vores favorit <br>💸 120-150kr pr menu <br><br>Obs de har tilbud på Wolt idag 🇩🇰🇩🇰🇩🇰🇩🇰.  https://www.instagram.com/p/CKt2GeGBx3J/?utm_source=ig_web_copy_link]]></description>
      <styleUrl>#icon-1899-9C27B0</styleUrl>
      <Point>
        <coordinates>
          12.5516392,55.6727998,0
        </coordinates>
      </Point>
    </Placemark>
    <Placemark>
      <name>Kiin Kiin Tok Tok</name>
      <description><![CDATA[Ugen thai-fix kom @kiinkiintoktok til at stå for her den anden dag, vi gik ned og hentede et par starters og en dish til deling, spændte på hvad kiin kiins take out hotspot på v bro gade ku byde på. <br><br>Og altså er der noget bedre end at gå hjem med en pose der bare oser af thaidufte? I think not, det duftede så godt at vi må ha efterladt er savlspor hele vejen hjem 🤤🤤<br>Startede med hj lavet chianmai svinepølser skåret ud, lidt skuffet over de ik var varme, men ved ik om det er meningen de ikke skal være det. Ku have klædt dem. Det er ikke en fed pølse, og havde vi ik vidst bedre, ville vi faktisk tro der var tale om grøntsager i kødforklædning, for der var også fuld smæk på krydderismage, hvilket jo kun var lækkert. Men er du i medisterhumør er det her ikke din pøls. <br>Vi ELSKER papayasalat og har haft svært ved at finde en decent version i KBH efter at have prøvet kræfter med den ægte vare i Thailand. Men den her holder 100. Den var så stærk at der stod 11 taller ned fra næserne, heldigvis havde vi fået sticky Rice med til at dulme smagsløgene. Hurra der var smæk på. <br>Hovedretten var en minced kyllingeret med basilikum, chili og et stegt æg med alm ris til. Også go fart på chilien her, og så blev vi mindet om hvor sygt lækkert hakket kylling kan være, når det lige får selskab af sovs og masser af spices!? Tak for det. Den blev dog lige til den olierede side til vores smag, måske vi sku ha dyppet pølsen i den. <br>Alt i alt vi fik stadig associationer til fortovskøkkener i Bangkok, dejligt lige at drømme sig derhen for en stund, både på smag, duft og anretning. Der er sgu ik andre end thaikøkkener der kan slippe af sted med bare at fyre et par rå hvidkålsblade ned i boksen. Money-wise er vi self tilbage i DK, men lige under 300bobs var fint, vi blev tilpas mætte og tilpas glade. <br>8/10 🍲 tak for mad, vi kommer tilbage og prøver morning glory en dag<br>10/10 🌶 holy moly jeg pudsede næse mange gange <br>7/10 🧑‍🍳 på servicen - KÆMPE god steming derinde, så sød betjening. Men deres hjemmeside trænger virkelig til en gennemgang, den er super user-unfriendly. Vi kiggede på Wolt og så ringede vi derned og bestilte, så det er et lille tip hvis I vil undgå forvirring. <br>😇😇.  https://www.instagram.com/p/CK1bWc2h4Nf/?utm_source=ig_web_copy_link]]></description>
      <styleUrl>#icon-1899-9C27B0</styleUrl>
      <Point>
        <coordinates>
          12.5545952,55.6723374,0
        </coordinates>
      </Point>
    </Placemark>
    <Placemark>
      <name>Spisestuen</name>
      <description><![CDATA[Turen går til Sydhavnen som for den ene pige er relativt ukendt land, men det virker til der begynder at ske nogle spændende ting - deriblandt @spisestuenkbh som fik rave reviews på alle medier og derfor var på toppen af vores liste før alt lukkede ned. Heldigt for os er de hoppet på takeaway vognen, men til forskel fra vores seneste middage bliver denne lavet a la minute så klart et sted for de uberlokale. <br><br>Vi valgte to forretter og en hovedret til deling, startede med sprutte som var flot tilberedt men sorry, ret kedelig ret? Glaskål og pomelo og blæksprutte blev bare en meget ensformig affære, det smagte sgu ikke så spændende, nærmest for mildt? Vi savnede måske en eller to ingredienser til. <br><br>Samme skete med forret #2 som var røgede mungbønner (klart det meste spændende element) med en igen kedelig mos af flere bønner og lidt olie på. <br><br>Vi kunne måske have tilgivet de smagsløse starters hvis der havde været noget brød til at distrahere os - vildt billige point jo, hvorfor bager man ikke en kæmpe foccacia og gør kunderne glade? men vi sad tilbage med følelsen af at der manglede noget. Øv. <br><br>Videre til hovedretten som til gengæld var virkelig god - butternut squash risotto som var extra cheesy med både parmesan Og frisk gedeost YUMm det kunne virkelig noget. Det skal vi klart prøve derhjemme! Græskarret var også syltet hvilket gav en kant til det bløde i risen. Lige en obs - på menukortet stod der ikke at der er chiliolie på og damn det var der virkelig. <br>Pige 1 var virkelig sulten og gik ombord i nederste venstre hjørne og er du gal det udløste noget af et hosteanfald. God chili men måske lige lidt rundhåndet, det overdøvede resten af retten. Evt bed om olie on the side. <br><br>🍴 6/10 forretterne skuffede os virkelig. Vi havde sådan glædet os til at prøve takeaway herfra men det levede ikke op til vores forventninger. Forretterne var så små at vi følte os lidt snydt. Det føles som om at de fleste spisesteder i kbh giver en lidt bedre value for Money på deres takeaway men sådan er det åbenbart ikke med Udestuen. <br>💸 295kr i alt. Vi ville nok anbefale at springe direkte på hovedretten!<br>🍷 spisestuen har et super vinudvalg så du kan få en flaske med.   https://www.instagram.com/p/CK6gni_hMGU/?utm_source=ig_web_copy_link]]></description>
      <styleUrl>#icon-1899-9C27B0</styleUrl>
      <Point>
        <coordinates>
          12.5379044,55.6517533,0
        </coordinates>
      </Point>
    </Placemark>
    <Placemark>
      <name>Hanaya</name>
      <description><![CDATA[Var hurtige nok til at få fat i et tipsterbevis til en menu for 2 på @hanaya.dk, og var egentlig klar til at bruge det i sidste weekend, men der var der for travlt i biksen, så vi forudbestilte til den her i stedet. En frisk gåtur til frederiksberg senere stod vi foran den lillebitte 10kvm biks ved metrostationen, spændte og sultne og vores værste mareridt came true: noget var gået galt, og vores bestilling var ingen steder at finde. THE HORROR! Heldigvis blev vi mødt af den sødeste betjening vi længe har oplevet 💜 de undskyldte en mio gange og fiksede en pose sammen til os på fem min og smed endda en ekstra gang sashimi + en tun tartar med. Syggo god service, kæmpe point. Fejl kan ske for enhver, men det er så optur når det løses. <br>Der var så meget mad, rigeligt til os to selvom vi var ekstremt sultne. Highlights var laksen. Holy shit den var god, kan ik finde leverandør info nogle steder, men seriøst har ik smagt bedre i kbh!! Der udover havde vi optur over legesyge kombier som fx revet mørk choko på tun nigiri og sashimi (gav lille prik af bitterhed, perfektion!), tun maki med ristede græskarkerner på toppen, og marscarponecreme i tun tartaren - det var spændende uden at det blev fusions-køkken agtigt og wierdo. Det smagte bare SYGT godt. <br>Deres USP er lyserøde ris, Nice touch synes vi, smagsmæssigt betød det ikke rigtig noget. <br>Eneste non-fish var beef tataki som er en af de friskeste kødretter jeg nogensinde har indtaget - appelsin/æble/chili juice on top var en kæmpe vinder jo. <br>Faktisk er jeg ikke den store sushi-spiser, men skal 100 forbi Hanaya igen. Den anden sultne pige er ret velbevandret i de kbh-ske sushi providers, og hun mente det var det bedste sushi hun har fået herhjemme. Hold da op. Så vi ender sgu på fuld plade og glæder os til at smage resten af menukortet en dag. <br>10/10 🍣 for sushi - GIANT vibe for at holde det rimelig traditionelt men med spændende små nye smagskrøller<br>10/10 🧡 kokke+servitrice derinde fortjener en stor guldmedalje. De har sygt travlt, der ka ik være nemt for dem, så Big ups for at give os to en helt fab aften ❣<br>💸 250bobs, havde gladeligt betalt det dobbelte, hvilket det også ca koster uden tipster tilbud.   https://www.instagram.com/p/CK_wPcMhNYl/?utm_source=ig_web_copy_link]]></description>
      <styleUrl>#icon-1899-9C27B0</styleUrl>
      <Point>
        <coordinates>
          12.540555,55.6735396,0
        </coordinates>
      </Point>
    </Placemark>
    <Placemark>
      <name>Dal Forno</name>
      <description><![CDATA[Nu skal det jo ikke ende i middage det hele, så vi tog tilbage til værnedamsvej for at spise (endnu) en pizza - denne gang slice fra @dalfornodk 🍕🇮🇹<br>Så vidt vi husker åbnede de allerede i slutningen af 19 (lockdownbrain har ikke god tidsfornemmelse), men vi nåede aldrig forbi før nu. <br>Og wow der har vi virkelig sovet i timen! <br><br>Udvalget er småt men godt med pizza, slice og foccacia sandwiches. <br><br>Tjek lige den montre! Synes der er en tendens til en kedelig udsigt når man skal vælge slice men vi var totalt i vildrede fordi alt så sååå lækkert ud. <br>Man kan jo se at det er gode råvarer de smider på, vi endte i 2x mozzarella bund med hhv squash, salsiccia og pecorino og kartoffel/skinke - den skinke er jo straight outta supermarco så vi kunne ikke sige nej. <br><br>Som eksiljyde synes den ene sultne pige at de var lidt til den lille side, men med alt det ost og brød var vi mætte (ikke overmætte) og glade da vi slugte stykkerne. VIRKELIG god bund. Ved ikke om “72 hours” er en reference til dejens hævetid? I guess we’ll never know. <br>Alt var faktisk bare godt vi har 0 klager og tænker at ramme dem igen asap<br><br>Drinks wise er det en Italia finte at have en espressomaskine i en takeaway pizza biks? Sikke et flex 🇮🇹 den er vi totalt klar på<br><br>🍕 9/10 vi blev mætte men en sulten mande mand ville nok synes det var lidt piccolo. Ved ikke hvor store sandwich er (endnu)<br>💸 30-35kr for et slice alt efter fyld som er yderst fair pris til det niveau man får!   https://www.instagram.com/p/CLEfWBKhoUk/?utm_source=ig_web_copy_link]]></description>
      <styleUrl>#icon-1899-9C27B0</styleUrl>
      <Point>
        <coordinates>
          12.5497762,55.6736482,0
        </coordinates>
      </Point>
    </Placemark>
    <Placemark>
      <name>The Fat Pike POP-UP</name>
      <description><![CDATA[Som myg til en insektfanger bliver vi tiltrukket af neonskilte med burger reklamer, og @thefatpike på Bryggen er gået all in som vi naturligvis hoppede i efter en drink på vores meget lille onsdagsbar 🍻<br><br>Den første sultne pige tog en klassisk cheeseburger der smagte lidt røget (?) VERY nice - ikke mange surprises der. <br>De reklamerer for at kødet er hjemmehakket hver dag hvilket vi ikke umiddelbart kunne smage men det er da en nice detalje med frisk okse. <br><br>Nummer 2 kørte vegetar stilen og glædede sig over at der ikke var noget helse helligt over den portobello - svampen var pakket sammen med en ordentlig skive mozzarella og fuldstændig dækket til af en måske parmesan? panering og dertil klassisk burger salat tomat løg tilbehør. <br><br>Altså se lige hvordan den mozze oozer ud af siden som den prøver at undslippe (nice try, vi spiste op på 3 min)<br>Meget tømmermænds og jeg-har-fået-en-fadøl venlig aftensmad 🤤<br><br>Fritterne var også helt tilforladelige med en sexy trøffelmayo :) burgers er aioli smurt <br><br>🍔 8/10 gode solide burgers, ikke så mange smarte ingredienser, very basic. God panering. <br>💸 115-125 pr burger menu <br><br>Obs ligger i en baggård, lidt svært at finde (indtil man ser det kæmpe hvide lysskilt naturligvis).  https://www.instagram.com/p/CLKH6VXBNcf/?utm_source=ig_web_copy_link]]></description>
      <styleUrl>#icon-1899-9C27B0</styleUrl>
      <Point>
        <coordinates>
          12.5805053,55.6664402,0
        </coordinates>
      </Point>
    </Placemark>
    <Placemark>
      <name>Buka</name>
      <description><![CDATA[Vi har taget en lille pause på bagværksfronten efter fastelavnsbolle orgiet, men @bukacph har været anbefalet flere gange så vi kører lidt mere sukker (rip min næste tandlægeregning). <br><br>Vi har snydt og spist af to omgange da alt så så spændende ud af vi skulle have et større udvalg før dommen faldt. Til morgenmad fik den ene en salt/peber bolle som var lækker og spændende men desværre med en dødssyg ost. Hvorfor ikke bare investere i en ordentlig klump Arla unika gammel knas fra inco og pige-please?<br><br>Buka gør sig klart mest i det søde bagværk, vi fik en appelsin/kanelsnegl som vi var svært begejstrede for, men savnede lidt mere appelsin. God snask-dej ratio med tyndt udrullet dej. Appelsinen sad kun i glacen kunne man måske ikke inkorporere lidt mere?🍊<br><br>oven i den lil snack prøvede vi den vildeste spandauer med ekstra flødeskum (Vi mistænker dem for at lave den lille flødeskumstop på en af de der 52% fløde som man af og til kan være heldig at støde på i de finere supermarkeder. Det plejer jo ikke at være en dårlig ting i vores bog, men hvis du vil være så offensiv på din vanillecreme, så skal din flødestrategi komplimentere og ik hive i samme retning. De friske bær var ikke helt nok som modstykke). Meget flødetung. Spis en halv evt<br><br>Le Grand finale er en vaskeægte nutella croissant hvor lagene faldt lidt sammen og det bare smagte af nutella. Hvorfor ikke lave en kakaocreme selv så jeg slipper for den dårlige smag af palmeolie i munden? Gå nu bare all in please! 🙄<br><br>🍴8/10 overall er vi begejstrede da der er nogle virkelig spændende smagskombinationer på BUKA. Vi har fået anbefalet deres pistacie croissant + fastelavnsbollen er fantastisk. Et par minusser trak dog ned. Vi var også lidt ærgerlige over der ikke var filterkaffe<br>🥰 8/10 sød betjening og endnu sødere interiør! Tres romantique med blomster og virkelig flotte gulvfliser. Hyggeligt sted til morgenmad når verden åbner igen. Cute.     https://www.instagram.com/p/CLT1leEh1fz/?utm_source=ig_web_copy_link]]></description>
      <styleUrl>#icon-1899-9C27B0</styleUrl>
      <Point>
        <coordinates>
          12.5858709,55.6819717,0
        </coordinates>
      </Point>
    </Placemark>
    <Placemark>
      <name>BRUS</name>
      <description><![CDATA[I stiv (sne)kuling cyklede vi til @bruscph for at hente deres bud på vinterferiens @dinnerdays a la takeaway 2021. Altså restaurant oplevelse til lidt billigere pris en normalt<br><br>3 retter og en del mere saml selv end vi er vandt til men udstyret med brugervejledninger gav vi os i kast. Vi har taget 1x alm og 1x vege for at se hvad de kunne på begge fronter. <br><br>Første runde var to supper - den ene pige synes at kødsuppen vakte dårlige minder af suppe steg og is i Horsens, mens vege suppen havde mere kraft men stadig bare lidt.. kedelig. Vege var en klump selleri og kødsuppen var oksehale og vi havde delte meninger om det var hhv udkogt eller mørt. Så stor uenighed plejer ikke at være så lovende 😕<br><br>Videre! Kæmpe optur over bistro/biergaten vibe på wienerschnitzel, virkelig god kartoffelsalat og sauerkraut/tyttebær. Happy. <br><br>Vores korte glædesmoment blev straks dræbt da vi smagte blomkålsteak med blomkåls couscous. JA i læste rigtigt, vi har vitterligt fået en blomkål på blomkål hovedret. Hvad fanden?? Er det her jeres vegetar standard? Hvorfor skal man sendes på kål kur bare fordi man ikke spiser kød? What the fuck. Ikke engang en sølle ekstra side var der plads til. Vi har ikke ord nok til at fortælle hvor skuffede og snydt vi følte os. Wauw. VERY sad. Giv mig måske bare en bagt tomat?? Bare en hvilkensomhelst anden grøntsag end blomkål!!?? Vi respekterer forsøget på at bekæmpe madspild, men come on 😳 summa summarum var vegetaren en underprioritering i det køkken. En kæmpe joke. Hvis en af os havde været fuldtidsvegetar ville vi fandme have været kede af det. <br><br>Til gengæld sluttede vi af næsten perfekt med en helt fantastisk citron marengs tærte. God bless. Knivskarp balance mellem syre og sukkeret, lidt lys tærtebund. Elsker citron. Trak så meget op at vi besluttede os for at dele karakteren op i salt og sødt. <br><br>🍴 4/10 kedelige forretter, vegetar hovedretten var så cheap at vi ikke regner med at komme tilbage (bortset fra deres fermenterede fries som er guddommelige) <br>🍋 8/10 virkelig virkelig god dessert. Den ene pige er ikke sukker fan men var helt solgt. <br>💸 210kr pr person.    https://www.instagram.com/p/CLXastzhJnc/?utm_source=ig_web_copy_link]]></description>
      <styleUrl>#icon-1899-9C27B0</styleUrl>
      <Point>
        <coordinates>
          12.5561339,55.6921542,0
        </coordinates>
      </Point>
    </Placemark>
    <Placemark>
      <name>Restaurant Lola</name>
      <description><![CDATA[Vi er bundulykkelige over nyheden omkring at @restaurantlola og @kamilla_seidler kaster håndklædet i ringen og har begæret konkurs. Hvad er det for noget at vågne til seriøst. Vi har været på Lola flere gange og har altid fået fantastiske solnedgangsdrinks og spændende mad. <br><br>Vi nåede heldigvis forbi deres takeaway og den skal i ikke snydes for! De har valgt at hellige sig det indiske køkken 100% og vi har hørt godt om alt derfra (ikke at vi er overraskede) derfor vi allierede os med lidt flere medspisere så vi kunne prøve hele kortet og wauw for en omgang 😍<br><br>Lola kan virkelig noget med krydderierne for både lamme selvan og butter chicken var ouuut of this world. Fik helt London vibes af hvor højt niveauet for sauce kunne være og hvor krydret (og spicy) man faktisk kan få indisk i kbh. Kyllingen var så juicy og det var store portioner med de mest perfekt fluffy ris til og naan til at tørre tallerknen af med. <br>Vegetar retterne - korma og daal var fine, men vi var lidt trætte af der nærmest kun var knoldselleri i 😕større variation i grøntsagerne please! Daal var meget tynd og virkede helt blendet/suppe agtig hvilket egentlig er fint men vi havde håbet på måske tættere på 50/50 blend og linse tekstur. Men altså - VIRKELIG godt alligevel. Det er petitesser vi brokker os over. <br><br>Vi fik div toppings og dips om the side, den ene mere spicy end den anden og vi blev nødt til at knappe bukserne op for det smagte så godt vi ikke kunne stoppe 🔥🔥🔥<br>Det er så optur når man finder et sted der både kan levere på hot fronten men uden af retten bliver overdøvet af chili og man stadig kan smage de andre krydderier. Har tit fået svitset tungen af på 1 chili for meget men Lola havde fuld kontrol så vi kunne bare have en slurk dk vand en gang i mellem. Fabtastisk<br><br>🍴9/10 kæmpe kæmpe optur at få så god indisk. Man kunne smage det er topklasse råvarer og der er styr på det køkken. <br>💔 krydser fingre og tæer for at Lola genopstår i fremtiden på en måde. Sad sad day. De kører stadig takeaway indtil videre (evt følg på insta)<br><br>Skud ud til en virkelig god bombay mix også.  https://www.instagram.com/p/CLbjVYEhXVM/?utm_source=ig_web_copy_link]]></description>
      <styleUrl>#icon-1899-9C27B0</styleUrl>
      <Point>
        <coordinates>
          12.5963696,55.6714775,0
        </coordinates>
      </Point>
    </Placemark>
    <Placemark>
      <name>Anfac Restaurant</name>
      <description><![CDATA[I sidste weekend besluttede vi os for at tage på en lille rejse til somalia aka @anfacrestaurant på mimersgade. Klokken var brunch tid og de har både morgen/lunch/aften menukort, som vi spændte og sultne prøvede at forstå. Den søde fyr bag disken var heldigvis flink til at hjælpe med at oversætte ord som fx canjeera (pandekager) og calooley (mave, som vi styrede udenom). Tog en gang pandekager med oksegryde til, som er en morgenmadsret på disse kanter, og den anden sultne pige tog risret med oksekød. Omkring 80-90kr per næse. <br>KÆMPE value 4 money her! Holy shit der var meget mad, på sidste billede kan I se, at vi havde en hel halv pose med rester i bagefter. I kan roligt nøjes med en enkelt ret til deling, og ellers ka I jo gøre som os og spise leftover dinner. <br>Især fordi vi også fik: 2 supper af en art, 1 spinat snaske ting, 2 stærk grøn agurke relish ting og 2 spicy chilisauce. Wowow der var så meget var helt overvældet. Især dipsne var vi glade for, for maden var ikke specielt krydret. Ellers havde vi optur over pandekagerne, sygt fluffy og greasy på samme tid, thats how we like it. <br>generelt kan vi altså bare kun anbefale at man lige er lidt nysgerrig på de små steder, der måske ikke ser ud af meget, men som altså serverer mad der smager af hele verden, hjemmelavet og tydeligvis med kærlighed også ❣️ jeg ska da i hvert fald erstatte nogle af mine kebabbesøg med anfac, det er helt sikkert. <br>HUSK lige at bruge Google translate eller spørge derinde ift ingredienserne, hvis der er nogle dele på dyr som du helst vil undgå, de bruger det hele, og det støtter vi op om! Men havde tømse, så gik med safe choice denne gang, boring I know, sorry. <br>8/10 🥘 det smagte og vi blev SYGT mætte<br>10/10 💸 du får psykopat meget for pengene <br>10/10 ✨for at overraske os. Det ka se lidt nusset ud derinde, men lad det ikke skræmme! Af sted med jer til Somalia ☀️.  https://www.instagram.com/p/CLemQrwhPlo/?utm_source=ig_web_copy_link]]></description>
      <styleUrl>#icon-1899-9C27B0</styleUrl>
      <Point>
        <coordinates>
          12.5453422,55.7000248,0
        </coordinates>
      </Point>
    </Placemark>
    <Placemark>
      <name>Restaurant Koan</name>
      <description><![CDATA[Vi er VILDE med at så mange restauranter har taget fine-dine-at-home konceptet til sig, og @koancph har længe stået øverst på must try listen, så i fredags inviterede hver sulten pige en medspiser til bords, så vi sammen ku sætte tænderne i deres 6 retters home delivery selv-prep menu. Til 500 bobs per kuvert var forventningerne sat højt, men vi måtte desværre sande, at det ikke var pengene værd. So sad. Vi plejer at blive bitchy når det sker, men den her gang blev vi faktisk bare ægte kede af det? Havde elsket at skrive roser til koan, men kneb fandme næsten en tåre over at have taget fra opsparingen til det her måltid. <br><br>Lagde ud med torsk + jomfruhummer, som jo bare smagte af fisk m fisk på. Derefter donut m saltet pisket fløde, rigtig lækker, men blev enige om at den ik går som en ret til servering. Det er en spændende måde at servere brød på. Dumpling m svin i musling var aftenens højdepunkt. Sygt god bisque. Sygt lækker og stor dumpling, ik så meget der. Var blevet tippet om at retterne sku ha lige nogle minutter mere tilberedning end anvist, og det var crucial her.<br>aftenens main var kalvespidsbryst m grøntsager på. Anke nummer 1: hvorfor kalvespidsbryst?? Så kedelig udskæring (delte meninger) Men det var mørt, så smagte så godt som det nu kan, det er seriøst er stk kød jeg aldrig bestiller normalt. Anke nr 2: man skulle mixe stenbidderrogn i gulerod/knoldselleri blandingen hvilket gjorde at det forsvandt FULDSTÆNDIG både ift smag og tekstur. WHY!? Stenbidderrogn er så lækkert og pricy, i wanna taste it goddamn!!<br>2 gange dessert: mandelmousse med crunch der var brændt på og verdens mindste cookie (som dog var god). <br>Vi blev mætte, men ikke madmursmætte og måtte faktisk ha en lil snack senere. <br>Så øv. Dissapointing. <br>6/10 🍲 for mad. Kedelige og underlige valg på menuen, hvorfor ik gøre os endnu mere nysgerrige på hvad koan kan som køkken, for jeg tror altså på de kan meget mere!!<br>5/10 ⏰ for nem tilberedning, sku kun varmes og blandes. Men det tæller totalt ned ik at have styr på hvor lang tid tingene skal have i de små hjemmekøkkener. <br>(Sorry for manglende facade pic, det blev leveret til døren).   https://www.instagram.com/p/CLj9RIFB_lw/?utm_source=ig_web_copy_link]]></description>
      <styleUrl>#icon-1899-9C27B0</styleUrl>
      <Point>
        <coordinates>
          12.613002,55.692033,0
        </coordinates>
      </Point>
    </Placemark>
    <Placemark>
      <name>Darcy’s Kaffe</name>
      <description><![CDATA[Spring is near ☀️🌱 og på vores morgenslentretur kom vi forbi @darcyskaffe til en ny nørrebro morgenmadsfavorit. Wauw 😍<br><br>Bolle fra Alice med god ost (vigtigt), super yummy bananbrød som vi på trods af corona stadig ikke er trætte af. Altid fedt at starte dagen af med lidt kage og chokolade. <br>Vi prøvede også deres kardemommesnurre som blev lidt for kardemommet for vores smag desværre. Var havde nok ikke været nødvendigt med det ekstra sukker, men til den fantastiske kaffe de serverer kan man jo spise alt. <br><br>Hver gang vi er forbi kører de en ny hjernedød bønne på filteren - du har 100% garanti for en god kop og en barista der ved hvad de snakker om. Så nice ☕️☕️ virker til at ejeren er kæmpe kaffe nørd, we like <br><br>Og til sidst en helt sindssyg grilled cheese baseret på vores favoritfilm - CHEF (hvis ikke i har set så drop alt og sæt på asap) der var så cheesy og perfekt grillet wauw det var smukt. De ændrer også sandwich kortet men please kan vi have den permanent? Tomatillo salsaen var helt perfekt som modspil men vi må dog sige at selv for en perfekt ostemad er 80kr en høj pris at betale. <br><br>🍴 9/10 for samlet oplevelse. Pris + rundhåndet kardemomme trak ned fra en tier. De har også mere bagværk fra brød/alice. <br>🖼 9/10 sindssyg hyggelig indretning, føles meget som en ekstra stue. De sælger merch, plakater og kaffe udstyr så du kan tage lidt good vibes med hjem. <br>🎵 10/10 vildt god playliste der er chill kaffe musik uden at falde i smooth coffe table jazz vibes spoti fælden.   https://www.instagram.com/p/CLol_gtBWzW/?utm_source=ig_web_copy_link]]></description>
      <styleUrl>#icon-1899-9C27B0</styleUrl>
      <Point>
        <coordinates>
          12.5531731,55.6853549,0
        </coordinates>
      </Point>
    </Placemark>
    <Placemark>
      <name>Saito CPH</name>
      <description><![CDATA[Gemt et super random sted i den brune kødby ligger @saitocph som vi faldt over i en doomsday scroll session på insta. <br><br>Det er en smule anderledes fra almindelig sushi takeaway i at du får alle ingredienserne men man samler selv sine ruller hvilket gør at du 1. kan freestyle lige hvad du vil have 2. tangen er super crunchy. Lyder måske lidt dumt, men vi havde ikke overvejet der kunne være så meget knas i “indpakningen” <br><br>Der var alt fra omelet, laks, enoki, fiskeæg, røget rosenkål (??? den var ny) og alt på brættet var virkelig tasty og spændende. <br><br>Vi fik også en hel kondibøtte med perfekte klistrede ris og gik bare ombord i løjerne. Very nice. <br><br>Hvis vi skal komme med et kritikpunkt var vi lidt ærgerlige over at der ikke var en liste over ingredienser + måske kunne det være sjovt at have nogle kombination forslag? Men ikke at det gør det helt store. <br>Stor anbefaling til en grineren og lidt alternativ aftensmad hvor man skal være lidt fingernem - vi havde det ihvertfald ret sjovt med at gætte det hele og så lave den perfekte roll. <br><br>Kæmpe vibe at servere i kondibøtter! Vi har haft ret optur over de plastikkasser i et stykke tid (lockdown giver underlige interesser) men du kan spare gebyret ved at tage en kleen kanteen med. <br><br>Vi fik også en kombucha som vi glemte at tage et billede af som var et godt alko alternativ. <br>Meget positive!<br><br>🍴8/10 lidt delte meninger om den røgede rosenkål og vi synes det var lidt træls vi skulle gætte os frem på hvad vi spiste. Men sindssygt lækkert og VIRKELIG god value for money. Man kan sagtens dele tre personer og så bliver prisen godtnok konkurrencedygtig. <br>💸 375 / 395 alt efter indpakning for sushi. Helt fair <br>❤️ ekstra hjerte for kondibøtter. Vi kommer helt klart tilbage, nogengange magter man sgu bare ikke sticks. Om onsdagen har de chirashi sushi hvis du ikke gider samle selv.    https://www.instagram.com/p/CLuG8t1h4Gs/?utm_source=ig_web_copy_link]]></description>
      <styleUrl>#icon-1899-9C27B0</styleUrl>
      <Point>
        <coordinates>
          12.5615269,55.6686748,0
        </coordinates>
      </Point>
    </Placemark>
    <Placemark>
      <name>Crisp</name>
      <description><![CDATA[Hvor er det bare optur der er så godt vejr i weekenden! <br>Overvejede en tur langs søerne men der var for mange mennesker så hvorfor ikke prøve Københavns nye mad trend - mere fried chicken?<br><br>@eatcrisp på fælledvej har specialiseret sig i kyllingen, så vi prøvede lidt af hvert. <br><br>Startede med korean bbq wings som sejlede i måske lidt meget sauce men smagte meget fint. Lidt til den søde side og der var overhovedet ikke gang i chilierne hvilket var ærgerligt da vi havde bedt om ekstra spicy.. sad <br><br>Chicken nuggets var juicy men er det ikke lidt weird at der ikke er inkluderet en sauce til? <br><br>På godt og ondt er fried chicken burger blevet det nye og efter at spist os igennem både jagger, popl og poulette føler vi desværre ikke denne helt når samme niveau. Paneringen var blevet våd (the horror!) og bollen var også lidt blah 🙁 <br><br>🍴6/10 fint men træls at wings ikke var spicy, sauce ikke var inkluderet og at burgeren blev kedelig. Ved ikke nødvendigvis om vi ville tage derned igen. Kylling er fra danske glade øko gårde og det er altid en thumbs up ❤️<br>💸 95kr for menu, 55/59 for chicken ekstras. Prisen kan man ikke brokke sig over!     https://www.instagram.com/p/CL18H1shZWv/?utm_source=ig_web_copy_link]]></description>
      <styleUrl>#icon-1899-9C27B0</styleUrl>
      <Point>
        <coordinates>
          12.5597721,55.6891139,0
        </coordinates>
      </Point>
    </Placemark>
    <Placemark>
      <name>Easypeacylimonesqueezy</name>
      <description><![CDATA[Ægte kærlighed går gennem maven og vi blev ramt af pilen i weekenden hvor vi prøvede @easypeacylimonesqueezy 🍋 inde i @kitchencollectivedk (hvor topscoreren saito også ligger).<br>Lad os lige starte med 💯 for både et kæmpe stykke foccacia og en generøs parmesan klump. Det bliver man jo altid glad for. <br><br>Vi delte 1 menu og tog så begge ekstra tilkøb - kæmpe anbefaling! Der var masser mad, vi startede med nogle arancini med noget funky aioli og det eneste vi var kede af at der ikke var flere. Wauw det var lækkert. <br>Dertil en classico caprese med hel burrata (laver i den selv?) og tomater der svømmede rundt i olie. So far so good. <br><br>Pastaen var så så god og smuk og bønne/kalv saucen smagte bare så umami at selv da vi ikke kunne mere spiste vi sgu det hele. Helt vidunderligt. To sekunder fra at slikke tallerkenen. <br>Grønne bønner var gjort mere spændende af en omgang romesco og valget af radicchio var super da det gav en smule beskhed men så saftige appelsin og oliven gjorde det også bare mere wauw end hverdag. Vi følte os så inspirerede og heldige over at vi lige løb ind i denne perle. <br><br>Menuen skifter hver uge så vi kommer igen og det skal i virkelig også. Vi har kun roser at dele ud 🌹<br><br>🍴10/10 ikke en finger at sætte. Alt var fantastisk. <br>💸 285kr i alt for en tur i himmelen er et offer we will not refuse. Det er hverdagsmad der lige har fået et nøk opad og man kan smage der er glad kærlighed og energi i det hele. <br><br>Alt foregår via Instagram og de var gode til at hjælpe med alle spørgsmål vi havde. Go go go 🔥.  https://www.instagram.com/p/CL62Dp1hf3a/?utm_source=ig_web_copy_link]]></description>
      <styleUrl>#icon-1899-9C27B0</styleUrl>
      <Point>
        <coordinates>
          12.5615269,55.6686748,0
        </coordinates>
      </Point>
    </Placemark>
    <Placemark>
      <name>MexiHagen</name>
      <description><![CDATA[HOLD UP der er en ny konge i byen og han hedder @mexihagendk 🇲🇽!<br>Vi har lige ramt den vildeste frokost vi ikke har fået lignende siden Mexico og ligger nu med åndenød på hjemmekontoret og prøver at komme os. Ay caramba som man siger, madguderne er med og har præsenteret nok det kalorietungeste måltid i bloggens historie.<br><br>Første billede er tre tacos med dobbeltskal og enormt lag ost i midten tilsat det møreste oksekød (birria) og nok fem liter olie. <br>Vildt god guac der stod imod ost/kød bjerget og en hel fin lil nacho snack on the side.<br><br>Numero dos er deres take på en quasadilla (queso birria) tilsat samme kød som før, hvilket også er hovedingrediensen i deres sidste ret consomé de birria (stuvning med ris) som vi ikke fik prøvet da de første to ting slog os helt omkuld. Lime skiverne var lidt pequeño og vi ville ønske man også kunne købe tomatillo salsa med hjem? Please add! Kødet smager fantastisk og der var en lille flaske i vognen men til nogle små chilipiger som os kunne vi godt have brugt un pocito mas<br><br>Det er den ultimative tømmermænds spise, du får alt kroppen har brug for og slået til tælling med det samme. <br>Vi kom kun igennem halvdelen af maden. Den ene piges hvide bukser blev druknet i oliepletter og de to sølle servietter varede kun fem sekunder. Husk rigeligt med papir til både ansigt og hænder. Smurt ind 😋<br><br>🌮 10/10 ik mer at sige. Ja der findes andre gode tacos i byen men den her var det sygeste monster. Alle komponenterne var gode, taco skallen duftede så dejligt og ingredienserne var helt fresh chopped. Den guac kunne ikke have været mere end 5 min gammel og det er jo virkelig en positiv indikator at man har så travlt det hele er fresca. <br>💸 170 i alt og please kun køb 1 ret, der var så meget og det ligger sig som en sten i maven. <br><br>VIVA MEXICO og VIVA @mexihagendk 🇲🇽🇲🇽🇲🇽🇲🇽🇲🇽🇲🇽<br>Ligger pt ved Nørrebro st på lygten<br><br>Ses til bypass.  https://www.instagram.com/p/CL_y1hThgp0/?utm_source=ig_web_copy_link]]></description>
      <styleUrl>#icon-1899-9C27B0</styleUrl>
      <Point>
        <coordinates>
          12.5377778,55.7016667,0
        </coordinates>
      </Point>
    </Placemark>
    <Placemark>
      <name>Dandelion Burger</name>
      <description><![CDATA[Another day another burger, der er satme kommet mange nye stedet synes vi, og på en gåtur fra nørrebro til indre by manglede vi et pitstop, hvilket var perfekt til at teste @dandelionburger. Havde hver en gæstespiser med, og de 4 sultne piger blev enige om at dele 2 combos a deres claime2fame dandelion burger, fritter og en valgfri dåse. <br><br>Det første der slog os var at briochen var noget af det blødeste og smørede vi længe har sat tænderne i, god god start. Også kødet, super juicy og perfekt stegt, FRISKLAVET, kommer klart op på Gasolin niveau 🤤 prøvede at gætte hvad der var i den der dandelion dip, det var vi ik så gode til, men noget med sennepsfrø og måske persille. Whatever den smagte amazing, også til fritterne som var ret saltede og med timian, dem ku vi også godt lide. Den anden dip var såkaldt chili mayo, men den var ikke spicy, mere cayenne/Paprika. Ku godt have brugt lidt mere ost i burgeren, men vi er i småtingsafdelingen fordi ... (drumroll) ... BLOMKÅL! Hvem sku ha troet at de her sultne snask/smør/grease elskende piger ku få umami optur over blomkål i deres burger? Det lyder jo som helligbrøde, og vi skulle da også lige kigge en ekstra gang da vi fik den sprøde, syltede smag i munden. <br>Men altså, det er fordi dandelion signatur burgeren er med pickled grøntsager, dvs blomkål, gulerødder osv - basically alt det du ville choppe op og fyre i en god hjemmelavet remo. Og det gav KÆMPE value til burgeren, tilførte god syre til den tunge bøf og greasy bun, kan ik understrege nok hvor optur det var. Totalt godt tænkt med forskellige grøntsager og ik bare alm kedelig slap agurk. Så har dén her burger også noget der skiller den fra alle de andre, det er optur. <br>9/10 🍔 satme en god ny pige i den københavnske burger-klasse. Vi spår stor popularitet!<br>10/10 💰 på value4money, stooor portion i combo der gik for 100kr, perfekt til lige at dele, fordi den var så tung. <br>Der var i øvrigt sød og hurtig betjening ❤️<br>Et lille pro tip er at tage sin combo med ned i Kgs have, der sad vi og nød solen ☀️.  https://www.instagram.com/p/CMChr5MBYWE/?utm_source=ig_web_copy_link]]></description>
      <styleUrl>#icon-1899-9C27B0</styleUrl>
      <Point>
        <coordinates>
          12.5875841,55.6835727,0
        </coordinates>
      </Point>
    </Placemark>
    <Placemark>
      <name>Bulko</name>
      <description><![CDATA[Take away karmaen har været i top de sidste mange dage, så vi måtte jo ramme muren på et eller andet tidspunkt. Det blev så i fredags hvor vi begik den fejl at bestille en hel masse mad fra @bulko_copenhagen. Ligger på hjørnet af ny Carlsberg og Vesterfælledvej, og har dermed været anledning til koreanske streetfood cravings på vores mange corona-gåture op til Søndermarken. Men shit mand hvor blev vi skuffede. <br><br>Vi var lidt flere end 2 sultne piger der skulle spise sammen, så fik mulighed for at komme godt omkring både veggie og kød menukort, men retterne var basically éns ift opbygning m ris og salat. Og lad os starte dér. Fuldstændig overkogt grød agtige ris, og tydeligvis salatblanding fra netto. Seriøst, ruccola i min korean food? Og babyspinat? Jeg vil ha sprød kål goddammit!! Ved sgu ik hvad man må og ik må i det koreanske køkken, men uanset hvad klædte det på ingen måde retterne, men var totalt kedeligt og ligegyldigt. <br>Kødretterne var med svin og de var faktisk fint krydret. Men så heller ikke mere end det. Vegetarerne fik med sød kartoffel, som det ikke lykkedes os at finde i gravearbejdet (portionerne er ret store). Og så en enkelt bibimbap med friterede svampe (også lidt off?). De smagte kedeligt. Måske faktisk det mest kedelige fra en frituregryde jeg nogensinde har smagt. <br>Og hold nu fast, for de havde gudhjælpemig puttet tangsalat i bibimbapen, og hvis det ik var haram nok i sig selv, så var det en tangsalat der smagte for gammelt, og den ene sultne pige måtte tørre tungen med en serviet efter at have smagt. AD<br>Så summa summarum, hvis du skal købe noget derfra så tag en kødret, men altså bare lad være. Tjek i øvrigt lige hvordan deres billeder ser ud på Wolt LOL det er altså noget helt andet IRL. Godt nok er vi ik mester fotografer, men alligevel, hahaha. <br>2/10 🍲 nej tak<br>1/10 ☝️en løftet pegefinger for der var altså flere af retterne der indeholdt ingredienser de ik har skrevet i menuen. Ret træls at den ene sultne pige fx gik udenom alt med svampe i, for så alligevel at få svampe i sin ret. <br>Men altså det lignede ærligt de bare havde fyret en masse random ting sammen, så deri ligger måske forklaringen. <br>120ish per ret, spild af penge.   https://www.instagram.com/p/CMIFkUBh423/?utm_source=ig_web_copy_link]]></description>
      <styleUrl>#icon-1899-9C27B0</styleUrl>
      <Point>
        <coordinates>
          12.5394554,55.6665798,0
        </coordinates>
      </Point>
    </Placemark>
    <Placemark>
      <name>Ych</name>
      <description><![CDATA[Forleden var vi igen pizza sultne og besluttede os for at det var tid til at checke ind og se hvordan det går hos @ychvesterbro og deres signatur sesambund. Den ene sultne pige stillede spørgsmålstegn ved om alt det der med sesam egentlig skyldes, at man vil have en sådan lidt health ish pizza, så vi googlede “pizza sesambund HVORFOR” men blev ik rigtig klogere. Så det handler nu nok om smag/sprødhed hvilket jo også er noget vi langt bedre kan forstå. <br><br>Nå men in the name of the blog bestilte vi også en helt alm pizza med tomat mozz og chorizo. Hold nu kæft en kedelig bund. Det er der mange pizzeriaer der kan gøre bedre. Men vi tog også en nummer 8 med den famøse sesambund + forskellige svampe, trøffelolie og rosmarin. Og den er fandme god! Bunden er sprød og luftig, og altså italienerne tager sig nok til hovedet, men vi synes sgu det er fresh nok at tilbyde noget lidt anderledes. Især når det virker, og det gør det! Perfekte smagskombi på nr 8, den skal i prøve. <br><br>Og så er Enghave plads jo blevet det nye friheden eller hvad? Der er i hvert fald høj stemningen hvor den lille sprutbiks ved siden af serverer alko, det er varmelamper til din ventetid, så vi stod sgu lige og nød en lil sodavand mens de lavede mad til os. Drengene bag baren er i øvrigt virkelig søde, og vi elsker stemningen med fuld skrald på anlægget og all good vibes. <br><br>Vi deler altså lige den her op i 2:<br>4/10 🍕 for pølsepizzaen. Den var ret kedelig, vil ik bestille igen<br>9/10 🍕for sesam/svamp/trøffel mums altså, den er en vinder<br>240 bobs for 2 pizze og 2 sodavand, lige kras nok måske, men de vinder point på gode vibes 🎉.        https://www.instagram.com/p/CMM5cmjBDRh/]]></description>
      <styleUrl>#icon-1899-9C27B0</styleUrl>
      <Point>
        <coordinates>
          12.546616,55.66687,0
        </coordinates>
      </Point>
    </Placemark>
    <Placemark>
      <name>Punjab Indisk Restaurant</name>
      <description><![CDATA[Det her vejr SKRIGER på comfy food og vi anbefaler I stikker til Valby og prøver Punjab (som jeg ik ka finde på IG)<br>Det er jo ik så lang tid siden vi fik amazing indisk fra Lola, så barren var sat højt, men Punjab ku altså godt være med. <br>Kørte classic butter chick som var MEGET smøret, med forholdsvist store stykker kylling, der var dejlig mørt og juicy. Mmm. Og så en punjabi chole der er kikærter i grøn karrysovs, den var mindst ligeså greasy, PERFEKT krydret hvis man er til det lidt spicy. Totalt mums på begge retter, men du skal eddermame ik være fedtforskrækket hvis du bestiller derfra - hvilket jo er et plus i vores bog, men vi balancerer på et knivsæg her, det var ik for meget, men tæt på. <br>Begge retter var rigeligt til 2 sultne piger til deling især fordi der kom en gavmild omgang ris (også superb tilberedt) med til hver ret. #Blessed at have indisk rester til frokost, ja tak🤤<br>Naan brødet var kedeligt, desværre. Fik apparently kun taget et super close up billede af det, haha? Men det smagte ikke af så meget og var ret tørt ift hvad sådan et brød plejer at være. MEN dyppede det i den mango chutney vi havde tilkøbt, så gik det hele som smurt, dog er chutneyen ik bedre end dem man kan købe everywhere på glas. Nå. <br>Skal helt sikkert forbi igen, men dropper naan og bestiller en halv ret per sulten pige<br>Bestilte direkte via restauranten og fik leveret til døren efter ca 1 time bare FYI<br>8/10 🥘 for maden, ku godt tænke mig at prøve mere derfra, de har styr på de indiske spices!<br>10/10 🎁 for indpakning! Er der noget de sidste mange måneder har vist, så er det at restauranterne sgu ska ha styr på dén. Og Punjab leverede i fuldstændig leak proof bøtter m forsejlet plastik henover, ik en dråbe blev spildt ud i posen WOW very impressed!<br>Retterne ligger til ca 129kr stk, det synes vi faktisk er vildt god value 4 money når der er nok til 2 i én.      https://www.instagram.com/p/CMSESZdBmnH/]]></description>
      <styleUrl>#icon-1899-9C27B0</styleUrl>
      <Point>
        <coordinates>
          12.5203279,55.6664404,0
        </coordinates>
      </Point>
    </Placemark>
    <Placemark>
      <name>Pho Saigon</name>
      <description><![CDATA[Vi havde lige glædet os til at pimpe vin i solen og være helt forårsagtige, men når vejret bliver helt vinter schizo er der ikke andet at gøre end at cykle ned til sin lokale vietnameser og trøste sig med lidt suppe mens vi stirrer ud af vinduet og venter og venter 😭<br><br>Vi hoppede på pho saigon hvor vi startede med super crispy wontons med en lækker fars - yummyy<br>Forårsrullerne til gengæld var ikke synderligt imponerende, de smagte ikke af noget overhovedet og var lidt tørre i det. Manglede lidt juice og var vulgært store. Ikke en anbefaling. Vi bestilte peanutsovs men fik noget mega weird boller i karry dyp??? Hvad???<br><br>Med det navn skulle vi selvfølgelig prøve deres pho, men må sige vi har fået bedre andre steder 😐<br>Det var en meget mild suppe, ikke så umami saltet, kyllingen var tør. <br>Synes det var lidt slattent at vi fik citron i stedet for lime, alt for lidt chili sovs og ingen friske chilier? Når suppen er så neutral skal der altså være styr på tilbehøret så man kan pimpe det op. <br>Blandede meninger omkring risen, den ene pige synes oksekødssmagen var for dominerende, den anden var helt oppe og ringe og spiste alt for meget. Kæmpe portioner, man ville sagtens kunne dele! <br><br>Alt i alt en fin nok middag, den varmede som den skulle men næste gang vi skal have risnudler tager vi nok et andet sted hen. Ikke synderligt imponeret men heller ikke sur. <br><br>🥢 6/10 fint niveau men ikke toppen af viet i kbh og vi trækker ned for dårlige forårsruller og skuffende tilbehør <br>💸 450kr er en hel rimelig pris (men man får jo nærmest altid meget for pengene når man spiser asiatisk).      https://www.instagram.com/p/CMXUS2BB6Mv/]]></description>
      <styleUrl>#icon-1899-9C27B0</styleUrl>
      <Point>
        <coordinates>
          12.5484437,55.6721934,0
        </coordinates>
      </Point>
    </Placemark>
    <Placemark>
      <name>Phago</name>
      <description><![CDATA[Vi har længe haft lyst til at prøve @hellophago mediterranean middag, så her den anden dag kørte vi et par wraps, som vi har hørt de sku være gode til, og en lil blomkål on the side. <br>Bestilte på Wolt og da det endelig ankom var alting koldt. Mega træls, hvis der er noget der kan hakke skår i forventningsglæden hos de to sultne piger, så er det kold mad der skulle have været dampfrisk. Vi blev enige om at prøve at løfte os op over den ærgerlige leveringsoplevelse, for det er jo ik phagos skyld, men det er lidt svært når man starter måltidet med løftede øjenbryn. I kender det sikkert. <br>Nå. Men først en wrap m kylling, baba ganoush, søde kartofler og andre grøntsagsting - der var især fyret ræddi godt op for citronsmagen, de kommer en hj lavet citrondressing i, og især i kyllingeversionen kunne vi smage den. Man skal kunne lide den der bitre skal agtige smag, hvis man bestiller dén. <br>Sulten pige 2 fik en wrap med lamme kofta som var SYGT god. Would definetely recommend. Begge var med deres hjemmelavede surdejsfladbrød (uuuuh) og dér løfter de sig altså fra så mange andre steder. Shit et godt fladbrød. Lækker luftigt, slet slet slet ikke tørt, det var vi bare vilde med. <br>Blomkålen var lidt so-so, den står i hvert fald ik mål med mahalles, men vi er i tvivl om det er fordi den havde skøjter rundt i en Wolt rygsæk. Tahindressingen var dog virkelig god! Den ka de rolig drizzle på al min mad i fremtiden. <br>7/10 🌯 vi ender på en lille 7’er her, normalt ville vi måske være på en 8’er, men det var kold mad og dermed kedeligere end da måltidet rejste fra butikken tror vi. Og vi synes det er for hårdt at give en 6’er, når vi er ret sikre på at øv følelsen kan placeres på wolts skuldre. <br>Summa summarum, vi skal tilbage på phago! Men nok til frokost en dag, hvor vi kan spise fresh fra køkkendisken 🧚‍♀️<br>Vi blev i øvrigt ik super aftensmadsmætte (normalt kan vi jo godt lide at ramme en form for mæthedsmur) - derfor tænker vi også mere sådan en wrap som en frokost ting. Men ellers bare bestil noget mere?<br>79kr per wrap, den er fin, 45kr for en blomkål er lige højt nok synes vi. <br><br>Gal vi glæder os til restauranterne åbner til gengæld, husk vi gerne tager imod tips! 😷😷.     https://www.instagram.com/p/CMcdYuiB0oZ/]]></description>
      <styleUrl>#icon-1899-9C27B0</styleUrl>
      <Point>
        <coordinates>
          12.5600155,55.6894854,0
        </coordinates>
      </Point>
    </Placemark>
    <Placemark>
      <name>DZIDRA</name>
      <description><![CDATA[🔥🔥🔥 News so fresh it ain’t even been printed yet 🔥🔥🔥🔥🔥🔥🔥🔥🔥<br><br>NY pop up lunch på Nørrebro! @dzidra_dzidra_dzidra har vi holdt øje med i et stykke tid, for vi vil jo gerne være på pletten som de første, når der åbner nye spisesteder. Men coronarestriktioner, tilladelser og blabla har udfordret stedet, så det har trukket ud MEN de næste dage er der fandme frokost pop ups med forskellige gæstekokke. Vi havde sikret os et par kuverter til 85 bobs stykket - i dag stod den på koreansk simregryde lavet af @evahurtigkarl. <br><br>Koreansk simregryde er vores egen frie oversættelse af “dak-bokkeum-tang” som vi ikke aner hvad betyder. Måske noget med lækre krydderier, for er du gal, det var der virkelig styr på. Den ene sultne pige fik vege versionen med tofu og kimchi, og vi undrede os lidt over at få at vide, at kimchien (som var superb og sygt sprød) var lavet på fiskesauce, dvs retten var ik 100 vegetarisk, men vi spiser alt, så os gjorde det ingenting. En hurtig Google søgning har ikke gjort os klogere på om kimchi kan laves uden fiskesauce, så eh, måske det bare er os der altid har troet at det var straight up veganer venligt. <br><br>Kyllingeversionen var med et lækkert stykke mørt mørt kyllingelår, mums, det røg så let af benet, at vi næsten kneb en tåre. <br>Og så var der godt bid i retterne!! Både kartofler og ris var ikke overkogte, det ka man ellers godt frygte når der skal laves grydemad til mange. <br>Vi nød det!<br><br>8/10 🥘 kommer helt sikkert igen når biksen åbner rigtigt, det tegner godt!! <br>85kr er måske liiiige i overkanten, men vi tænker at der også ligger et lille bidrag til @dzidra_dzidra_dzidra overlevelse og forhåbentlig snarlige åbning, og det vil vi jo gerne støtte ❣️<br><br>Ses!<br>Ps det ligger på Baldersgade 8. Se upcoming lunch på sidste billede.   https://www.instagram.com/p/CMjyliyBGVz/]]></description>
      <styleUrl>#icon-1899-9C27B0</styleUrl>
      <Point>
        <coordinates>
          12.5439786,55.6983261,0
        </coordinates>
      </Point>
    </Placemark>
    <Placemark>
      <name>Apotek 57</name>
      <description><![CDATA[Vi havde lyst til luksus morgenmad og havde hørt at der på fredericiagade ligger en hemmelig perle i form af @apotek_57. Vi ved ikke lige hvor navnet kommer fra men morgenmad havde hun og cute indrettet i et baglokale på @framacph (altid godt sted at ruinere sig selv i starten af måneden). <br>Vi startede med morgenbolle (45kr???) med overdådigt meget pisket smør og gammel knas. Altså det er jo en kæmpe vibe at lave pisket smør men det føltes seriøst som at spise en flødebolle så skummet var det ☁️ perfekt bolle men hvis du ikke er til sky på din ostemad så bed hende holde lidt igen. Det var i overkanten selv for små smørsvin som os 🧈<br>Next up tog vi en croissant uden fyld og blev ret forvirrede over hvad vi overhovedet spiste? Der var ihvertfald ikke de traditionelle lag, og virkede til at det var lidt forventet at man skulle smide en femmer ekstra for fyld. Det ærgrede vi os lidt over. Vi elsker jo croissanter. <br><br>Morgenens højdepunkt var en brioche bolle med den vildeste vaniljecreme og en blodappelsin på toppen. Sultne pige 2 er ikke til appelsin men vi kæmpede sgu over den alligevel. Så lækker var den. WOW. Kæmpe anbefaling hvis du vil prøve noget lidt mere speciel end den allestedsnærværende kanelsnurre som ja, var lækker, men med så tårnhøjt niveau der er andre steder imponerede den ikke lige så meget. <br>Fin filter kaffe fra @lacabracoffee <br>Virkelig dejligt sted hvis man er i indre by til en morgenmad i Kongens have men av min arm man betaler virkelig også en dyr pris for varerne. Ja det er virkelig lækkert. Hvis det kostede lige 5-10kr mindre ville i se os hver weekend men til det prisleje er vi nok kun gæster når vi føler os fine/har en sugadaddy<br><br>🍊10/10 for blodappelsin drømmen. Den får virkelig sin egen karakter og hop ned og haps en med det samme. Kæmpe sommervibe i bide form. Den creme var så hjernedød altså. Helt fresh kl 09.01<br>🍴 8/10 for det hele. Højt niveau, men trak ned for croissanten som ikke er en croissant og for at kanelsneglen var fin men lidt whatever. Måske giv den et italiensk twist for at adskille sig fra de 1000 andre snurrer man kan købe efterhånden? <br>💸265kr for to boller, tre kager og to filter. Lige til den dyre ende synes vi.     https://www.instagram.com/p/CMmkusUhV2l/]]></description>
      <styleUrl>#icon-1899-9C27B0</styleUrl>
      <Point>
        <coordinates>
          12.5857723,55.6869873,0
        </coordinates>
      </Point>
    </Placemark>
    <Placemark>
      <name>Racy</name>
      <description><![CDATA[Altid klar på fried stuff, og vi har hele 2 gange været forbi @racycph for at se hva de ka med frituregryden, hvor de både fyrer tofu, chicken og self pommes i. <br><br>Første gang kom begge sultne piger i en synkron Brain fade til at bestille en fried tofu burger m pommes og næsten alle former for condiments til. Og nuggets on the side, lad os starte der - kæmpe satisfaction at sætte tænderne i ægte juicy kylling, god tyk sprød panering udenpå, seriøst tror det er de bedste jeg har fået i kbh. Racys anbefalede at vi tog sourcreme/onion dip til dem, vi tænkte at det ellers ik havde været vores førstevalg, men det viste sig at passe perfekt sammen, især fordi den var ret flydende, så god til en crispy spoon. Would definitely recommend! <br><br>Burgerne var m fried tofu vildt blød, så lækker, men spis den med det samme for at opnå crunch-potentialet, bliver lidt blød derinde. Briochen godkendt, ikke helt så smøret som de er mange af de andre steder, mere til den luftige side. Sesamdressingen ku godt have smagt mere af sesam, synes vi, den var lidt svag. Icebergen var lidt whatever her, ku måske have været mere spændende med en agurk. Så var der til gengæld overload af onions, både syltede rødløg, lækkert, og lige lovlig mange forårsløg til vores smag. <br>Fritterne var rimelig standard, men på den gode måde, ik så mange dikkedarer der. Deres racy mayo var lidt boring af en signatur mayo at være, smagte faktisk bare af Paprika. Alm mayo var til gengæld bedre end de plejer. Estragon VILDT god den røg hurtigt til de første fritter. <br>Vi måtte forbi en gang mere for at prøve chicken burgeren nu deres nuggets var så gode, og burgerversionen levede op til de høje forventninger MUMS, den skal vi have igen. Her ku vi faktisk godt lide iceberg elementet, dejligt at det var holdt simpelt, der fungerede. <br><br>10/10 🐓for fried chicken tingene<br>7/10 🍔 i alt. <br>næste gang vi craver kylle så ved vi hvor vi skal tage hen HURRA.    https://www.instagram.com/p/CMr-JUhh8FH/]]></description>
      <styleUrl>#icon-1899-9C27B0</styleUrl>
      <Point>
        <coordinates>
          12.5490786,55.6667315,0
        </coordinates>
      </Point>
    </Placemark>
    <Placemark>
      <name>Capeesh</name>
      <description><![CDATA[Der er en ny italiener i Kødbyen! For en måneds tid siden åbnede @capeeshcph m pasta take out, som vi ellers godt ka være sådan en smule forbeholdne overfor, for det skal jo gerne serveres helt fresca. Men det kunne de altså godt finde ud af, og stedet ligger sådan lidt skjult i den hvide del af Kødbyen tæt på indgangen fra Skelbækgade, hvor vi spår et amazing hangout når sol og udeservering snart bliver reality igen ☀️<br>Vi ELSKER arancini, så den sku self prøve, hold nu kæft den var decideret liderlig, det væltede ud med syggo lækker olivenolie og ost, smagte så så så godt MUMS!! Wow for en basilikum mayo til også, ej men sikke en start. <br>På kokkens anbefaling tog vi pasta al tartufo m portobellosvampe og trøffel, ej hvor var den også bare lækker. Den anden sultne pige fik en hvid bolo, vi har smagt bedre, men den var overordenligt godkendt omend ret undersaltet. Om begge pastaretter kan siges at de virkelig har styr på tilberedningen, og det bare sygt vigtigt når vi snakker take out pasta. der er ik noget værre end hvis det er helt klasket sammen når man endelig kommer hjem med sagerne. Det var ik tilfældet her, den var perfecto med bid i og det hele 💕<br>On the side en tomatsalat og brød. Super ligegyldigt. Vi ved jo godt tomater ik er i sæson, men så må man sgu lige marinere dem eller noget, for det smagte ik af en skid. Vi undrede os også over solsikkernerne? Well. Og så lollede vi over brød ned blå birkes der ærligt talt lignede rester fra møllehjulet til brunch buffeten, de her to sidste ting bekræftede at vi altså ikke befandt os på en solskinstaverna, men på gode gamle v bro. Ikke at italienerne er sådan sygt gode til brød, men en tør omgang skiver m blå birkes er sgu alligevel at stramme den<br>10/10 🧆 arancini OMG - bedste take out balls i kbh måske??<br>8/10 🍝 når det nu skal være som tag-hjem-mad, så klarede de den altså ret godt <br>Tomatsalaten ka i godt gå udenom<br>Tak for mad! Det tegner sgu godt når maden kan være så god selvom den har rest 20 min i en pose. Halleluja vi kommer tilbage og hænger til maj!!    https://www.instagram.com/p/CMwkLgvhch4/]]></description>
      <styleUrl>#icon-1899-9C27B0</styleUrl>
      <Point>
        <coordinates>
          12.5576743,55.6664102,0
        </coordinates>
      </Point>
    </Placemark>
    <Placemark>
      <name>Le Gourmand</name>
      <description><![CDATA[Verdens bedste sandwich!? Det var hvad vi bad om den anden dag på @gourmand_le på værnedamsvej. Her kan man nemlig selv sammensætte sin frokost ud fra det paradox of choice overdådige udvalg af ost og kød de sælger derinde. Det serveres i en dejlig @hartbageri baguette, blir ik bedre. Kæmpe wow. Så vi gik med en sortfodsskinke og comte, begge lagret i ik mindre end 36 mdr HOLD NU OP hvor smagte det dejligt. Prisen røg også lidt op, normalt ligger sandwichen til 75bobs, men altså totally worth it hvis du er en af dem der ka smage forskel :) så står de der og skærer skinkeskiver og ost ud helt frisk, ej men jeg blev helt blød om hjertet. <br><br>Le Gourmand er vel the centerpiece of værnedamsvej, det er i hvert fald lige dér du ægte befinder dig i Frankrig. Kæmpe høj stemning med Wayne shorter ud af højtalerne og røverhistorier direkte fra disken, ikke et eneste kommercielt produkt derinde, alt er nøje udvalgt direkte fra leverandørerne. Og det kan smages! Fik lov at smage på en out of this world ananas jam, med ordene “ska du lige ha en lille oplevelse fra Frankrigs bedste konditor?” - elsker elsker 💕<br><br>Toast royale m sortfodsskinke og trøffelgouda laves i vindueskarmen med en BALJE grease, det er sguda sådan man laver en toast, amirite!? elsker især at det er ægte toastformet toastbrød og ik det der der bliver så branket i skorpen at man får rifter i ganen. Seriøst den bedste toast du kan få i kbh. <br><br>Skyllede efter med hvad der efter sigende er Frankrigs ældste sodavand, de kan anbefales, for de er ik for søde, og boblerne er champagne agtige og ikke det der cola attack man efterhånden er vant til. De hedder Elixia, find dem i køleren derinde. <br>OG så gjorde vi ugens hidtil bedste investering, nemlig en sennep med valnødder i, hvilket betyder at vi kan lave verdens bedste vinaigrette i hjemmekøkkenet - smager godt på ALT. <br>Hands down en af vores yndlingssteder i hele kbh ❤️<br><br>10/10 🥪 kbhs bedste toast<br>10/10 🥖 aldrig har jeg fået en sandwich m så meget kvali i<br>1000/10 på stemning. Ku hænge ud derinde hele dagen og købe mig ludfattig<br>Og der er udeservering når det er tilladt! Ej men altså. Hvis I ik allerede har været forbi, så af sted med jer til lille frankrig 🇫🇷.   https://www.instagram.com/p/CM1_mGZhVyS/]]></description>
      <styleUrl>#icon-1899-9C27B0</styleUrl>
      <Point>
        <coordinates>
          12.5498445,55.673166,0
        </coordinates>
      </Point>
    </Placemark>
    <Placemark>
      <name>Eden Jaxx</name>
      <description><![CDATA[Vi spiser burgere konstant, og det gør resten af kbh vist også. Der har ihvertfald været en kæmpe bølge de sidste ti år og det bliver kun bedre. Tit konkurrer de meget på de samme parametre, men på en sidevej til øbrogade er @edenjaxx dukket op og kører en 100% plantebaseret burgerstil så ned med os og se hvad det kan. Vi allierede os med en vegan friend of the blog og kørte (endnu) en takeaway dinner. Sjovt hvordan køleskabet altid er tomt når man lever på wolt. <br><br>Burgeren var en “beyond Meat” bøf som er et hakket oksekød produkt lavet primært af ærteprotein - og Wow, de har virkelig ramt den godt i forhold til konsistens du forventer af en god burger. Det ser jo helt ægte ud og jeg tvivler på at selv den mest kødelskende spiser ville have et problem med den. Vi ramte ihvertfald præcis den samme mad mur vi gør ikke-vegansk. Det er en standard cheeseburger uden den dårlige CO2 emission smag i munden men garanteret med lige så meget kalorier. Sexy :)<br>Ved dog ikke om man som ikke kødspiser måske bliver tændt lidt af at fake kød produkter? Ingredienslisten på beyond meat er ret lang så jeg ved ikke hvor sund jeg egentlig følte mig mens jeg lå os gispede på sofaen. De havde vist også selleri og portobello - men gider man betale 170kr for en portobello burger? Ik helt sikker. <br><br>Fritterne var præcis som de serverer på sunset med krydder på og nogle ret spændende dips i stedet for standard mayo fik vi green goddess (virkelig god) og chili (lidt kedelig). Men point for at gå all in på noget andet end standard mayo nu hvor det skulle være.<br><br>Der er tydeligvis tænkt over indpakningen og hvis ikke det lige havde været et topstresset cykelbud der leverede denne aften tror jeg det ville have set meget insta venligt ud. <br>Sådan er det jo. <br><br>🍔 8/10 god standard burger uden dårlig samvittighed. Meget snasket masser af mayo. Jeg savnede ikke noget men alene pga pris går der nok lidt tid før jeg hopper på den igen. <br>💸 170kr per menu er personligt for dyrt til at vi ville prioritere det over en standard Meat burger igen. Jeg forstår ikke helt hvorfor prisen er så skruet i vejret?   https://www.instagram.com/p/CM9yu-fhPPb/]]></description>
      <styleUrl>#icon-1899-9C27B0</styleUrl>
      <Point>
        <coordinates>
          12.5789176,55.698849,0
        </coordinates>
      </Point>
    </Placemark>
    <Placemark>
      <name>Hot Pot Republic</name>
      <description><![CDATA[Ny dag ny dinner, vi faldt over @hotpotrepublic på insta hvor de på fedeste vis har knækket takeaway koden og lejer simpelthen udstyr til din egen lille hjemme restaurant oplevelse. <br>Du får boullion til og en to-delt gryde til hhv spicy og miso vand hvor du hælder bunker af goodies i. Vi valgte vegetar versionen og fik dumplings, to slags nudler, alt muligt meget cute formet grøntsager, tofu og svampe en masse.<br>+ rejer med hovede og det hele! Fik helt sommerfornemmelse mens vi kæmpede med skaller og rejeben, gal vi glæder os til sommer. <br><br>Hvis man har prøvet hot pot før er der ikke så meget at fortælle - du dumper mad i bouillonen indtil det er færdigt så man spiser lidt af gangen og det er en vildt hyggeligt og social takeaway oplevelse. Den spicy sauce til hot var virkelig god, miso var fin men blegnede lidt. Vi elsker jo chili og at græde helt i maden. Svært at tage billeder for alt er dampet 👻<br><br>🍜 7/10 sjov og anderledes aftensmad, stor anbefaling til en vennemiddag. Måske ikke så Corona venlig men går ud fra alle tester i en uendelighed :) maden er fin men ikke topscorer. <br>💸 250 pp, 40 for gas patron, 500 i depositum for gear som man får tilbage.  https://www.instagram.com/p/CNC9jtJhVCT/]]></description>
      <styleUrl>#icon-1899-9C27B0</styleUrl>
      <Point>
        <coordinates>
          12.540858,55.670478,0
        </coordinates>
      </Point>
    </Placemark>
    <Placemark>
      <name>Hallernes Smørrebrød</name>
      <description><![CDATA[It’s smørrebrøds-season! Jesus Kristus det her vejr SKRIGER jo på madder, gerne med en bajer til, gerne på en ternet dug på et solbeskinnet fortov! Opdækningen må vi vente med lidt endnu, men gode gamle @hallernes got our back, og man ka nemt finde en solplet i nærheden (+ 2 kolde fra kassen i kiosken på hjørnet). Optur. Så hvis du ik ved hvem der skal servicere dig med påskefrokostnenuen, så kommer der hermed en anbefaling. <br><br>Lagde ud med fiskefilet, halleluja der var kæmpe smør på. Og hjemmelavet remo, ej men det varmer i hjertet når vi ser en lille blomkålsbuket. Om begge elementer kan siges at der bestemt ikke er sparret på fedtet. Ush vi skulle ha en pause inden næste mad. Og en bajer mere hver faktisk. <br><br>Hønsesalaten var om muligt ENDNU mere tung, tror fandme de har fyldt 38% creme fraiche i, wow my god, og med kvali kylle og en OVERDREVET bacon - ja tak. <br><br>Kartoffelmaden var med hvad vi vil kalde en løgsymfoni af både hakkede og skiveskårne rødløg + en håndfulde ret hårdt friterede løg on the top. Her fik vi den utroligt fede mayo helt for sig selv, gal den smagte godt, men du skal altså ik være bange for procenterne hvis du skal spise madder fra hallernes. Men så mærker man også lige sit blodtryk, så ved man at man lever, det jo godt nok<br><br>Totalt i orden rugbrød, ik så meget der. Thank god det ikke var smørstegt, det havde nu alligevel været for meget af det gode. Der forstår de ligesom at trække en streg i fedtbalancen, det var vi glade for. <br><br>9/10 🧈 fed fed fed omgang. Vejen til de to sultne pigers hjerter går på en lille fedtsti gennem vores årer<br>#blessed og god påske! Husk snaps til, der kan @torvehallernekbh sikkert også hjælpe jer 🐣.  https://www.instagram.com/p/CNFec1bBxkU/]]></description>
      <styleUrl>#icon-1899-9C27B0</styleUrl>
      <Point>
        <coordinates>
          12.5690346,55.6838612,0
        </coordinates>
      </Point>
    </Placemark>
    <Placemark>
      <name>Aamanns Etablissement</name>
      <description><![CDATA[ER I OGSÅ TIL PÅSKEFROKOST? Det er vi og vi er lidt ret tipsy. Har fået madder fra @aamanns.dk og snaps fra @densidstedraabe holy moly vi er godt kørende, så hav lige det in mente<br><br>Nåmen vi fik en mail i morges om at Aamanns havde sygt travlt og derfor måske kom for sent, det synes jeg faktisk er god stil. De kom stadig til tiden og leverede det mest cute indpakkede mad jeg længe har set. Kæmpe madpakke vibe, og også sådan ret madpakke standard størrelser på smørrebrødet. <br><br>Fik en masse forskelligt, for vi er lige lidt flere end 2 i dag men det her bed vi mærke i: wow en remo den fiske filet!? Den var ik vildt remo agtig, mere sovset, men det spillede! Karrysild var ik en karrysild, det var en karry MARINERET sild m rygeost creme på, og den blev lidt tør, vi savnede noget fedme, men det smagte stadig dejligt. Men altså, tror I alle sammen ved at man tænker på en sovset omgang når man bestiller karrysild. <br>Frikadelle byg-selv mad sindssyg value 4 money med 3 gode dunser, og cute faktoren nåede nye højder da de havde smurt ét lille stk rubber, omg 💔 kartoffel mad god, men ik den bedste vi har smagt og vi tror de har glemt at putte salt i karoffelvandet, det måtte vi selv tilføje. Ville også hellere se crisp løgringe end chips on the top. Radiserne smagte ikke rigtig af noget? Kyllingesalat YES den var perf, og hallo lets say a prayer for kylingeskind som SPRINGLES!? What?!! Det virkede. Mums. God svamp, ik for heavy, nice at slutte af på. <br><br>7/10 🐣 det var godt men småt. Havde regnet med lidt mere hurra for pengene. Måske lidt større stykker brød? <br>Men det smager! Madder ligger fra 65-125 stk og så ka du få levering til døren til din Påskefrokost. <br>Snapsen skal du selv hente nede i @densidstedraabe på Istedgade men er du gaaaal den virker, smager jo som en drink? Det ender galt<br><br>Facadebilledet er i øvrigt (for første gang i bloggens historie) SCREENSHOTTET fra @aamanns.dk egen profil, for vi er ik nået forbi og klikke et pic, men vi har fået lov at bruge det hæhæhæhæ😇😇.  https://www.instagram.com/p/CNKzqNkBwiR/]]></description>
      <styleUrl>#icon-1899-9C27B0</styleUrl>
      <Point>
        <coordinates>
          12.575257,55.6900908,0
        </coordinates>
      </Point>
    </Placemark>
    <Placemark>
      <name>Polly 2</name>
      <description><![CDATA[Folk der har fulgt med længe herinde ved at vi sidste år ramte @restaurantpollycph efter en lidt for heftig fredagsbar og ikke kunne koncentrere os om ret meget andet end vores magnum vin. Det skulle vi jo rette op på så vi cyklede forbi til en tre retters takeaway i forrige uge. Kan se de har skiftet menukortet forresten. <br><br>Vege forret var en straciatella som vi kender, millenial generationens rejecocktail, men helt hæderlig og med romesco og mer peberfrugt. Kød startar var tartar (endnu en klassiker herinde) og den var fandme god. Grov som vi kan lide det og smeltede på tungen. Ja tak<br><br>Dernæst svinekæber med vol a vent uden de store kommentarer, det er jo egentlig bare en stor luksustartelet på fransk 🥰 <br>Hummerbisque som var suuper god, kan den lige komme på menukortet? Lækkert med fiskeboller og en lil fancy grøn olie. <br><br>Lige en kommentar dog, vi havde regnet med at der fulgte brød til men Nope - så ram lige Hart på vejen hjem nu du alligevel dangederer den i den fine kommune. Eller tilkøb det fattede vi bare ikke. Trust us i vil gerne have en brødske til at tørre hummeren helt op 🦞🦞<br><br>Dessert - kedelig citrontærte 😕. Lidt for safe. Faldt totalt igennem ved siden af de virkelig gode første retter. Vi spiste ikke op (!!!)<br><br>Indpakningen og hele takeaway oplevelsen var en kæmpe fornøjelse - tjek lige den bolsjepose vi fik under armen! Flot og nemt og super tjekkede derinde. <br><br>🍴8/10 @restaurantpollycph formår virkelig at tage deres tjekkethed med når de laver takeaway. Du er garanteret en god aften og middag og prisen er virkelig god. Ikke store overraskelser bare gode retter. Citronen trak ned men det er sgu lige før vi prøver den nye menu også. Yummmy<br>💸 215 per person er jo røveri ved højlys dag eller ihvertfald sindssygt billigt but take my money and we’ll be back.   https://www.instagram.com/p/CNQBzt1hIxk/]]></description>
      <styleUrl>#icon-1899-673AB7</styleUrl>
      <Point>
        <coordinates>
          12.5461457,55.6754853,0
        </coordinates>
      </Point>
    </Placemark>
    <Placemark>
      <name>Garbanzo</name>
      <description><![CDATA[Da vi spurgte i story hvad vi skulle spise, var der mange af jer, der foreslog at vi prøvede @garbanzo.dk i sværtegade. Så det gjorde vi, og det var vi ik de eneste der gjorde, de havde nemlig mega travlt, og vi måtte vente en halv time på 2 pita menuer. Fair nok. <br><br>Men sandheden er at vi nok burde have ventet længere, for 30 min var ikke tid nok til at sikre sig at vi kunne gå derfra med alt det vi havde bestilt. Og det hader vi altså. Især når priserne er skruet godt deropad, det er trods alt pitabrød vi taler om. <br><br>Men lad os begynde on a positive note, det smager hjemmelavet! Den ene sultne pige fik halloumi, den anden fik lam, begge wrapped i nogle seriøst sprøde og luftige durum pitabrød, wow de var gode. Begge var godt fyldt ud, er der noget værre end en flad pita, i think not, men det risikerer du i hvert fald ikke derinde. Her var både kikærter, rødkål, syltede rødløg, humus og alt muligt andet læks. <br><br>On another note så var proportionerne lidt underlige. Der var ca ligeså meget syltet løg som rødkål, så hvad der ku havde været en lækker umami af sprødt, surt, fedt blev bare en sur omgang med alt det sylt. Halloumien var også gummi agtigt. <br>Men vigtigst af alt var det lunkent. Suk. Så har man stået der udenfor og ventet mens vores mad bare har ligget og blevet lunken. Ku se de placerer maden på en varmeplade, og det var først da jeg gik derind og spurgte til bestillingen, at det gik op for dem at alle elementer var klar til at blive pakket. SO SAD. <br><br>For det ik sku være nok, så tog jeg et hurtigt kig ned i posen og så, at de kun havde lagt 2 ud af 3 købte mayoer ned i. Utilgiveligt. Men hvad værre er, at vi først da vi kommer hjem (som seriøst kun er 2 min væk på gåben, så det ka ik have været transporttiden der har gjort maden kold) finder ud af, at de også har glemt den ene portion fritter!!? Hvad fanden!? Blev så harm. Totalt not cool. <br>Men vi fik så smagt deres sweet potato frits, de var bløde fordi de havde stået i skålen på den der varmeplade i 100 år sikkert. Uambitiøst. <br><br>3/10 😷 på service. De var søde, men er du gal en ommer<br>6/10 🥙 på mad UNDER FORUDSÆTNING AF at de kan servere den varm, gad vide om det er muligt. Ellers bare DON’T.  https://www.instagram.com/p/CNUddQnBNLG/]]></description>
      <styleUrl>#icon-1899-9C27B0</styleUrl>
      <Point>
        <coordinates>
          12.5803961,55.6811087,0
        </coordinates>
      </Point>
    </Placemark>
    <Placemark>
      <name>Killer Kebab</name>
      <description><![CDATA[Hold da kæft nogle lysstofrør, hvis I har været på Viktoriagade for nylig har I ik ku undgå at lægge mærke til at der er en ny kebabpusher i byen. Men den her er lidt anderledes end the originals som vi har frekventeret primært på vej hjem fra drone (RIP) eller Andys, eller I ved, bare på vej hjem fra job. Men @killerkebab.dk tilbyder hvis de selv skal sige det en sund og hj lavet udgave af en af vores all time favorit cravings. Den gode gamle kebab. Skulle vente 30 min (lige nok til at drikke en bajer), og der var udsolgt af sweet potato fries ØV vi har ellers fået dem anbefalet. <br>Vi fik 2 combos - 1 rulle, 1 frit, 1 dip, 1 drink, 125kr per næse. Fair synes vi, elsker man ik skal tilkøbe dip!! <br>Den ene sultne pige gik med lammekebab og WOW måske den bedste lammekebab smagt i kbh!? Helt perfekt krydret. Den anden fik falafel, hvor man rent faktisk ku smage persillen - FINALLY et sted der profilerer sig med hj lavede ting hvor man også kan smage det. <br>Surdejsfladbrødet var også helt perfekt luftigt og blødt, og så elskede vi at den ik var alt for stramt rullet - det giver altså en anden oplevelse når det hele ik er smasket fuldstændig sammen indeni. Skønt tvist med æbler, bladselleri og mynte i! <br>Spark i chili sovsen, den vil jeg gerne have opskriften på. <br>De skriver at det er en sund kebab, og ved I hvad jeg tror dem sgu, for havde ik en eneste fedtplet på skjorten da jeg havde spist færdig WHAT - og det smagte stadig vidunderligt!!<br>Pommes m dukkah på, troede først de havde været nærige med den, men det var bare næsten alt sammen faldet ned i bunden af pommes-kruset. Det er en lækker kombi, men måske de skal finde en metode så det hænger fast på fritterne? Uh måske en dukkah MAYO!? <br>10/10 🌯 fuld plade, vi kommer helt sikkert igen. Det er ik den syndige tømmermandsspise som vi er vant til, men det er SLET ikke en sørgelig healthy version, der er masser af smag, masser af chrunch, det er fandme godt gået. Hvor sundt det i realiteten er skal vi ik ku sige, men der var i hver fald ik nogen orange glinsende hager if u know what I mean <br>9/10 💸 value 4 money, deres mayo bøtter ku godt være lidt større<br>Big ups for at skrue helt op for d’angelo derinde, kæmpe vibe.     https://www.instagram.com/p/CNaFK4rBcJV/]]></description>
      <styleUrl>#icon-1899-9C27B0</styleUrl>
      <Point>
        <coordinates>
          12.5583708,55.6714901,0
        </coordinates>
      </Point>
    </Placemark>
    <Placemark>
      <name>Rouge Oysters</name>
      <description><![CDATA[Fredag var en god dag, for der skulle vi spise PASTA fra @rouge_quality_leisure fredags pop up prep at home, denne gang med kokken Chiara Righetti bag gryderne. Normalt er hun på Enomania på v bro gade, også et spot vi glæder os til at komme forbi, både til mad og en lille sejltur i Barolo 🍷🍷<br>Menuen bød på foccacia og mortadella til forret HOLD NU OP tror det er den bedste mortadella jeg nogensinde har smagt? Meget finskåret, pebret smag, smeltede på tungen. Troede et kort øjeblik at der var alt for meget, men haha det røg alt sammen lige ned, og jeg har tænkt på den hver dag lige siden. <br>Hovedretten var tortellini alla panna - helt små med 3 forskellige slags grisekød indeni. Da vi hentede posen fik vi instrukser om hvordan de små sirligt foldede umami konvolutter skulle koges, og det resulterede i en smuk al dente pasta, som vi blandede med den fede flødesovs, det gik simpelthen lige i belønningscentret, bedste pasta vi længe har spist. To glade og mætte piger, der overvejede om man ku få det her på en frokostordning, og at det 100 ville være værd at gå en buksestørrelse op for. <br>Skyllede efter med en vin vi også købte derinde, med kyndig vejledning fra @birkbistro og han ramte spot on lige den fredagsjuice vi var i humør til. Den ku vi også godt leve af. <br>Vi kommer igen without a doubt, også selvom der måske ik er pasta på menuen når Rouge åbner igen. Så kan man til gengæld få østers, OG vi har hørt rygter om at de har KRABBETOAST derinde, halli hallo det lyder lige som noget for os. <br>10/10 🍝 halleluja for et måltid. Så simpelt, så godt, og vi er ret sikre på der kom.   mer en ny kok/menu på fredag, så hold øje!<br>195 per pige og mener vi gav 255 for flasken. Helt fin pris synes vi, og så var der faktisk ret optur at servere maden derhjemme, så kunne vi nemlig slikke tallerkenerne rene, vi ville have AL flødesovsen med 👅👅.  https://www.instagram.com/p/CNkOuk1Bw0k/]]></description>
      <styleUrl>#icon-1899-9C27B0</styleUrl>
      <Point>
        <coordinates>
          12.55118,55.6741444,0
        </coordinates>
      </Point>
    </Placemark>
    <Placemark>
      <name>KUKU - Iranian Street Food</name>
      <description><![CDATA[Vi blev tippet om @kuku.dk noget tid siden da de lavede pop ups rundt omkring i byen men nu har de taget skridtet videre og har startet en foodtruck ved Nørrebro st (ved siden af @mexihagendk ikke mindst) og vi ramte den til en lil lunch igår og damn hvor er vi glade for vi gjorde det. <br><br>Der var kun to retter på kortet og vi fik en kæmpe smagsprøve på deres ash reshte - vege nudelsuppe med bønner og fresh krydderurter og yoghurt som bare smagte af et kæmpe kram. Nudelsuppe varierer ud i det uendelige men denne sætter sig virkelig på en topscorer med gode ingredienser og fyldig uden af være for uoverskuelig tung i maven. Mæthedsmæssigt er vi klart mere over i gryderet vibe end fond med en risnuddel hvis i forstår😋 hvilket jo også gør prisen yderst rimelig. Skal klart have den igen på en lidt småsløj gråvejrsdag. <br><br>Vi hoppede på deres ghormeh sabzi som er en urtestuvning (har glemt dem alle men listen var lang) med safranris og pulled beef og så lidt frisk salat og dress. Fik lidt en vibe af naturskole og brændenældesuppw men på den absolut bedste måde! Skipper skræk kan beholde sin dåsespinat, jeg hopper ned og hapser @kuku.dk any day. Gal hvor var det en optur madoplevelse ❤️ hvor man føler sig mæt men også fyldt med energi bagefter. What’s not to like <br><br>🍴10/10 for sund glad god mad, glade boys bag disken og kæmpe service. Så dejligt at ramme noget nyt man ikke lige har prøvet så mange gange før. Håber de udvider menukortet så vi har en undskyldning for at spise videre. <br><br>Perfekt takeaway til at nyde solen på div Nørrebro pladser.   https://www.instagram.com/p/CNnSM8AhouG/]]></description>
      <styleUrl>#icon-1899-9C27B0</styleUrl>
      <Point>
        <coordinates>
          12.5377956,55.7017998,0
        </coordinates>
      </Point>
    </Placemark>
    <Placemark>
      <name>Kødbyens Høker</name>
      <description><![CDATA[Gemt i Kødbyen på slagterhusgade finder du @koedbyenshoeker - en lil biks der serverer sandwich, suppe og kage i hverdagene og når solen er oppe. Vi cyklede derned og fik en morgenguffer, tænk mcmuffin men lige lidt bedre 😋😋<br>Muffin med æg ost og bacon måske smurt med mayo og sennep? Vi glemte at spørge. Fik også en vege version m fresh spinach, yum. <br>Ikke umiddelbart den letteste morgenmad, meget UK arbejder vibes bare uden hp sauce og mælke te men hyggeligt og uberlokalt lille spot hvis du er træt af hipster falkoft faktoren på prolog. <br>Kaffen koster også kun 12kr så det kan man lige klare. <br><br>🥪 7/10 god for hvad den er. Til 36kr nærmer vi os dobbeltpris af en mcmuffin men har du tømmermænd på en hverdag rammer den lige i skabet. De har også Hancock sodavand <br>🪑 10/10 for god morgensol og bænke med ægte Kødbyen Decor. En sød fyr fra området prøvede også at sælge os red door parfume til kun 500kr kontanter. Klasse!<br><br>Godt spot hvis du skal imponere en morgendate med dine hemmelige kbh steder eller et møde hvor ingen må se dig. Vi løb kun ind i 2000F som jo nærmest bor i Kødbyen @strmdk 🎉.   https://www.instagram.com/p/CNrdBaxhEkz/]]></description>
      <styleUrl>#icon-1899-9C27B0</styleUrl>
      <Point>
        <coordinates>
          12.5608694,55.6688736,0
        </coordinates>
      </Point>
    </Placemark>
    <Placemark>
      <name>Restaurant Vandvid</name>
      <description><![CDATA[Vi sidder netop NU og har færdiggjort årets første grillede frokost fra @restaurant_vandvid der har pop up denne weekend og må sige det er den (lange) tur til Sydhavnen værd. <br><br>Laks papilotte med grøn salat (fennikel+spinatblade) kartofler og hjemmebagt fladbrød, gal en vibe at servere sådan en cute alufolie baby 😍 vi hældte det hele ud over salaten efter videoen da den var uden dressing. Laks var tilberedt til ug, gode kartofler der smager af sommer. Salaten var lidt anonym men tydeligt at det er gode råvarer. Hvor er det luksus at få grillmad igen! Laks en smule undersaltet, men det er i småtings kategorien. <br><br>Dernæst kom vi til en helt sindssyg sandwich straight outta the holy land med myntecreme, grillede squash og pulled lamb. Vidunderligt at få en gulerødsbolle i stedet for øland for en gangs skyld. Vi kommer til at kopiere denne når vi flexer i sommerhuset det er helt sikkert. <br>God vin til din frokost buzz. Utrolig gavmildt hældt op YES. <br><br>Umiddelbart synes vi der er frygteligt lange fra Nørrebro til sluseholmen men vi må erkende at der er mad hernede at cykle langt for. Vi kommer igen og tester båden snart. Virkelig godt date og bade spot forresten. <br><br>🍴8/10 lækker grillmad <br>⚓️ 10/10 kæmpe bådstemning og luksus liv. Hvem der bare havde råd til at bo her. Elsker at kokkene render rundt i sømandsstrik. <br>De kører til kl 18 eller udsolgt, så op på jernhesten og tag sydpå - kør efter grill duften 🚲💨   https://www.instagram.com/p/CNw_cTfhxV2/]]></description>
      <styleUrl>#icon-1899-9C27B0</styleUrl>
      <Point>
        <coordinates>
          12.5504942,55.6472663,0
        </coordinates>
      </Point>
    </Placemark>
    <Placemark>
      <name>Great China</name>
      <description><![CDATA[For ik så lang tid siden var der nogen der spurgte hvor man egentlig ku få god kinesisk i kbh, og det gav os lyst til at lægge vejen forbi @greatchina_dk i istedgade, og gå lidt på opdagelse i deres paradox of choice menukort, der byder på alt muligt sjovt traditionelt kinesisk cuisine som fx grisetæer. Kørte dog en rimelig safe bestilling, som var klar efter bare 25 min, hurra for en hurtig tilberedning. <br>Dem der har fulgt med længe ved, at vi ELSKER dim sum, men at vi har haft meget forskellige oplevelser med det kbh’ske udbud. På great china blev vi bestemt ikke skuffede, vi skal helt sikkert tilbage og prøve resten af deres små snacks, der ligge på omkring 45kr for 3-4 stk. <br>Først en dampet kyllingebolle, holy moly den var god, perf tilberedt og slet ikke slimet som de ellers nogengange kan blive. Dernæst en pandestegt risbolle m svin, også virkelig lækker, der var rart den lige fik lidt chrunch skorpe! Men vinderen af dagens dim sum feast blev den stegte kinesiske ramsløg dumpling WOW en af de bedste dumplings jeg nogensinde har smagt, prøv den seriøst. Tænkte først der var alt for lidt soya til, men ærligt der var faktisk ik rigtig brug for dips, for smagen var så god. Og vi er ellers storforbrugere af condiments at dyppe i. <br>Sulten pige 1 bestilte tørstegt kyllingestykker m chili og sichaun peber, virkelig lækkert, men man skal lige være klar på at der er ben i alle de små stykker. Tror nok det er meningen man bare skal knase dem over med hjørnetænderne og køre der hele ned, der blev vi sgu lidt danske og bed udenom. Chilierne er SYGT stærke, men de er skåret stort ud, så nemme at undgå - kyllingestykkerne var ok safe. <br>Den anden pige fik en overdrevet fråderen aubergine ret m svinekød, det er sådan 90% aubergine ift kød, men det gjorde bestemt ik noget. Kæmpe mums, den kan vi VIRKELIG anbefale. <br>Det havde klædt måltidet hvis vi havde købt en frisk side til, men det står jo for egen regning. og så skal man IKKE tilkøbe ris, det kommer automatisk. <br>8/10 🫕 fab Kina mad, god på krydderier og olie 💧<br>Hvis I har huller i bordreservationskalenderen, så tag derind, god mad og gode priser og virkelig søde mennesker 💞<br>💸 ca 90-140kr for hovedretter.   https://www.instagram.com/p/CNzeurghVCk/]]></description>
      <styleUrl>#icon-1899-9C27B0</styleUrl>
      <Point>
        <coordinates>
          12.5629824,55.6720943,0
        </coordinates>
      </Point>
    </Placemark>
    <Placemark>
      <name>Deep Indisk Restaurant</name>
      <description><![CDATA[How DEEP is your love? ❤️ <br>Den indiske familiedrevne restaurant med billig buffet er for nogen en ubetydelig facade og for andre byens favorit til når der skal carb loades. <br><br>Ramte en takeaway igår og kørte sgu lige tre retter cause a girls gotta eat og nogengange lidt mere end andre. Ned på deep med os <br><br>Vi hoppede på vege curry med paneer som var smørblød og mild mild mild - måske for mild? De excellerer i danskervenlige saucer så du kan trygt tage din storsvedende onkel med under armen. Lækkert men ikke de helt store smagsnuancer her ihvertfald af hvad vi kunne fornemme. Notér dog at det er en ret mild ret normalt. Manglede måske lidt salt. <br><br>Næste var en Butter chicken med gode strimlede stykker men lidt samme oplevelse som vege. Meget mild stemning hvis ikke du Beder om spicy! Kan vel tolkes som en både god og dårlig ting..? Vi har fået en mere spændende variation andre steder i byen<br><br>Aflsutningsvis spiste vi rogan josh som er en lam krydret klassiker og der kom den varme vi havde ventet på! Græd lidt i min danskvand men intet lidt garlic naan og en generøs portion raita ikke kunne hjælpe på. <br><br>Ris - lidt kedelig, lidt tør. Vi har fået bedre. <br><br>🍴6/10 for BILLIG og god mad - det er mamma deep der står i køkkenet så en smule amatør er der over det og man skal jo ikke forvente Michelin standarder men bundSolid indisk takeaway og hyggelig stemning. It is What it is, vi er ikke helt flyvende. Rammer den nok igen på et tidspunkt men der er begyndt at rykke sig på den indiske front i kbh så konkurrencen spidser til. Er tilbøjelig til at vælge Lola næste gang men er du til 100% klassisk og traditionel stemning får du en sjov aften på Vesterbrogade. Safe for folk der er chiliforskrækkede :)<br>💸 ca 100kr Per ret inkl ris<br><br>OBS! Så vidt vi ved ligger der også en deep på Amager - @deep_amager samme familie måske? Giv lyd hvis i kender.  https://www.instagram.com/p/CN4zzsDB455/]]></description>
      <styleUrl>#icon-1899-9C27B0</styleUrl>
      <Point>
        <coordinates>
          12.5474806,55.671945,0
        </coordinates>
      </Point>
    </Placemark>
    <Placemark>
      <name>Strutto</name>
      <description><![CDATA[Gooood good good vibrations, det summer af genåbning derude, og vi satte sgu lige et par timer af til at browse rundt i indre by og mærke stemningen. Ik mindst fordi @broensgadekoekken er åbent igen, og de har fået en ny dreng i klassen der hedder @struttocph - en IG profil vi har holdt øje med under nedlukningen, uden nogensinde helt at forstå, hvad det var man egentlig ku få leveret derfra. <br>Men med en streetfood bod blev det hele straks nemmere for os at fatte: her ka du få en frokost. Og det var lige præcis hvad vi car ude efter. (Bare rolig, vi skal også ind og sidde på en ægte restaurant senere i dag)<br>Strutto betyder SVINEFEDT, og det er netop hvad de putter i fladbrødet, som du kan bestille med 4 forskellige indholds-kombier + en dessert version. Tænk minimalistisk pizza topping i sprød, smagfuld brødindpakning. KÆMPE mums faktor og perfekt til frokost. <br>Vi tog den klassiske med skinke/cheese/rucola og én med mortadella/cheese/semi dried tomater - det smager vidunderligt. Og det er især brødet der gør det. Så næste gang du skal have en frokost eller føler at en pizza bliver for heavy en omgang, så prøv lige det her. Vi var vilde med det. <br>Vores genindtræden på udeserveringsscenen blev bestemt ik værre af at @aamanns.dk kom forbi med en lille prøve hapser med kartoffel og rygeost-creme. <br>OG så ramte vi @europa1989 bagefter, hvor vi egentlig bare skulle have en kaffe og en calvados til lige at skylle efter med, men i dagens anledning fik vi både cava og mini croissant på huset! SIKKE EN FEJRING! Nu sidder vi atter bag hver vores computerskærme, kun lidt tipsy, og SÅ klar til igen at indtage restauranterne. Vi er vist kun blevet mere sultne af den lange nedlukning 💃💃<br>7/10 🐷 til @struttocph italienske svinefedtsrulle, det var lækkert og simpelt, og en god lille frokost eller gå-snack. Kan godt lide de ik propper for mange ting i. <br>6/10 🤹 på viben dernede i gadekøkkenerne, der er nogle steder som vi glæder os til at besøge rent madmæssigt, men jeg synes sgu de taber stemningen lidt med 100fm soundtrack og turist vibe. Ka vi lige skrue lidt ned for hurtig-ind-hurtig-ud stemning, og lidt op for hyggen, det er sguda også et marketings buzzword, er det ikke?    https://www.instagram.com/p/CN7iSarhBQN/]]></description>
      <styleUrl>#icon-1899-9C27B0</styleUrl>
      <Point>
        <coordinates>
          12.5965152,55.6780228,0
        </coordinates>
      </Point>
    </Placemark>
    <Placemark>
      <name>Spaghetteria</name>
      <description><![CDATA[WE’RE BACK on track og er vi de eneste der har lidt ondt i håret idag? Ramte @osteria16 spaghetteria med 100km/t til deres fix menu og uendelige flasker vin. <br><br>Valget er nemt for der er kun et, vi startede med lidt “snacking” masser af foccacia til den lidt olietunge side (der manglede salt/peber?) virkelig lækker skinke og nogle mystiske umodne oliven. <br>Videre til helleflynderen der ikke smagte af noget og manglede lidt citron 🍋<br>Asparges og æggecreme var fint (ikke mindblowing), risottoen var til den for salte side men point for super fresh ærter og da vi nævnte oversaltningen for tjeneren sagde hun det videre til køkkenet med det samme. <br>Nyretapperne var veltilberedt men med alt for kullede grøntsager! Meget lille vege servering. <br>Det at perlehønen var hakket gjorde at det jo nærmest kunne være kylling..? En kedelig affære og et minut for meget på pastaen. <br>Desserten husker vi ikke. <br><br>I vores kæmpe fejring af genåbningen drak vi alt for meget vino så lidt sløret afslutning MEN virkelig lol de kører sådan nogle kitsch crazy daisy kølere og de havde en virkelig god playliste kørende ❤️❤️<br><br>🍴5/10 meget middelmådig middag og 400kr stykket kan du altså få sjovere madoplevelser andre steder! Måske er det derfor man altid kan få bord..<br>🤵‍♂️5/10 uopmærksom betjening der lod gamle vinglas og beskidte tallerkner stå alt alt for længe. Er de bare ude af træning? Who knows. Der er ret mange dårlige borde, vi fik klart det bedste. <br><br>Alt i alt en lunken start og kun med EN pastaret? Hvorfor så hedde spaghetteria 🍝.  https://www.instagram.com/p/CN-DpQoh-nh/]]></description>
      <styleUrl>#icon-1899-9C27B0</styleUrl>
      <Point>
        <coordinates>
          12.5624527,55.6746268,0
        </coordinates>
      </Point>
    </Placemark>
    <Placemark>
      <name>Baby Babbo</name>
      <description><![CDATA[Igår aften kørte vi fuld fest på @babybabbo_ria - fberg måske mest gang i den restaurant? Virkelig party vibes. <br>Ingen garderobe - irriterende du har jakker over det hele. Virkelig søde tjenere og meget varmt rum da de har en pizzaovn i det åbne køkken! Så tag bare en tshirt på. <br><br>Fix menu family style til 325kr er en rørende pris. Vi startede med tungt surdejsbrød med en virkelig lækker olivenolie + citronsaft. Så delikat og nice med lidt syre! Godt tænkt. <br>Videre til straciatella med røget olie, som nok var aftenens eneste skuffelse, vi synes konsistensen blev lidt grynet og ikke så smooth. Smagte godt dog. <br>Den blev serveret med måske den bedste kartoffelsalat vi har smagt med sennepsfrø OG stenbidderrogn OG chips hvilket gav hele tre forskellige elementer af cruncj. Sikke et flex! Ren madfyrværkeri i munden vi var ellevilde. <br><br>De grønne asparges med hasselnød og musling/persille sovs og syltede brunoise asparges var også virkelig spændende og vi er så klar på at kopiere. Genialt lige at smide en fed nød på som drys, det skal kopieres asap derhjemme. <br><br>Videre til ravioli med squash i kyllingefond som også bare var en vinder og så til sidst en kartoffelpizza vi glemte at fotografere med lidt for tunge stykker og meget ost. Lidt heavy afslutning måske og stod ret meget i kontrast med de tidligere ret lette retter. <br>Vi sprang desserten over og fik i stedet cocktails. <br>Middagen var spændende og sjov men vi gik helt i mad koma og levnede flere gange måske fordi der var rigeligt ost på flere af retterne. <br><br>Ret interessant at vi ikke savnede kød overhovedet, alt var bare tasty. <br><br>🍴8/10 det blev lidt tungt til sidst men overall tårnhøjt niveau til prisen og sjove retter!<br>🎉 10/10 for festlig stemning, ABBA i højtalerne og tjenere med overskud. <br><br>@babybabbo_ria er en kæmpe anbefaling herfra hvis du er på ydre Frederiksberg. Og hvis ikke du er så bare hop på cyklen! God vibes all around.  https://www.instagram.com/p/CODe-N0Bvrk/]]></description>
      <styleUrl>#icon-1899-9C27B0</styleUrl>
      <Point>
        <coordinates>
          12.5290854,55.6876154,0
        </coordinates>
      </Point>
    </Placemark>
    <Placemark>
      <name>Mums deli</name>
      <description><![CDATA[Kender I det der med at man cykler ned til DGI byen for at blive testet, fordi der står på internettet at der er ca 0-15 min ventetid, men så kommer man derned og så kan man bare se at der kommer til at gå i hvert fald halvanden time? Well, det er sket for os et par gange, for der skal satme køres nogle vatpinde i de næsebor, hvis man vil spise så meget ude som vi vil. Derfor kørte vi en kombineret kø-hangout og frokost, og det var den perfekte anledning til at prøve en sandwich fra @mumsdeli i kompagnistræde som den ene sultne pige ku ramme på vejen. <br>69kr for en GIGANTISK sandwich, som vi nok havde delt, hvis vi havde set krabaten på forhånd. <br>Den ene fik m hummus, vesterhavsost, syltet græskar og spinat - GAL en hummus, masser af spidskommen, overordentligt godkendt. Syltet græskar i sandwich var ny for os, men en kæmpe vinder, det er det. Amazing kød alternativ, og lækker fresh smag. <br>Den anden kørte kalkunchorizo der var sygt god, også m vesterhavsost, syltet peberfrugt, en liiidt for stor portion rucola til vores smag men til gengæld en chili mayo som vi seriøst kommer tilbage og køber i ren form. <br>Det hele pakket ind i sprød udenpå / blød-luftig indeni brød, det spillede. Tænk italiener baguette bare bred og som sagt seriøst stor. <br><br>Altså de 2 sandwicher vidner om at de rent faktisk har smagt på sagerne og sagt MUMS derinde. Lækkert med syltede ting, det hævede niveauet. <br>Ret god value 4 money, vi endte self med at æde det hele, selvom der var alt for meget, for vi kedede os i testkøen. Tænk at det er blevet life nu, at en working lunch skal være sådan, RIP fede frokostpauser. Men når det nu ik kan være anderledes, så kan vi altså anbefale @mumsdeli <br><br>🥪 9/10 hip hurra for 2 glade, mætte og corona-fri piger! Så er vi altså bare klar til at spise mere<br><br>💃💃.    https://www.instagram.com/p/COIe9uUhr5I/]]></description>
      <styleUrl>#icon-1899-9C27B0</styleUrl>
      <Point>
        <coordinates>
          12.574632,55.6767019,0
        </coordinates>
      </Point>
    </Placemark>
    <Placemark>
      <name>Undici</name>
      <description><![CDATA[Ciao amori! 🇮🇹 utroligt nok som det lyder, har vi aldrig været på @undici_cph før -men wow vi kommer da igen for de har nok byens bedste solspot på wilders plads med hele to kanaler man kan holde øje med mens man holder sig hydreret på aperol spritzes. <br><br>Facaden ser ikke ud af meget, undici betyder 11 på italiensk og du kommer bare ind af en bagdør. Hyggeligt rum, lidt dårlig akustik desværre men får du en vinduesplads går det hele nok. <br><br>Vi kørte menu del giorno til 425 og sprang straks i et væld af antipasti. Favabønnecreme var lækker (dejligt at blive styret udenom pesto/romesco for gud ved hvilken gang), en brava baccala med polentachips - kæmpe vibe!! <br><br>Tun tartaren var med tomat og kapers og efter vi lige vænnede os til det salte i stedet for syrlige bid blev vi sgu ret begejstrede. Porre retten og broccoli var lidt anonymt. <br>Hvad sker der lige for at broccoli er blevet så moderne? Vi har fået det tre gange den sidste uge? 2021s svar på blomkålen? Stop trying to make fetch happen. ⛔️🥦⛔️<br>Uanset hvor meget du vender og drejer den er der sgu bare en mere spændende grøntsag end det der..<br>God skinke dog det skal de have. <br><br>Videre til primi som var en fresh risotto med ærter og mandler det er så dejligt 💚 ikke så parmesan heavy og nice med lidt nødde crunch. dog en lille smule heartbreak over ikke at få pasta.<br><br>Tunge som secondi (fisken altså) med 2x spinat og en mystisk tapetklister kartoffelmos?? Vi kan ikke tro at de ikke kan finde ud af at lave mad, hvad var meningen lige der? En svipser fra køkkenet eller en gastronomisk ide vi ikke lige var med på? who knows. Dræbte en ellers hæderlig fisk i vores optik. Øv. <br><br>Vi sluttede til gengæld af med højt humør og fik panna cotta (som altid) med CAMPARI i fløden og appelsin gelé og hvid choko. Wuhu det var fandme spændende og fedt at slutte af lidt mere bittert hvis i forstår?<br><br>Olivenolien skal have sin egen lille kommentar for den var så virgin og friskpresset vi kunne drikke den rent. Elsker når man får den lidt pebrede prikken i munden, kæmpe vibe. <br><br>🍴7/10 vi lander på en syver for gode men måske lidt safe retter. Stadig triste over fail mos men er helt klar på at genbesøge til sommer til en pasta ☀️.   https://www.instagram.com/p/COPsuaXh7e_/]]></description>
      <styleUrl>#icon-1899-9C27B0</styleUrl>
      <Point>
        <coordinates>
          12.5941124,55.674995,0
        </coordinates>
      </Point>
    </Placemark>
    <Placemark>
      <name><![CDATA[Oysters & Grill]]></name>
      <description><![CDATA[nørrebro lokal favoritten oysters n grill er placeret midt i kebab strædet men har siden hvem ved serveret uprætentiøs surf n turf til virkelig gode priser. Der er ikke nogen snobbet fiskebar stemning eller steakhouse vibes, men rammer et hyggeligt midtpunkt der er godt til både familien venner og dates. <br>Meget overskueligt menukort så du kan sagtens tage herhen med en newbie restaurant spiser uden at det bliver overvældende. <br><br>Dagens anmeldelse er i den fiskede ende, vi fik ikke kød - MEN har spist her flere gange og det har også været solide leveringer hver gang. <br>Vi startede med østers og de smagte sgu så godt at vi blev fristet til at prøve lidt flere. <br><br>Bobler til det hele hvilket altså godt kan anbefales hvis man er lidt træt af at høvle vin i en uendelighed. Nice to change it up. De har også helt i orden basic cocktails hvis man vil fyre den af med en Old fashioned til din bøf.<br>Havets frugter (200kr god pris) med crudite af radise, kål, ærteskud med friskost on the side. <br>Gode store pil selv rejer alle med rogn hvilket jo sviner lidt men det kan man ikke ligefrem klandre de stakkels dyr for. God og meget mayo til dyp. <br>Helleflynder ceviche med mango og koriander som var meget limey og en god start. <br>Knivnuslinger med god smag men desværre super sandede. de må være helt modbydelige at gøre rent<br><br>Videre til deep fried rejer med chili mayo, god crisp! Til det fik vi klassisk hvidvins moules frites og grillede kammuslinger som var soya saltede. Havde en grill smag vi var ret begejstrede for. <br><br>Afslutning var choko/vanilje softice med jordbær. <br><br>Vi havde booket en tidlig booking fordi alt er umuligt og efter to timer kom vores tjener ned og havde rokeret lidt rundt hvilket gav os en time mere. Det er virkelig god stil!! <br><br>🍴8/10 til prisen er det virkelig et godt sted, overskueligt og ærligt måltid. Ikke de helt store opfindelser men bare nice og hyggeligt der imødekommer nærmest alle. <br>💸 330kr for en tre retters menu.  https://www.instagram.com/p/COYDhFLhaPU/]]></description>
      <styleUrl>#icon-1899-9C27B0</styleUrl>
      <Point>
        <coordinates>
          12.5516105,55.6928948,0
        </coordinates>
      </Point>
    </Placemark>
    <Placemark>
      <name>JAGGER RÅDHUSPLADSEN</name>
      <description><![CDATA[Vi har begge haft en rigtig mandags mandag så vores tipster bevis til @jagger_ff faldt på et tørt sted.<br>Deres nye flagskib ligger på Rådhuspladsen og er godtnok meget neongult og minimalistisk men godt sted at sidde og stene biler på boulevarden. Og selvom i sikkert alle har ramt en Jagger eller to kører vi lige en lille fedtet kommentar alligevel 🍔<br><br>Deres claim to Fame er selvfølgelig deres fried chicken burger hvor de var de første på markedet - og måske en trendsætter på den friteret kyllingebølge hele kbhavana rider på i øjeblikket. Godt med mayo snask og et kæmpe stykke helt bryst. crispy. <br>Sultne pige 2 ramte en helt stand Jagger burger med deres mayo og standard burger ingredienser. Også godt snasket, iPhone skærmen er også begyndt at blive lidt sløret. <br><br>Det Jagger jo virkelig kan er at levere et bjerg af tynde pommes til burgere - MEN vi synes det er snyd og dårlig stil at kræve 10kr for en mayo??? Come on, der burde være dip til en menu i det hele taget men ti kroner for et fedt fingerbøl er lidt for røvet. <br><br>Hvis du kan vriste dig væk fra den sædvanlige cola har Jagger i vores optik byens bedste milkshakes. Der er så meget is i dem at de smelter på den helt rigtige måde, det er tykt tungt og cremet. Bring it on. Eneste anke er at der ikke er en banan Shake (nok verdens mest undervurdere drikkevare). Vaniljen er godkendt<br><br>🍔8/10 for solide burgere hver gang. Vi har spist på Jagger +50 gange ihvertfald og det er meget sjældent noget bliver glemt. <br>🍟10/10 tænk at få ekstra fritter uden at bede om det. BLESSED. Gode mayoer men nederen det er så dyrt. God styrke i chilien.   https://www.instagram.com/p/COaxFOjBTMq/]]></description>
      <styleUrl>#icon-1899-9C27B0</styleUrl>
      <Point>
        <coordinates>
          12.5666045,55.6764872,0
        </coordinates>
      </Point>
    </Placemark>
    <Placemark>
      <name>Iluka</name>
      <description><![CDATA[ENDELIG sku vi på @ilukacph og prøve færøsk søpindsvin. Men ak, corona har umuliggjort det MEN det gjorde slet ingenting, viste det sig. <br>Kørte 3 forretter - ansjoser, grøn ceviche-servering med markrel, rejer og god chili vibe og PSYKO meget smag. Og en helt vidunderlig seafoodtartar som vi sku putte i nori tang, som var det en taco. Helt på røven over hvor smukt det var! Hvis du spiser med øjnene, så er det bare med at komme af sted. Især fordi det også smager helt guddommeligt. <br>Vi kom higher than heaven med hovedretterne. Først en krabbe-underside m sukkerærter og svampe WOW. Ville aldrig have gættet på det var krabbe, meget fast i konsistensen. Elskede det. Så kom der måske aftenens højdepunkt, som var perfekt tilberedt blæksprutte med blåmuslinger i stærk paprikasovs. Er du gal en kombi, virkelig lang tid siden vi har haft optur over en paprikasovs, men er du gal det smagte godt. Seriøst, der var ik én ret hele den aften, som vi følte vi havde smagt før. Det var så legesygt, så kreativt.<br>Sidste servering var den eneste uden fisk. Blomkål m cremet hasselnødde/krydder topping, der ledte tankerne hen på indien - en slags varm smagsboomerang, der bare blev at at give. Dild on the top gav det på én eller anden måske en fiske-vibe. Begge var speachless, og der skal meget til. <br>Oveni hatten så var betjeningen én af de bedste og sødeste vi har fået i lang tid. Opmærksom, men ikke pres og bare virkelig skøn altså. Tusind tak! Og der var tandstikker på toilettet SHIT hvor er det godt tænkt!<br>Eneste anke vi har er lidt på stemningsviben - der er meget lyst, og soundtracket er lidt anonymt og instrumental-lollet. Man skal self ku se sin smukke mad, men lidt mere cande light vibe ku være lækkert. <br>Vi to måtte slippe 2100 i alt. Av for satan. Men det var inkl drikkepenge, 1 flaske vin, 1 glas mere og hele 4 espresso martini, hehe. Hov, det er faktisk endnu en anke - drinken smager sgu ligesom på alle de andre steder, så den behøver de måske ik tage 129 kr for? well. Alt andet var worth it, anyways.<br>🐙10/10 på maden. Big ups for det lille køkken med de store armbevægelser<br>🕯7/10 på atmosfæren, der mangler lidt lidt cozy vibes.   https://www.instagram.com/p/COfihP5BnEt/]]></description>
      <styleUrl>#icon-1899-9C27B0</styleUrl>
      <Point>
        <coordinates>
          12.5892139,55.6778466,0
        </coordinates>
      </Point>
    </Placemark>
    <Placemark>
      <name>Bar Poldo</name>
      <description><![CDATA[Tre sultne piger trodsede regnvejret for at tjekke om @bar_poldo ku holde til den hype de har været genstand for siden de åbnede sidste år. Og altså, maden holder! men slack service og plads til forbedringer på stemningen. <br>Vi havde bord kl 20, og så er det altså lang tid at vente +30 min før der kommer alkohol på bordet og vi ku bestille vores første retter. Især fordi et andet selskab der ankom efter os (og kendte personalet) havde fået både vådt og tørt, mens vi sad og trillede tommelfingre. Not okay. <br>Vi blev glade igen da der ankom det SMUKKESTE kødfad med spæk, spicy salami og Parma (som ik normalt er på fadet, men vi lokkede dem til at putte den på, go stil!). Og hør nu lige her. Sulten pige nummer 3 er vegetar, men fordi nr 1 og 2 var ved at falde bagover af begejstring endte hun også med at smage hele 2 bidder, og hun var ligeså mindblown. KÆMPE anbefaling, bedste skiveskåret kød vi har fået i lang tid. <br>Næste starter var cheese+crackers, SYGT god ost selection der fik os til at glemme at crackers ligner dem fra netto. Fignerne i midten havde en vildt klam sprutsmag? Sådan vodka infusion m nelliker? Well måske det er smag og behag. Creds for ostefad som starter og ik dessert, 100 år siden vi har set det. <br>Arancini ret anonym... 🤷‍♀️<br>Sashimi af sandart m kålrabi var seriøst god, konsistenserne matchede hinanden helt perfecto. <br>Asparges var et selskab vi gerne ville have børn med hvis vi ku. De kom m vitello-tonnato ish creme WOW og m brændt kapers on top, seriøst en god kombi. asparges var blancheret, den var i hvert fald stadig helt crisp og frisk, tilberedning har de fandme styr på derinde. Stratiacella blød og lækker, men kun 1 ristet brød til 3? Vi bad om flere, men det kom aldrig. Sad. <br>Der er stort potentiale i bar poldo, for de har ret godt styr på mad og vin. Men service haltede, selvom personalet var vildt søde og meget sådan italy family style, så gik vi derfra med en følelse af ik rigtig at være blevet serviceret?<br>7/10 🍽 mad - kød og asparges trækker den op. <br>5/10 🕺🏼 på service. MEN mere effektivitet og opmærksomhed + skru ned for lyset hvis I vil køre sussudio på anlægget. Så er den der vist. <br>💸 1745 i alt inkl vin]]></description>
      <styleUrl>#icon-1899-9C27B0</styleUrl>
      <Point>
        <coordinates>
          12.5843475,55.6797203,0
        </coordinates>
      </Point>
    </Placemark>
    <Placemark>
      <name>Rbabarrab - Kihoskh Bar</name>
      <description><![CDATA[@bec_cph har været på vores radar i et stykke tid. Han er en af de der private people der laver mad i weekenderne, og startede med at sælge ud af godterne under lockdown. Denne søndag foregik det på @rbabarrab som pop up (indtil kl 14 tror vi) hvor man ka få en overdådig bacon/egg/cheese i glinsende brioche og så tilmed en bloody mary at skylle efter med. <br>Seriøst det er et godt solspot der på hjørnet, perfekt location til at dulme vores tømmermænd fra i går. <br>BEC er nok de tungeste morgenmad du kan inhalere, og den her slog os fuldstændig ud, hvorfor vi nu har brug for at ligge vandret. Det er er godt tegn. <br>Bloody Mary havde lidt struktur i sig, vidner om hj lavet tomatjuice. Men der var ik noget tabasco i, heller ik peber rigtigt, og der ku også godt have været lidt mere vodka i, det blev sgu en lidt vandet affære. <br>Spurgte om en tabasco, det havde de ik? <br>70kr burger, 75kr for BM<br>9/10 🍔 for burgeren. Godt med purløg og peber i æggemassen, kæmpe vibe cheddar på både over og underbolle. Gavmild omgang bacon. Men ku godt ha brugt list Spice. <br>GOD SOLSKINSSØNDAG DERUDE!   https://www.instagram.com/p/COpmpdahNa1/]]></description>
      <styleUrl>#icon-1899-9C27B0</styleUrl>
      <Point>
        <coordinates>
          12.5520163,55.6665485,0
        </coordinates>
      </Point>
    </Placemark>
    <Placemark>
      <name>Yaffa</name>
      <description><![CDATA[På hjørnet af gråbrødrene torv (lå der ikke en cykelhandler tidligere?) ligger @yaffacph med er du gal et lækkert interior med marmorborde og klinkegulv og lækre træstole og træer. Som navnet antyder tager middagen udgangspunkt i middelhavet med ikke mindre end 12(!) retter til 385kr. Du godeste. Vi tog 1 alm 1 vege og delte <br><br>Startede du med brød, humus (kedelig, fin), oliven, gulerodsmos m gulerod, baba ganoush som var dejligt med meget til start men der manglede lidt heat på smagene måske? <br>Derefter kingfish med muslinger på tamarind sauce som var dejligt og spændende. Lidt weird med trekantet selleri synes vi dog. Videre til en desværre virkelig kedelig tabbouleh + grillet squash og hvide bønner med nogle kæmpe stykker broccoli med radiser - undskyld men siden hvornår har broccoli og radiser været israelske ingredienser? Vi synes det røg lidt ved siden af. Smid da bare lidt peberfrugt og aubergine vores vej! <br><br>Aftenens hav vinder var en lille mini pulpo på en lækker fennikel sovs - HAPS, med perfekt grønne asparges og noget ostet sauce HAPS og blomkåls couscous. <br>Videre til en genial lille lam/harissa anretning der havde den spice varme vi savnede! Sprang over tabbouleh omgang#2<br><br>Det er ikke tit at det er desserten vi falder i svime over men den labneh parfait smagte simpelthen så åndssvagt lækkert og genialt at køre en ikke pannacotta med roser og pistacie - fandme flot Yaffa!! Genialt og ikke så kvalmende sødt man kan risikere andre steder. Appelsin is med choko var så lækker men please fjern det slik der blev drysset over. Det var alt for hårdt til vores tænder. <br><br>🍴7/10 lidt svipsere og lidt ramt ved siden af kombineret med pulpo og magisk lam + dessert lander os på et syv tal. Vi kunne godt finde på at tage derned og bare plukke lidt fra kortet næste gang. <br>🎉 10/10 er du gal hvor var der skruet højt op for musikken. Svært at konversere men følte os transporteret tilbage på nevermind pre covid times. Perfekt restaurant til før du skal i byen men vi ville ikke have noget imod man skar kortet lidt ned og hældte flere krydderier på i stedet.   https://www.instagram.com/p/COu8W4IBjNm/]]></description>
      <styleUrl>#icon-1899-9C27B0</styleUrl>
      <Point>
        <coordinates>
          12.5753371,55.6796063,0
        </coordinates>
      </Point>
    </Placemark>
    <Placemark>
      <name>Silberbauers Bistro</name>
      <description><![CDATA[Jægersborggade har fået sig en ny biks nemlig @silberbauers_bistro i manfreds gamle lokaler. Her er dækket op ægte bistro style med rødternede duge og mormor stel, og så er der fisk på menuen MUMS! <br>Begge piger tog en carte blanche menu til 350 bobs, hvor vi lagde ud med et af aftenens højdepunkter: torske sashimi m appelsin og chili - genial kombo og fisken var silkeblød, gled lige ned. Dernæst kom blåmuslinger med aioli og radiser m torskerognscreme, det kunne vi også godt lide, især radiserne var sygt lækre og crispy og cremen dejlig røget. God stemning fra start!<br>Men så tog vi desværre et gevaldigt dyk ned da vi sku have vores jomfruhummere. Betjeningen havde ellers været utroligt sød og opmærksom, selvom man godt kan mærke, at de kun lige er åbnet, og derfor måske har det lidt newbie-hektisk. Men jomfruhummerne blev slet ik præsenteret, bestikket blev smidt ned hos den ene sultne pige inkl et nøddeknækker lignende instrument som ingen af os havde prøvet kræfter med før. Og så kastede han 2 små pakker ned midt på bordet, sagde “vådservietter” og skred igen. Hold da op. Normalt ville vi måske bare have tænkt whatever, og rystet på skudrene af sådan en lidt pms agtig opførsel, for vi kender det jo. Men nu sad vi der og følte os psykopat dumme fordi vi ikke vidste hvordan vi skulle bruge den der nøddeknækker? Ret træls, det lagde en gevaldig dæmper på glæden. Det smagte godt, men fik langt fra alt kødet med er jeg ret sikker på. Og så sad vi og kiggede på de pinlige skaller i i hvert fald 30 min før de ryddede op...<br>Hovedretten var en hel slethvad med hvide asparges, kartofler sovs og mormorsalat. Måske det mest traditionelle måltid vi har fået i år, og det smagte godt, men så heller ikke så meget mere... vi savnede lidt den kreativitet vi så i første servering. <br>Desserten var til gengæld en vinder! Very creamy citrontærte, den må i ikke snyde jer selv for hvis I lægger vejen forbi. <br>6/10 🐠 på madfronten, ku smage det var gode råvarer, men ville godt have været lidt mere wow’ed<br>4/10 😥 på servicen. Det er altså en ommer, når de sultne piger sidder og føler sig dumme. Der skal meget til, for vi er ikke sarte.    https://www.instagram.com/p/CO5jmdLhcul/]]></description>
      <styleUrl>#icon-1899-9C27B0</styleUrl>
      <Point>
        <coordinates>
          12.5434728,55.6932732,0
        </coordinates>
      </Point>
    </Placemark>
    <Placemark>
      <name>Sanchez</name>
      <description><![CDATA[@sanchez_vesterbro har jo efterhånden et par år på bagen og den ene sultne pige var her engang til en omgang breakfast flautas hun stadig drømmer om. ❤️<br><br>Interiøret er en hyggelig, dunkel belysning med god stole. Ret mange par? Og ægte voksne der har money to blow 💸 og det skal du altså også have for hvis du falder i tequila fælden som vi gjorde får dine lommepenge hurtigt ben at gå på. Mariachi musik<br><br>Vi kørte 4 for 400kr men før vi startede fik vi lige en omgang østers med habenero og havtorn -HAPS. <br>Første omgang var en rødbede tostada som var fin men den tun tostada vi også lige fik gaflet os var altså en kæmpe vibe SE lige den guac og de kæmpe stykker fisk! Selv med dårligt billede er det ægte kval. <br><br>Videre til slethvar ceviche (amazing glemte billede) med gule tomat habenero creme wauw shit det var godt. <br>Tamales med sorte bønner og blomkål?pure tror vi som var god men altså tamales er sgu lidt safe, vi ville have elsket noget spicy side eller en mole med ægte gang i. Der var jalapenos i retten men det kunne vi ikke smage☹️<br><br>Nu begynder det at blive sløret for vi drak nærmest hele kortet og smagte også en masse fantastiske mezcal shots - ikke være bange, du er langt fra 7/11 sierra helvedet her. Tag et shot eller to! <br><br>Derefter spiste vi noget artiskok helleflynder græskar hvid asparges som også gik rent ind. <br><br>Så var menuen sgu færdig men det var vi ik så vi kørte lige en hjernedød servering tacos der nærmest var helt disintegreret i svinets kødsaft. Eddermaneme tungt men virkelig også bare fingerlickin’ good. <br><br>Vi ville have MERE og sluttede benhårdt af med churros med appelsin fløde is og så lige et par shots. <br><br>🍴8/10 i alt, kun tamalen var vi lidt lunkne på. Lidt dyrt måske men også mange gode spændende ingredienser <br>🥃1000/10 for genialt alko kort. Vi slingrede hjem lykkelige med lys og stjerner i øjnene ✨ <br>💸 vi endte med ca 3800 for 3 mennesker så av min arm vær lige obs på det! Men altså, skal det være så lad det være - og @sanchez_vesterbro er toppen af mexi scenen og når vi lige har sparet sammen skal vi så meget tilbage. <br><br>Hvis du er broke så kør tostada, tacos og mezcal shots a la carte så får du også en rigtig god aften. <br>🇲🇽🇲🇽🇲🇽.   https://www.instagram.com/p/CO-cwyGBX9Y/]]></description>
      <styleUrl>#icon-1899-9C27B0</styleUrl>
      <Point>
        <coordinates>
          12.5550536,55.6698114,0
        </coordinates>
      </Point>
    </Placemark>
    <Placemark>
      <name>Bar la Una 2</name>
      <description><![CDATA[Ciao amori! 🇮🇹 vi har kørt en lille mandagsmiddag fordi hvorfor ik og vejret er så lyst og dejligt man bare får lyst til at drikke orangevin hele dagen. Og hvor bedre end @bar_la_una ?? Longtime friend of the blog vil huske at vi faktisk var her sidste år, men alt før lockdown er genstart i vores bog så vi skulle jo prøve det igen. <br>Indretningen er sparsommelig må man sige, med samme blå maling som på @mangia_vesterbro, fed vibe og mindede os om at spise i Milano/Rom på de der hemmelige trattoriaer man kan være heldig at falde over. VIRKELIG flot skammel til din taske eller - i vores tilfælde winecooler (vi blev hurtigt tippet at det er @a_seat_in_siena der står bag) 💙<br><br>THE FOOD - vi kørte en omgang friteret polenta med øko ragu ( favorit bestilling i den italienske hovedstad) og seriøst hvor kan man gå galt med den kombi. Så god jo. Dertil en cute kammusling servering i skal som ja, var god, men det var nogle ærgerlige piccolo bløddyr vi havde fået. Vi elsker når man nærmest skal bide den over men vi slugte i en mundfuld. Lækker parmesan dog, hvis jeg skulle begrave en ret sådan ville det nok være the Way to Go.<br><br>Videre til oksemørbrad som var blodig og oliesejlende og passede perfekt til vores broccolini sølvbede side. Yummmyyy og ikke noget vi ville have spor imod at køre igen. Gudhjælpemig om en af os ikke engang havde kysset lidt på en i køkkenet så vi fik en bitter salat med ansjoser som virkelig også gik godt til kødet on tha house. Love is in the Air :) vi sprang over desserten og drak os bare videre i vinene - glemte billede beklager, men de har virkelig et sindssygt godt vinkort og nogle kompetente og meget søde tjenere der guider dig igennem 🧡<br><br>🍴9/10 alt var bare brava her, @bar_la_una holder lige så højt niveau som sidst på hverdagsmadhygge i Italien vibe. Det er ikke haute cuisine men ægte god mad som var du i roma. En lille bitte vacanza før du får dit stik. <br>💸 det har vi glemt men cirka 3/400 kr Per person røg vi af med<br><br>+masser af udeservering! Vi ses dernede og tak for mad ❤️❤️ eneste eneste anke måske er at bordene er lidt små men du løser det nemt ved hjælp af smukke taburetter + man får bare lyst til at spise alt asap.    https://www.instagram.com/p/CPDgzlIhjg-/]]></description>
      <styleUrl>#icon-1899-673AB7</styleUrl>
      <Point>
        <coordinates>
          12.5501941,55.6679016,0
        </coordinates>
      </Point>
    </Placemark>
    <Placemark>
      <name>Falang Asiateria</name>
      <description><![CDATA[I kbhs nok mest hidsige pink bygning ligger @falangcph som i et par år nu har serveret thai mad til hipster smarte youngsters men vi havde ikke været der siden åbningen og tænkte fuck it lad os prøve. <br>Indretningen er voldsom, lamper og pynt overalt, det ligner et turistmarked i Bangkok on steroids men er jo ret grineren og indbyder til total fest hvilket ikke er overraskende da det er simon&simon fra div kbh diskoteker der står bag. <br>Virkelig god fredagsplayliste de havde kørende og byens bedste karaoke rum hvor vi har sunget euphoria og ABBA klassikere klingende falskt og irriterende højt. Rummet er lydisoleret men når man løber ind og ud og op i baren konstant kan man godt pisse nogle folk af. Falang har lidt en do it for the gram vibe. <br><br>Vi startede med chips og nogle crispy AF spring rolls (men hvor svært kan det også være at fucke up) med en delicious sursød sovs, det var en god start. <br>Videre til asian chicken nuggets som var overtilberedte men reddet af hoisin sovs sammen med lamme balls som havde en super udefinerbar smag, vi kunne ikke helt regne det ud, kryddersmagen fik os til at tænke på maccen? Meget mystisk. Spring dem over. <br><br>HJERNEDØDE bbq spareribs!! Kunne seriøst finde på bare at bestille ribs og bajer næste gang, det var så sexy med lidt frisk chili på toppen og med panko panering gav den en helt vild optur sprødhed - damn. Kæmpe vinder. <br>Videre til fisk i en fennikel gurkemeje svampe sovs ting som var ret funky! Fisken var perfekt stegt som vi kan lide det, så kørte vi en ok men lidt anonym grøntsagscurry og en pad thai med gode rejer men også lidt ok fin nok ik noget specielt. Ikke helt oppe og flyve?<br><br>🍴7/10 vi sniger os op på en mellemhøj mad skala, der var nogle svipsere men overall var maden helt ok. Lidt i den dyre ende at køre a la carte (de har også menuer). FALANG er fint men ærligt ville jeg nok hoppe på en “ægte” thai biks til mit næste mad fix. <br>🎉9/10 Når det så er sagt er det et virkelig sjovt sted med god stemning og musik der indbyder til en totalt fredagsbar vibe. Hvis det er din ting så tag forbi men du skal ikke forvente mindblowing thai mad. Intet af det var stærkt forresten. <br><br>Skud ud til byens bedste karaoke🔥.  https://www.instagram.com/p/CPN01aEh8s0/]]></description>
      <styleUrl>#icon-1899-9C27B0</styleUrl>
      <Point>
        <coordinates>
          12.5562412,55.6701688,0
        </coordinates>
      </Point>
    </Placemark>
    <Placemark>
      <name>Maison</name>
      <description><![CDATA[Så gik det sgu galt igen, vi ignorerede vores bankrådgiver og bestilte bord på @restaurantmaison bearnaisekongen (Rasmus oubæk) og Jesper marcussens mere fransk end fransk gourmet bistro i indre by. <br>🇫🇷🇫🇷<br><br>Startede ud med gillardeau østers evidemment som i måske kan regne ud er den ene pige virkelig en skaldyrsfan samt en helt vidunderlig foie gras - Overvej lige tykkelsen på de slices og en ordentlig motherfucker portion af hvide asparges med en hollandaise der gav mig åndenød og sendte direkte op i skyerne. Se lige hvor GUL og TYK den er, det er en 13 tals åreforkalkning lige der men vil sgu argumentere for at det er worth it. For satan det var godt. La vie est belle! <br><br>Som hovedretter kørte vi en solid ribeye kæmpe stykke kød og ægte brasserie fritter - lidt øv at vi sidste gang fik pommes paille og det er virkelig en vibe vi ikke ser tit. Sig lige til hvis nogen af jer spotter dem et sted i kbh. <br>Anyway, videre til stegt lever totalt oldschool og mør med sovs og bløde løg og så en søtunge meuniere der nærmest fik os til at græde. <br>Kan mad være poesi? Hvis ja, var måden fisken skilte sig fra benene et sandt mesterværk og perfekte kartofler (både kogte + mos + fritter) til hele bordet gjorde ægte lykke. Var simpelthen bare så madglad <br>Kneb en lil tåre men måske var det champagnen. 100% fransk vinkort 🥂santé <br><br>Sluttede af med en roquefort som var god men næsten lidt for mild? Er vandt til et tungesvirp men det kom ikke. Fangede ikke lige hvor den var fra desværre. <br>Skud ud til baba au rum på menukortet! Det har vi ikke fået i evigheder. Sandkage du drukner i Rom og flødeskum på toppen<br>hello and goodbye en afslutning på en tur i den franske himmel. Tænk den findes lige der på dr. Tværgade den havde vi ikke lige set komme. <br><br>🍴10/10 Alt. Sad. I. Skabet. Har vitterligt intet negativt at sige her. Fantastisk fantastisk fantastisk mad. Alt var vidunderligt og råvarerne var bare så top kvalitet. <br>💸 DYRT. Fisken kostede 400 bobs i sig selv så vær forberedt eller tag alternativt din rige onkel med. <br><br>Topscorerne i aften var Verdens Bedste Hollandaise, poetisk fisk og sprutkage 🔥❤️ foie gras var virkelig også god hvis man ikke har politiske kvaler på den front.    https://www.instagram.com/p/CPTFyRDhaOp/]]></description>
      <styleUrl>#icon-1899-9C27B0</styleUrl>
      <Point>
        <coordinates>
          12.5836802,55.6844764,0
        </coordinates>
      </Point>
    </Placemark>
    <Placemark>
      <name>Toldbod Bodega</name>
      <description><![CDATA[@toldbodbodega har ligget på Esplanaden siden 1930 og i samme hus boede H.C Lumbye (komponisten af Champagnegaloppen - verdens måske mest classy druksang?) så det var med store forhåbninger vi hev nogle damer med til en virkelig alko heavy aftensmad. Toldboden er et traditionelt godt gammeldags værtshus med papirdug og mormorstel og meget hjemme i stuen stemning. Der var alt fra spray deo til parfume på toilettet, så der bliver lagt en meget familiær vibe. <br>Vi fik en flaske (endte med to) husets snaps og delte rejecocktail GENIALT, krebsehalesalat GENIALT og letz laks på det hvideste brød du kan få og små pakker Lurpak. Det smager bare af ægte mormormad, ingen fine fornemmelse bare bunker af mayo og thousand Island dressing - og hvornår fik man lige det sidst?Transporteret direkte hjem til Jylland på den absolut bedste måde. <br><br>Vi var ikke engang igennem forretterne før den første snaps var tom men den søde service var klar med flere classic og flasker med det samme. Snapsen smagte bare af mere, god og gylden der gled lige ned i løgnhalsen.<br><br>Toldbodens claim to fame er uden tvivl deres wienerschnitzel med dreng med en ordentlig panering og brun sovs med smørstegte ærter og ovnbagte kartofler. <br>Og hallo hvornår har i så lige sidst fået smørstegte ærter? Bring it back! En gudespise!<br><br>Altså come on hvor er det bare vidunderligt at få en så heavy hitter og bare ÆGTE MAD hvor opskriften ikke har ændret sig i 100 år. <br><br>Det tror vi heller ikke klientellet har for der er virkelig mange stamkunder. Selvom vi ligger i et dyrt postnummer er der ingen fine fornemmelser her. Virker umiddelbart også som om betjeningen har arbejdet der i +20 år. Total tidmaskine i kbh og dem er der altså ikke mange af. <br><br>🍴10/10 for noget så vidunderligt som god gammeldags kromad i indre by og nationalromantik og et værtshus som i gamle dage. Tag os tilbage! Og KOM SULTEN, hovedretterne er enorme selv for os. <br>💸 kvit vedhæftet. Alle pengene værd! <br><br>Tag på Toldboden hvis du savner en tung dansk middag. Vi er så langt fra naturvin og Karl Smart som man kan komme her 🇩🇰❤️ det var simpelthen bare en så hyggelig aften.   https://www.instagram.com/p/CPaPS6Whdj5/]]></description>
      <styleUrl>#icon-1899-9C27B0</styleUrl>
      <Point>
        <coordinates>
          12.5907578,55.6872833,0
        </coordinates>
      </Point>
    </Placemark>
    <Placemark>
      <name>Mæxico City</name>
      <description><![CDATA[Viva la @maexico! Vi var forbi i indre by til en gang chips, guac og burritos her engang i sidste uge, hvor vi var heldige de lige fik plads til et par walk-in senoritas. <br><br>Mæxicos restauranter er virkelig SUPER Mexico merched up, det er næsten lige i overkanten og ret tacky, så den vibe skal man være klar på. Tænker de kan danne rammen om en god dum stiv fødselsdagsfest eller polterabend, der er i hvert fald kæmpe tequila/kande stemning med pynt, lyskæder, sombreros og et soundtrack der matcher. <br><br>Vi startede med chips og guacamole, og guacaen kan de altså godt finde ud af at smaske sammen. Elsker at der er choppet masser af koriander i og det ik bare er lagt på toppen. Chipsene var helt usaltede - den ene sultne pige er saltnarkoman, og hun ved godt hun ska slappe af med alt det salt, men når det nu er chips der er på menuen, så manglede vi det altså begge to. I øvrigt super FEDTEDE chips, tag noget tøj på ser ka klare en olieplet eller to. Det giver point i vores bog. <br><br>Havde bestilt vores burritos samtidig med start-chips, så vi blev ret overraskede over at der også kom chips med til dem? Well, så kan man jo læse menukortet ordentligt, eller tjeneren ku lige have tippet, det ku have været god stil. Vi fik heller hverken bestik eller servietter til vores fedtfingre, før vi selv bad om det, helt oliet ind efter starteren. <br>Vi måtte have lidt ekstra guac til alle de chips, og så satte vi ellers tænderne i nogle VIRKELIG lækre burritos. Den ene med sweet potato og den anden med portobello. Især svamperullen havde en lækker cheesy vibe, love it from my head to my burri-toes, de var snaskede hele vejen igennem og ik kun i siderne eller midten. Selve pandekageindpakningen var lidt Santa Maria agtig synes vi. <br><br>Det smager, men det er for dyrt. Tjenerne var rigtig søde men ikke særligt opmærksomme, og så blev vi charget for vand selvom jeg sagde TAP WATER hele 3 gange, seriøst hader når det sker. Fint nok hvis de havde informeret. <br><br>🌯 6/10 i alt, ay caramba, men man kan sagtens tage derind og spise, evt drikke sig muerthos drunk i big josé shots, det er bare ik et value4money kindaplace.   https://www.instagram.com/p/CPiQaSrhqGP/]]></description>
      <styleUrl>#icon-1899-9C27B0</styleUrl>
      <Point>
        <coordinates>
          12.573183,55.678875,0
        </coordinates>
      </Point>
    </Placemark>
    <Placemark>
      <name>Selma</name>
      <description><![CDATA[Hvis I ik har opdaget det endnu så er vi to piger KÆMPE smørrebrødsfans, det er måske vores yndlingsspise, og derfor har vi længe ville på @selmacopenhagen, især fordi Søren Frank for første gang NOGENSINDE gav 6 stjerner til en smørrebrødsrestaurant, det sætter jo altså forventningerne deropad.<br><br>Well, vi havde gigantiske tømmermænd, så er det sagt. Men er der noget som en stor fadøl og en hjemmelavet løvstikkesnaps som en lil pick me up, i think not. Den ka I roligt bestille derinde, tømse eller ej, så smager den vidunderligt og komplimenterede alle vores madder rigtig flot. <br><br>Først en grøn rejemad med hvad der lignede en helt urtehave på toppen. Utroligt meget smør, var der overhovedet brød i den brioche, ik helt sikkert, er du gal hvor smagte det godt. Kartoffelmaden præcis som sådan en skal være, big ups for kyllingeskind, selvom det gjorde den lige saltet nok til nogens smag. Men altså, den blegnede lidt ift en guddommelig rødspættefilet med den blødeste pighvar blanquette, altså total overdådighed og vi sku lige have pusten igen, rimelig heftig runde! <br>Allerede her er vi faktisk ret overbeviste om, at det er det bedste fancy smørrebrød vi har spist i kbh. Og det smukkeste!🌸<br><br>Next up hønsesalat, en af vores all time favorites madder, denne gang med guanchale, som så vidt vi har forstået er en tykkere og federe panchetta, have i died an gone to pork heaven?? Det var sindssygt. Og smuk smuk nøddedetalje. Konfiteret kylling havde et helt genialt flex med rabarberkompot under sig, og oksetartaren var seriøst instagrammable og fik os til at ønske, at vi var bedre til at snappe photos. <br>Kørte sgu også lige et ostefad til dessert, der kom en pærekompot til, som var skøn fordi den ikke var for sød, og ikke én ost var kedelig, alle super smagfulde, very very rich. <br><br>Seriøst en frokost vi sent vil glemme. Og det på trods af at den der flaske løvstikkesnaps som vi kørte helt i bund + en flaske portvin til osten. <br><br>10/10 ❤️ kæmpe anbefaling, også fordi det er så smukt et sted, og der er middagssol udenfor, love it<br>Tjek det mindste af deres toiletter ud, der er de mest cute børnetegninger. God playliste derude også. <br>💸900ish per person, it’s a lot men aaaaall worth it.https://www.instagram.com/p/CPnpND1BrWo/   ]]></description>
      <styleUrl>#icon-1899-9C27B0</styleUrl>
      <Point>
        <coordinates>
          12.5698386,55.684666,0
        </coordinates>
      </Point>
    </Placemark>
    <Placemark>
      <name>Will at the Bridge</name>
      <description><![CDATA[Vi har seriøst fundet livsglæden og appetitten frem med alt den sol ☀️ og sammen med resten af familien DK ramte vi @broensgadekoekken til good times og en hurtig lunch. Der er lige lovet meget the voice på anlægget derude men de har nogle ret spændende madboder så den skal ikke afskrives med det samme!<br><br>Vi har hørt meget om @will_at_the_bridge og deres famøse dandan nudler så ind med os! <br>Comboen koster 170kr for nudler, dumplings og kombucha men vi var ikke lige i læskedrik humør og fik lov til at bytte til agurker - virkelig god stil at være lidt flex selvom man har travlt. Sød vibe<br><br>Agurkerne var friske og gode store stykker med ristet løg og masser af peber. Chilien var ikke så fremtrædende, men efter nogle bidder kunne vi godt mærke lidt lammelse på tungen. Yum 😋 man får seriøst ikke nok ristet løg sprinklet på sine salater<br><br>Videre til dumplings med svinekød i virkelig god størrelse med masser af koriander og en sovs som var simultant meget oliet og eddiket. Måske en kende surt når vi lige har fået agurkesalaten så vi hoppede over til <br>Dandan noodles, the centerpiece of the meal! I super super creamy peanut sauce - se lige sidste billede de glinser jo! Og bak choi, kæmpe favorit. Chilien var ikke så overdøvende som vi havde regnet med med? Vi havde regnet med at miste al følelse, men den var behagelig og dansker venlig. Eneste anke var at vi måske synes det syltede element kom til at fylde lidt for meget i retten især når vi lige havde spist 2x syrlige retter før. <br>MEN virkelig nice mad og klart et ambitiøst niveau der bliver lagt generelt i det Street Food market. <br><br>🥢7/10 god mad god kvalitet og til prisen en rigtig god frokost! Det tiltede lidt over i det sure og vi savnede lidt fire på spice (men måske er det vores smagsløg der er helt færdige???)<br>💸170kr for en frokost til to kan INGEN klage over. Vi kommer klart igen!!<br><br>Ekstra cred til solen for at give os nogenlunde anstændige madbilleder for en gangs skyld 😎 <br>O.G. source of light 💡.  https://www.instagram.com/p/CPs3QVchtcM/]]></description>
      <styleUrl>#icon-1899-9C27B0</styleUrl>
      <Point>
        <coordinates>
          12.5968014,55.677867,0
        </coordinates>
      </Point>
    </Placemark>
    <Placemark>
      <name>Nansensgade Nr.30 2</name>
      <description><![CDATA[I den stille ende af nansensgade ligger @nansensgadenr30 en mikro restaurant/vinbar med en fem retters menu til 290kr! hvilket er fuldstændig vanvittigt især fordi vi lige har haft en hel vidunderlig aften dernede. Are you ready? For vi var ikke forberedte på den mad optur vi skulle ind til but here we go! <br>Startede ud med (meget små) østers med et KIMCHI TOMAT shot sweet baby jesus hvor var det fedt altså, kan vi lige få den med vodka til? Svært at beskrive hvad der lige skete andet end at det var så god en start at vi sgu kørte en servering mere. 🦪<br>Så fik vi hamachi (ravfisk?) i en ponzu/soya sovs -mer’ umami Lykke, derefter knoldselleri i bånd (hvordan bar de sig ad med det, det må have taget en evighed at preppe) i noget kærnemælk med persille og mere knoldselleri i en puree. Altså det er jo meget lækkert men det er ikke pasta. <br>Så dukkede der et fladbrød op på tallerknen med stegt ramsløg og revet tørret gås??? Og fennikel. Altså ikke en kritik overhovedet men det blev lidt kød drys agtigt? Det har jeg vist ikke prøvet før. Men altså det kunne sgu noget! Også godt lige at få carbs<br><br>Vi fejrede fødselsdag så på det her tidspunkt er vi godt kørende (beklager billede kval) og de har jo det vildeste vinkort EVER det er vitterligt 10 SIDER EXCEL ARK printet ud bare fyldt op og ned med vin?? Hvor har de al den vin henne det er jo verdens mindste rum? Alt smager godt, hvis ikke du ved hvad du laver så bare stol på de super kompetente tjenere. <br>Porre med sesam ingefær og smør ❤️ ret sexy asian/dk fusion, brocollini på aspargessovs og smørstegt slethvar BLESSED, har fuldeskrevet “so crispy and juicy and fishy. Så blødt og umami”, så fornemmer i viben. <br>Rabarbertærte til dessert<br><br>🍴10/10 egentlig måske en 9 pga gåsen men en 10 pga kimchi shottet alt var lækkert og til den pris??? Vi forstår ikke hvordan det kan lade sig gøre men take My Money! De skifter tit menukort så du kan sagtens bare fyre den af med jævne mellemrum<br>☀️sol fra 18-20 ca lige pt! <br><br>100% en af vores favoritsteder i kbh uden tvivl ❤️ sjov mad der ikke er kød tungt men til gengæld meget grøntsagsspændende (er det et ord?) kombinationer. Vi havde det helt vildt over de asiatiske vibes de kørte. JATAK.   https://www.instagram.com/p/CP0j6QzBM3A/]]></description>
      <styleUrl>#icon-1899-673AB7</styleUrl>
      <Point>
        <coordinates>
          12.5634124,55.6818955,0
        </coordinates>
      </Point>
    </Placemark>
    <Placemark>
      <name>Vinoria Lilo</name>
      <description><![CDATA[På en sidegade til Købmagergade finder du @vinorialilo som er en relativt ny naturvinsbar og madsted som vi har fået SÅ mange Instagram ads for, vi faldt i den, hev nogle venner under armen og tænkte “hvor galt kan det vel gå”. <br>Turns out - MEGET galt. <br>Vi har haft noget banging madoplevelser på det seneste så heldet måtte vel vende på et tidspunkt og det gjorde det så nu. <br><br>Startede af med at vente 45 min på vores forretter og blev nødt til at gå ind og spørge? Hovsa de var blevet glemt og minsandten om bordet ved siden af ikke også fik serveret det forkerte mad. Ikke den bedste start. <br><br>Capresen var god, paten er fin ikke speciel. Kødet var okay men lidt whatever. 3 stk brød til 4 piger. Endnu en ups. <br><br>Nå, fuck it! Vi havde jo drukket den første flaske mens vi ventede på maden så vi tog en til, og vinene er der styr på, de har et Walk in køleskab hvilket er ret flex og et træ midt i rummet indenfor. Ret fin indretning, ret meget larm. Gode vine, og billige glas muligheder også.<br><br>Videre til pastaerne hvor det kørte helt af sporet <br>1. Carbonara? samtlige italienere må have korset sig da de så den smatsovs, vi var 100% sikre at der var fløde i men køkkenet sagde kun ost vand og æg. Mystisk<br>2. Ravioli. Svært at bedømme hvad der overhovedet var i da sovsen var meget vandet+undersaltet og totalt forglemmelig. <br>3. Papadelle smagte vitterligt bare af hønsekødssuppe med ekstra gulerødder og ingen kød. What?<br>Og last but not least en tomatsovs m ndjua der var ALT for stærk, smagsløgene blev fuldstændig dræbt af den sovs.<br><br>Hvad fanden skete der lige? Tjenerne sejlede, var uinteresseret i at servicere og forbedre deres mange fejl, køkkenet serverede 4 uimponerende hovedretter (HELE kortet) og vi følte os som om vi var i omvendt land for alle omkring os havde det bare topnice med Instagram stories og afbleget hår. Det virker som om Lilo er et sted du tager hen for at blive set mere end en god aften.<br><br>🍝4/10 forretterne trækker op på verdens mindste 4 tal. Tag endelig herhen og drik vin, skip maden<br>💸 1710 for 4. Sure penge.   https://www.instagram.com/p/CP5tm1ihzsv/]]></description>
      <styleUrl>#icon-1899-9C27B0</styleUrl>
      <Point>
        <coordinates>
          12.5790324,55.6813735,0
        </coordinates>
      </Point>
    </Placemark>
    <Placemark>
      <name>Donda 2</name>
      <description><![CDATA[I starten af torvegade ligger @dondacph som serverer sydamerikansk mad især med fokus på fisk og damn hvor havde vi bare en god aften altså. Kæmpe fest!<br><br>6 retter for 420kr men alt så så godt ud at vi tilkøbte stegte + rå kammuslinger med chili mayo på toppen, super lækkert at få 2-in-1 tilberedning det er bare luksus at få kammuslinger og så på to måder! Blæret.<br><br>Byens flotteste østers med chica morada (lilla majs drik) og en chili der bare sidder lige i styrke skabet hvor du mærker varmen uden at det overvælder. Rammer lige det niveau det skal - og dette gælder hele aftenen igennem. Damn det køkken har styr på deres spices!<br>Aquachile - en spicy ceviche med jordbær og kuller, så smukt og fedt med en sød forret! Elsker jordbærsæson og de er indkorporeret perfekt. <br><br>Tun tostada på den bedste majs tortilla EVER wow det var helt vidunderligt. Vores tjener var så god til forklare og fortælle historier, i Peru findes der en stor japansk minoritet så der nogle crazy fusion vibes med soya og chili som vi stødte på flere gange, her med sashimi udskæring, avo og friteret porre på toppen.sejt<br>Quesadilla med fjordrejer, queso og salsa verde. Delte vandene lidt ifht at rejerne var med skal-den ene synes det var for crunch med ben, hoved og hale på de stakkels dyr, den anden pige var all in på at fyre den af med 15 rejehoveder i en mexi sandwich. <br>Luksus citrussalat og gambas med miso smør og tørret oliven, perfekt sat sammen. <br>El grande final var byg selv tacos med torsk+skind, virkelig optur at få smadder efter fine dining. Fedt lige at få fingrene lidt beskidte. <br><br>Så kørte vi lige en popcorn is SÅ nice, rarbarber og churro dessert fordi det bare så så godt ud. <br><br>Der var ikke noget i denne middag vi ikke kunne lide. Seriøst, viben, playlisten, service og mad er bare next level god stemning ❤️<br><br>🍴10/10 fantastisk fantastisk sømad + VIRKELIG godt cocktail kort, gode shots også. Bedste latin restaurant i kbh med længder. <br>🎉10/10 tjekket betjening uden at være for meget, banging musik, kbhs måske fedeste wc lys (pink+blå, totalt disko). Der er også lidt udeservering og de kan åbne hele indgangspartiet op så man får en half in/half out oplevelse. Vildt lækkert i sommervarmen.     https://www.instagram.com/p/CP-xGLVhdmH/]]></description>
      <styleUrl>#icon-1899-673AB7</styleUrl>
      <Point>
        <coordinates>
          12.5895081,55.6736966,0
        </coordinates>
      </Point>
    </Placemark>
    <Placemark>
      <name><![CDATA[Baka d'busk 2]]></name>
      <description><![CDATA[Man kan vist roligt sige at @baka.d.busk er Københavns vegetar darling, og i det lange lokale på rantzausgade løber du ind i både influencers, musikere, børnefamilier og folk der er nysgerrige på grøntsager og en oplevelse uden kød. <br><br>Post lockdown kører de en obligatorisk plante menu til 375kr og vi sprang i et glas bobler sammen med sicilianske grønne oliven (vidunderlige), pickles og søde nødder. Tag en bid af din pickle efter dit vodkashot, det mindede os om de gode gamle dage på trabi bar 💔rip.<br>Hvem elsker ikke dybstegte ting og blomkålen var ingen undtagelse, aner ikke hvad de gjorde med den tahin men den var to die for! God god start. <br><br>Forretterne var et fad tomater og melon i vanilje vinaigrette samt asparges med safran og bær og vindruer. Virkelig lækkert! men også ret sødt må vi sande. Ærligt ville det havde været et genialt take på dessert? Auberginen var god men lidt undersaltet desværre. Det løste vi hurtigt med lidt salt på bordet. <br>Generelt en lille smule til den undersaltede side men det føles også som et bevidst valg af køkkenet. <br><br>Der var fuld smæk på aftenen og de stakkels tjenere løb rundt. Lidt synd når man skal være halv aggressiv for at få mere vand/vin men det skal man være indstillet på når man besøger baka. Tag ikke herind hvis man har en stram bagkant! Alle er altid glade og du får hældt shots på dig, service er slow så hiv en masse venner under armen, hold en ordentlig dinner party og vær lidt yolo🥂<br><br>Gulderods hovedretten var helt mindblowing med så meget smag, bid i toppings, cremet sovs og helt friske majs straight from the cobb. PERFEKT tilberedte grøntsager hele aftenen igennem, ikke en eneste udkogt kartoffel her. <br><br>Desserten var en fantastisk rabarber/jordbær/hindbær afslutning - bestil endelig en espresso Martini det er de gode til!<br><br>🍴9/10 deres sommer menu er virkelig det hele værd hvis man har lyst til en spændende og kreativ dinner der ikke har sagt muh. Du får virkelig meget mad!<br><br>🙋‍♀️5/10 stressede tjenere (måske ansæt 1 til?) og langsom men sød betjening. Lokalet er meget lydt - og der er kun 1 toilet hvilket de selvfølgelig ikke kan gøre noget ved men vær lige obs på at stå længe i kø.   https://www.instagram.com/p/CQG4qU1B6ne/]]></description>
      <styleUrl>#icon-1899-673AB7</styleUrl>
      <Point>
        <coordinates>
          12.5477532,55.6872927,0
        </coordinates>
      </Point>
    </Placemark>
    <Placemark>
      <name>Sonny</name>
      <description><![CDATA[Hvasså ka I holde varmen, det ka vi, og derfor rykker vi lige for tiden samtlige måltider udenfor. Det betød et besøg på @sonnycph der ligger som en smørklat mellem vores vores kontorer, og har et fab fortov hvor vi både kan peoplewatche og sludresladre. Er der noget som at se morgentrafikken stresse forbi mens man bare selv chiller med en kaf og en morgenplatte, i think not. HVIS det altså ik var fordi der havde parkeret sig en kæmpe van lige foran os, det er jo desværre en risiko man må løbe der i de tidlige timer. <br><br>På Sonny kører de en rimelig standard morgendish, den ligger dog lige lidt dyrere en så mange andre steder, nemlig til 95 bobs per sulten pige. Det er der en grund til, det er nemlig liiige et niveau over turistfældernes version, som du finder titusind steder i samme område. <br><br>Skønt add-on m juicen, den var virkelig gingery, holy shit et morgen kick, der vågnede vi lige. Ku godt lide at bollen for en gangs skyld ikke var af surdej SERIØST det ka os blive lidt for meget med alle de huller, amirite? Den var sygt god. Self smagte Arla unika ost/smør amazing, og filteren var fandme også god. Well done. Men vi undrer os over at jam on the side koster en 10’er, det er måske lige at stramme den, især fordi den smagte ret standard. <br><br>Sonnys har også frokost, det er et stykke tid siden og pre den her IG profil vi har indtaget dén, men husker den som god omend også lidt i den pricy ende. + de har vistnok en eller anden konditortype stående derinde, deres kager ser i hvert fald sygt fråderen ud. Har engang smagt lemon meringue, wow my gawd YES PLEASE. Må snart tilbage til kagetid. <br><br>Klientellet er ret kbh smart, så hav det in mente. Eller lad vær og distrupt stemningen af skjorter der på magisk vis altid er nystrøgne og hår der ikke KAN blive rodet på cykelturen. Hvordan fuck bærer man sig ad, vi fatter det ikke, men har observeret at det lykkes for i hvert fald 70% af gæsterne på sonnys. <br><br>7/10 ☕️ dejlig morgenmad, den ka i roligt spise, men det ville klæde dem lige at gå en 10’er ned, eller lægge en kaffe oveni, eller måske bare fyre syltetøj og den der pesto oveni hatten.   https://www.instagram.com/p/CQQWD04hrBb/]]></description>
      <styleUrl>#icon-1899-9C27B0</styleUrl>
      <Point>
        <coordinates>
          12.5742551,55.6769645,0
        </coordinates>
      </Point>
    </Placemark>
    <Placemark>
      <name>Mangia 2</name>
      <description><![CDATA[Beklager stilhed herinde, den ene pige tabte sin tlf i havnen midt i en instagram session. Typisk. <br>Heldigvis kunne vi blandt fodboldkampe og badeture klemme en lil middag ind på @mangia_vesterbro 🇮🇹<br>Husets klassiker er jo tartaren med hasselnød og estragon creme, lidt i den grove ende men kødet er så mørt at det smelter på tungen uanset. Vildt lækkert med nød. <br>Den blødeste straciatella med bla grøntsager, vidunderlig sommerlig forret!<br><br>Pulpo var hårdt stegt og såååå yummy. Synes tit sprutte kan blive gummi tarzan men mangia springer let og elefant over fælden og præsenterede en luksus umami ret med godt braiseret kartofler og persille pesto. Damn near perfect. <br><br>Tomat pastaen var klart lavet på små søde tomater, al denten sad lige i skabet. Eneste anke er at vi som små mælkepiger ville have værdsat lidt mozz på toppen. <br>Gnocci var til ug, sovsen ledte tankerne hen til det engelske køkken med en sjov kombi af oksekød og mynte? Lidt specielt men super godt. <br><br>Pludselig var vinen tom så vi hoppede på et par espresso Martinus og en æbletærte med is. Elsker mørdej. <br><br>Service er en smule hektisk, akutisk er ret dårlig. De glemte våde vand og brød. Tag ikke herhen hvis du skal snakke om dit forhold, virkelig ikke er hviske sted. Bliver varmt om sommeren. <br><br>🍴9/10 en stor konkurrent til byens bedste italienske <br>🥰6/10 for uopmærksom service. Meget travlt og løbe rundt så du skal selv tage initiativ hvis du vil have noget<br>Menu koster 450 for 4 serveringer, vi kørte a la carte ✨.  https://www.instagram.com/p/CQa-ak1hnvU/]]></description>
      <styleUrl>#icon-1899-673AB7</styleUrl>
      <Point>
        <coordinates>
          12.5543989,55.6733266,0
        </coordinates>
      </Point>
    </Placemark>
    <Placemark>
      <name>Restaurant Lola 2</name>
      <description><![CDATA[Rain or shine, it’s time to dine, og en grå dag for nogle uger siden tog vi på @restaurantlola oppe på voldene. Smuk udsigt og cute cute decor, fik lyst til at gå hjem og lave hele lejligheden om. <br><br>Lola er indisk, men ikke på den der madmur-måde, hvor man kan trille hjem på ris og butterchick - det er små delevenlige retter, og det er ret fantastisk, for så har du mulighed for at komme godt omkring i menukortet. <br>Normalt når vi spiser indisk, så går vi hjem og tænker “helt sikkert, det giver god mening at købe sådan en krydderblanding, så jeg kan kopiere den her ret derhjemme” - men på lola er alt simpelthen lavet med sådan en finesse, masser af detaljer, masser af råvarer vi ik lige ser hver dag nede i kjolleren, og det giver altså en value 4 money experience. <br><br>Det er altså rocket science indisk food, 4 sure. De gir den gas m nye kombier, og vi sad på ingen måde tilbage med en følelse af, at retterne ku kopieres i hjemmekøkkenet. Jeg ved i hvert fald ik hvordan jeg lige skulle håndtere yucca eller patacones med krydret kanin.<br><br>Det var faktisk hvad vi startede med: yucca chips m bønnesmask og friskost, thai deller med en helt vandvittig sur/sød dip (så meget mere smag end den fra netto hjemme i skabet) og patacones, der er plantains m kanin og røget vesterhavsost! Wow især den sidste sparkede stolen væk under os, ELSKER seriøst plantains, og her havde de mast den sammen til en lille pandekage/røsti lignende ting. Røget vesterhavsost er vist ik en kosher ingrediens i det indiske køkken, og det er et godt eksempel på, at lola ik har noget problem med at gå lidt udenfor køkken-comfortzonen. Well done!<br><br>Tog 5 mains til 3 piger efter snacks: nuddelsalat med blæksprutte, en kikærtepandekage m podi-krydrede kartofler og tomatchutney (som jeg synes smagte lidt af aivar i hvert fald lidt samme konsi), torsk i grøn karry (wow), pakora kylling, og en hoisin piggie<br><br>10/10 🥳 det ligner ik indisk, men det smager fandme bare lige præcis af alt det vi elsker det indiske køkken for!<br>Har glemt prisen sorry 🤠måske fordi det bare var totally worth it. Godt vinkort også!   https://www.instagram.com/p/CQf9U0oB1I5/]]></description>
      <styleUrl>#icon-1899-673AB7</styleUrl>
      <Point>
        <coordinates>
          12.5960671,55.6714832,0
        </coordinates>
      </Point>
    </Placemark>
    <Placemark>
      <name>Bottega Estadio</name>
      <description><![CDATA[Dem som har hørte vores “en smart dag” podcast ved at vi har haft et øje til @bottegaestadio i et stykke tid, og da vi på mirakuløst vis vågnede uden tømmermænd slog vi os ned til en hurtig ude frokost ☁️☁️<br>Menukortet har meget fokus på havets dyr, især om aftenen ser der ud til at være det helt lækre udvalg 🐚🐠🐙🐟🦐🦞🦪<br><br>Vi startede med straciatella med grillet squash, pistacie og blomster. Super lækker! En meget smagfuld ost, smagte på en måde mere “ostet” end straciatella plejer.. havde de mon sprinklet med parmesan eller lignende? Uanset hvad en meget rig smag og ikke så whatever som det kan være. God start!<br><br>Videre til en omgang huevos rancheros, alletiders mexi morgenmad som er spejlæg på en tortilla med sorte bønnemos , feta og salsa. Vi havde optur over at man overhovedwt kan bestille men den manglede lidt salt og vi savnede mere salsa på retten desværre. Smagene var der men kunne bare lige bruge de sidste 10% før vi var helt happy. <br><br>Sluttede af med 1! fish taco (1 taco til 130kr!?!?) med salsa guac og en masse salat. Fisken var rødspætte og smagte syyyygt god men igen - manglede lidt salt og den sidste skefuld salsa. <br><br>Der er super fint indrettet inde og de har også (aften åbent) en terrasse med udsigt over Østerbro stadion. Estadio minder en del om sin søster restaurant @bottegabarlie i udseende. Der var en køler fyldt med hele pighvar man kunne købe og godt udvalg i naturvin. <br><br>🍴7/10 meget lovende menukort, fisken var en absolut headliner men priserne er også heftige! Vær forberedt på det. Lidt mere salt og en smule mere chili og vi er good to go!! Kommer garanteret igen til en sensommer aften 🌤<br>💸380kr alene for maden.  https://www.instagram.com/p/CQoEcp4BcXr/]]></description>
      <styleUrl>#icon-1899-9C27B0</styleUrl>
      <Point>
        <coordinates>
          12.5742928,55.7047489,0
        </coordinates>
      </Point>
    </Placemark>
    <Placemark>
      <name>The Midwestern Diner</name>
      <description><![CDATA[Ya’ll better get ready, for vi har været en tur i kolesterolhimlen og pleje vores tømmermænd OG køre happy hour brewskis på én og samme tid, amen hva gi’r du mig, amazing amazing amazing. 🇺🇸 Hvis i ik kender det, så er @midwestern_diner en amerikansk diner midt på gyldenløvsgade, hvor du kan spise all american burgers, milkshakes, ranch dress, fried stuff osv osv. Loves it. <br><br>Hvis man ka abstrahere fra den psykopat larmende trafik så er der faktisk eftermiddagssol, og det er samtidigt med happy hour fra 16-17, blessed. <br><br>Startede self med et par bajere, men ku ik dy os for også at køre en root beer float, dvs m en kugle vanille is i, det er SÅ lækkert, isen bliver helt krystalliseret af al den kuldioxid, beautiful chemestry. Og betjeningen var overdrevet hurtig (+ sød), det var rigtig godt, for vi havde som sagt lidt tømse. <br><br>Tog lidt snacks til en start, og på american betyder det fried pickle med dild dip, selv den ene sultne pige der ik rigtig ka lide dild kørte dem ned. Det lyder wierd, men det er virkelig fråderen. Videre til mozzarella sticks, de smager som de gør alle steder, MEGET lang cheese string man får, dippen er vistnok en ketchup+mayo mix, idunno. <br><br>Havde altså svært ved at beslutte hvad vi sku ha som det næste, men endte med en chicken waffles med valnødder, blåbær, sirup og lige et skud tabasco. Mums, den skal vi ha igen. <br>Og så en grilled cheese, jeeeez vi spærrede øjnene op da vi så den var lavet på GROVTOAST? Hva fanden. Altså den kunne sagtens spise, men savnede brød på den helt syndige måde, og også lidt mere cheese smag. Til gengæld var den overordentlig buttery. Tager en burger næste gang. Der var pommes til begge retter (self) og de var sådan lidt whatever. <br><br>🍗 6/10 på maden, er der nogen, der har smagt en af deres burgere, som lige ka komme med en tilbagemelding?<br>🍻 10/10 for at køre happy hour sådan et sted, det er fandme godt tænkt. 2 for 1, btw. Vi kom i hvert fald op på hesten igen, da vi var ovre vores madkoma. <br>🇺🇸🇺🇸🇺🇸 8/10 for gennemført indretning, menu og servering, havde det very american 🤠🤠https://www.instagram.com/p/CQsrS2JBshB/]]></description>
      <styleUrl>#icon-1899-9C27B0</styleUrl>
      <Point>
        <coordinates>
          12.563338,55.6802372,0
        </coordinates>
      </Point>
    </Placemark>
    <Placemark>
      <name>Café Victor</name>
      <description><![CDATA[For nogle uger siden mente vi det var tid til at prøve noget nyt aka steder vi normalt ik frekventerer fordi vi har sygt mange fordomme om både klientel og mad, lets just be honest. Det er jo et gammelt sted, og det er et enormt smukt sted og vi elsker mixet af traditionel dansk og fransk, drinks i høje glas og at mådehold er en by i Rusland. Men altså vi stikker sgu nok også lidt ud i vores sommersandaler og badevandsvåde hår, for her baber folk sig altså op. And it’s called botox brenda, look it up! Nå, nok om det. <br><br>Lagde ud med lidt godt fra drinkskortet, her anbefaler vi at man går udenom victor spritz (pga kedelig) men hopper på NY sour eller Bienvinue. Props for smukke drinksnavne. Lidt sancerre i blodet og vi var klar en gang oysters, de var gode, for det er de altid, og så til vores starter; nogle helt GIGANTISK store hvide asparges, perfekt kogt og med en luftig smørsovs, mums. <br>Den ene pige fik fisk til hovedret, en pighvar med kartofler, meget tilfreds. Den anden en kæmpe gang tartar på et urtebed - gode chunky stykker men ku have været lækkert med en lil blomme på. <br><br>Der er altså et eller andet off ift størrelsesforholdene derinde. Menukortene er helt ekstremt store, det samme med tallerkener, men bordene er virkelig små? Ik praktisk. Men flotte de marmor borde, og de helt rigtige franske fletstole til. Tjenernes attitude er også sådan lidt kæk og fransk, det ka vi sgu også godt lide. Lollede til gengæld ret meget over at de havde den turkisblå håndsprit fra Normal på bordene, her ku man måske godt lige have været gennemført også. <br><br>🍽 7/10 på maden, det smager, men det er fandme os betalt. <br>🥀 2/10 på viben, det er jo 100 en smagssag, men vi er sgu ik nede med den. Jeg gad ellers godt ha været med dengang hvor der var jazzbrunch og sådan lidt kunstnerstemning, det er der sgu ik meget tilbage af. Tjenerne er meget nice, og der er helt sikkert mange af dem der kommer der, som elsker at være der. Well, måske det bare er forbeholdt dem. <br>💸 det er RØV dyrt og ikke et value4money sted, bare fisken ligger til 325 fx.  https://www.instagram.com/p/CQ6J5FoBbhd/]]></description>
      <styleUrl>#icon-1899-9C27B0</styleUrl>
      <Point>
        <coordinates>
          12.5832463,55.6806929,0
        </coordinates>
      </Point>
    </Placemark>
    <Placemark>
      <name>Café Dyrehaven</name>
      <description><![CDATA[Er du gal hvor er der bare sommerstemning i kbh idag! vores Birkenstocks er helt gennemblødte. Men videre til maden.<br>@dyrehaven har vel efterhånden ligget på Sdr blvd i en ti års tid og alle der bor i København har med garanti enten fået en billig kaffe, øl eller deres (meget store og helt i orden) madder til frokost. <br><br>Denne gang var det dog aftensmenuen der skulle prøves og der er jo så hyggeligt derinde med små båse og grønne borde (og mindst én musiker siddende med en date hver aften). Vi startede med hvide asparges som egentlig smagte meget fint? Lige på grænsen til underkogt men med det bløde æg gjorde det ikke noget (heller under end over siger vi bare).<br>Derefter aftenens klart højdespringer, blomkål med blåostcreme, gav totalt flashbacks til bloomin onions hvis nogen af jer har prøvet. Kæmpe kaloriebombe men genial bar snack.<br><br>Derefter jomfruhummer (på alle menukort pt? Men det er vel også en lokal fisk) som var lidt anonym desværre.<br><br>Le grande finale var nyretapper som jo er en helt fantastisk mør udskæring som altså ikke har noget med indmad at gøre, hop i bare på den servering næste gang. Grønne asparges og det der så bare lignende en total tube bearnaise ud over. Splat. Sorry men den ikke så visuelt appetitlige sauce ødelagde det helt for os :(<br><br>ift servicen, oh burn, this hurts a bit, men det er altså sådan et sted hvor tjenerne går mere op i at hænge ud med deres venner end at servicere gæsterne. Hvis du sku befinde dig i et selskab med en bff til personalet, så får du en fab aften, men hvis du bare er en menig gæst, så er det altså en hel anden sag. I tidernes løb er vi blevet mødt af både øjenrul og helt ekstrem langsom service, super super nederen. MEN altså, det har faktisk ikke stoppet os fra at vende tilbage, for gæsterne hygger sig med hinanden, og det skaber alligevel en vibe derinde. Det er bare lidt et sats om man så lige føler man passer ind med de andre gæster.<br><br>🍴6/10 blomkål og nyretapper hælder maden op <br>💸 220 Per mand (chefs choice). https://www.instagram.com/p/CQ_gvyehtvZ/]]></description>
      <styleUrl>#icon-1899-9C27B0</styleUrl>
      <Point>
        <coordinates>
          12.5496042,55.6656681,0
        </coordinates>
      </Point>
    </Placemark>
    <Placemark>
      <name>Fabro</name>
      <description><![CDATA[Okay hvor tager man hen, hvis man gerne vil score en hot dude eller girrl i disse dage? Svaret er @fabropasta er du gal, vi har nærmest aldrig set så mange smukke mennesker samlet på så få kvadratmeter. Cute tjenere, cute cute pastaspisere. <br>Det hjælper også at der er MASSER af sol, og det kommer endda hele vejen ind i biksen #blessed what is not to like altså ☀️<br><br>Startede med en stracciatella og havde kæmpe optur over pistachio topping, så lækkert sammen med citronskal, som i øvrigt var i perfekt mængde, synes der er mange køkkener der loader alt alt for meget på. Ik det her. Well done. 55 bobs fandme i orden. <br><br>Carbonara og vodka pasta. Det smager bare sygt godt. En EGGxellent carbo m guanciale, som der godt ku have været en lille bitte smule mere af til vores kødtemperament, men det er også eneste anke. <br>Vodka pastasovsen er seriøøøøst god, har slet ik tal på hvor mange gange vi har spist den. 🤤 85kr er kæmpe steal <br><br>Skyllede efter med husets billigste røde til 250kr den ka I roligt købe<br><br>Okay som man måske allerede har gættet er vi kæmpe fans af mad og vin og viben derinde ❤️ vi sad og drømte om at holde fødselsdagsmiddag derinde, ka man det? 20 mennesker måske? <br><br>MEN man ska være obs på 2 ting. For det første er der ingen bordreservation, hvilket er helt ok med skaber fed drop in efter job vibe (dvs no need to babe for meget up, selvom der er babes babes babes over det hele) - så hvis du er mega hangry og ik ka vente 15 min på et bord, så skal du måske et andet sted hen. <br>For det andet - no toilets. Det sgu et minus. Heldigvis er der hele 2 bodegaer lige overfor, så vi drikker altid lige en slutter eller to dér og får tisset af. <br><br>🍝 9/10 DET ER HÅNDVÆRK og det er satme value for money$$$<br>🇮🇹 10/10 på italian vibes møder dk happy bois, vi ønsker os godt nok et toilet, men ka godt leve uden<br>Men det betyder også en service der sejler ret meget og et ik eksisterende kø system, så husk tålmodigheden, der er ik styr på så meget derinde<br><br>Pro tip hvis det ska gå lidt stærkt så bed evt om pomodoro pastaen med din stracciatella OVENPÅ det er virkelig også en kæmpe vinder.  https://www.instagram.com/p/CREqe-Mr00C/]]></description>
      <styleUrl>#icon-1899-9C27B0</styleUrl>
      <Point>
        <coordinates>
          12.5878026,55.6866065,0
        </coordinates>
      </Point>
    </Placemark>
    <Placemark>
      <name>Christianshavns Færgecafé</name>
      <description><![CDATA[Merryyy xxxxmassss og jul i juli derude! Vi tager tidligt forskud på d 24 og ramte Christianshavns færgecafe til en våd frokost med endnu vådere sommervejr. <br><br>First of all, de har fået fikset gulvene?? Normalt snubler man nærmest ind på toilettet fordi der er så skævt og man ikke aner om det er snapsen eller benene der har slået en i gulvet, men fornyelse skal jo ske så fred med det<br><br>Fisken skal først og selvfølgelig skal den svømme, her laver de deres egne snaps og du kan få et batteri (5x 1 eller 2 cl) som klart er anbefalet. <br><br>Røget laks med skalotteløgscreme. Lidt sød creme, smager godt men vi hælder mere til traditionel ryge. <br>Fiskefilet m reje var 2x fileter med en enorm bunke rejer. God men vi har måske fået den lidt mere interessant andre steder? Dild creme ingen remo?<br>Så fik vi Sol over Gudhjem men en helt fantastisk sild og så fint snittet tilbehør!<br>Matjes sild. Super Nice med den svenske sild på kortet. Basically en æggesalat med hakket sild. Sounds weird men kan noget. Prøv!<br><br>Tartaren var super lækker og fint præsenteret. Meget topping men hvorfor så meget karse over det hele? Generelt på alle madderne? Why? Tarteletterne var gode men manglede lidt salt desværre. Smager lidt af popcorn på den der lidt runde måde.Den ene tartelet var kold den anden var varm? Weird???? En hengemt tartelet? Syltede bøgehate var også i tarteletterne. Super Nice lille detalje i stedet for glas champs som altid <br>God hønse, ikke så Mayo tung, klart en høne i den lettere ende. De syltede bøgehattw og tyttebær giver et godt Lil syrekick! VERY nice<br><br>Kartoffwlmaderne var dine men helt ærligt vi er i peak season og havde måske forventet en smule mere? Lidt overkogt og ALT for lidt Mayo og ristede løg. Af alle ting skal man da ikke spare der, not okay. Virkelig lækkert til gengæld med syltede løg de var fandme gode. <br><br>Fire shots inde besluttede vi os for at vi skulle prøve ostekortet så vi ramte en blå ost Med purløg, løg, rugbrød og æggeblomme?? Lidt weird. Dertil en guddommelig camembert. <br><br>Havnesoundtrack på toilettet er såååå banging altså hvor Nice er det lige at lytte til måger og færger mens man tisser fadøllene ud.<br><br>🍴7/10 god men ik tip top<br>Ps Lånte facade billede. https://www.instagram.com/p/CRJu72nhOI7/]]></description>
      <styleUrl>#icon-1899-9C27B0</styleUrl>
      <Point>
        <coordinates>
          12.5924944,55.6755475,0
        </coordinates>
      </Point>
    </Placemark>
    <Placemark>
      <name>La Banchina</name>
      <description><![CDATA[Er der noget bedre end at bo i en badeby? We think not, og inspireret af os selv har vi været på bade-date på @labanchinacph ☀️ som er et perfekt spot til at slænge sig hele dagen i et lidt roligere badested end mange andre hotspots. <br><br>Morgenmad - lidt kedelig bolle med ost, fin filter. Hvis de bare udskifter til noget lidt mere spændende ostemæssigt har vi en vinder her. <br>Frokost - der er altid en dagens vege + fisk, vi prøvede to dage og fik en sprød lobster Roll på brioche som var super tasty men aaaalt for lille til prisen. Måske så lidt tilbehør man bliver jo ikke mæt af tre salatblade uanset for øko de er. <br>Videre til grillet makrel og kartoffelsalat + grillet squash med noget linsesalat. de grillede komponenter var lækre oh perfekt tilberedte, tilbehøret var lidt anonymt. De var en varm flødesovs ting til begge retter som var deeelicious til squash og lidt udvandet til makrel. Øv<br><br>Vine på glas starter ved 80kr og vi fik både hvid + orange som var klassisk kbh naturvin, lige som vi kan lide det. Godt vinudvalg taget i betragtning det vitterligt er et skur. <br><br>La banchina er et fantastisk solspot (rent vand selv med oversvømmede kloakker i havnen), men børnefamilierne har gjort deres indtog (WTF???) og priserne for frokost er jo helt henne i hampen. Det føles som om halvdelen af maden ikke nåede på tallerknen. Come on, så dyrt er kartoffelsalat jo ikke. Alternativt så tilbød brød til retterne, det er så nemt!<br>Forvent lang ventetid på service når solen skinner, maden bliver vitterligt lavet i et drivhus og under en pavillon og ingen virker til at have særligt travlt.<br><br>Vi kommer igen og leger badenymfer - men ærligt, snig bare noget frugt med selv og spis hjemme. Fyr op for en eftermiddagsvinbrandert post-work og slæng dig med de andre babes i stedet (og der er høj babe faktor!) 🔥🧜<br><br>🍴6/10 prøv lige hør, maden er god men at tage de priser for en lille bitte frokost er simpelthen så røvet. Især fordi dagens ret kostede 70-80 for bare 3 år siden. WHAT happened?<br>💸 80 for vin, 35 for bolle m ost, 115-145 for frokostretter, 30 for brød. Av av av goodbye to my paycheck<br><br>Ps vi var stadig sultne efter frokost så vi købte en croissant bagefter.. not okay.  https://www.instagram.com/p/CRQ9zvZB_Su/]]></description>
      <styleUrl>#icon-1899-9C27B0</styleUrl>
      <Point>
        <coordinates>
          12.610927,55.6893035,0
        </coordinates>
      </Point>
    </Placemark>
    <Placemark>
      <name>Norrlyst</name>
      <description><![CDATA[For nogle uger siden tog vi lige en lang frokostpause for at tjekke @norrlyst smørrebrød ud. Her har den traditionelle spise fået en make over til det mere IG venlige look og madderne ligger til mellem 100-130ish. Tænk fancy men ik alt for pricey<br><br>Vi sad ude, men der er ret hyggeren dernede, men SYGT lavloftet, godt vi ik rammer over 1.65. Virkelig fine bjælker og deres egen hj lavet snaps som nips + fancy meraki sæbe på toi, det er en vibe vi ka li<br><br>Delte 4 madder, først en smørstegt hornfisk med løvstikke blanquette (smagte af smør) og på (smørstegt) rugbrød, hvor vi undrede os over om den havde fået for meget smør? Vi er kæmpe smørsvin, men selv for os var det lidt voldsomt. <br><br>Videre til varmrøget sild hvor der til gengæld var for lidt mayo under, og vi ku ik smage peberrodstøv (no wonder) + synes det var wierd med kartoffelbånd der lignede tør pasta ovenpå. Og man skal lige være klar på der er ret mange ben i den sild, det er dig den der størrelse man fint kan spise. <br><br>Maden med kyllingesalat var rigtig god, elskede alle stykkerne af sprødt skind. <br><br>Sluttede af med tartaren, som skulle være hakket, men så var den i hvert fald psyko finthakket, smagte rørt. Et bjerg af karse og rugbrødkrymmel, LOL det troede vi var et overstået kapitel. <br><br>Vi var fint tilfredse og mætte, men det var ik sådan mindblowing. Nogle af smagene forsvandt lidt i hinanden. Anretningerne var sådan lidt… i ved, når man kommer tager lige lidt for meget foundation på for at blive lækker, men det har den modsatte effekt? Less is more, for meget af al den her pynt gjorde ik noget for smagen. <br><br>Vi var dog HERRE kede af at skulle tilbage foran com for ellers var vi 100 røget i snapsemenuen, ELSKER hjemmelavet snaps og dem har de masser af. <br><br>🍴6/10 - kyllingesalaten trækker op, pynt for pyntens skyld trækker ned. 75kr for danskvand er i øvrigt not cool<br>🕯8/10 for virkelig (!) sød betjening og hyggelige lokaler. Ku helt sikkert være god til din sådan lidt fancy firmajulefrokost, hvor det skal ligne at der ik er noget max på budgettet, men det er der faktisk<br><br>EDIT: vi bliver gjort opmærksomme på at dk vand er 25kr per person (der kom en tredje sulten pige forbi).  https://www.instagram.com/p/CRWf6auh_HT/]]></description>
      <styleUrl>#icon-1899-9C27B0</styleUrl>
      <Point>
        <coordinates>
          12.5763016,55.6776306,0
        </coordinates>
      </Point>
    </Placemark>
    <Placemark>
      <name>Kødbyens Fiskebar</name>
      <description><![CDATA[Dengang dk stadig spillede bold tog vi en pre-match early dinner på solspottet over alle solspots nemlig @fiskebaren i Kødbyen.<br>Havde 2 andre sultne piger med under armen og vi gik efter en Light dinner, der da skulle være plads til bajere senere også. <br><br>Tjenerne ville CLEARLY hellere være alle mulige andre steder end på arbejde den her aften, det var tydeligt, for de var virkelig sløje at kommunikere med, men who can blaime them. Til gengæld kom vores mad efter sådan 7 minutter ish? Wtf det var hurtigt. <br><br>Først brød, en KÆMPE skive med smør med pisket tang (how??) - smagte lækkert, men ku godt have brug noget salt<br><br>Videre til fish n chips, rigtig gode, og helt i orden virkelig fedtede fritter. Helt tyndt lag dej udenpå, fungerede amazing. SYGT god hj lavet remo, men bare alt alt alt for lidt af den. <br><br>Ørredtartar, sikke en smuk ret. Stor fan af at bruge ørred på den måde, den er federe i smagen end laks, og serveret med friske krydderurter var Perf. <br><br>Hamachi var også god, very cucumbery og fresh, men blegnede lidt ift de andre retter. <br><br>Blåmuslinger (sorry for manglende pix, vi startede med alko før mad, går altid galt - men man kan skimte den i hjørnet) - smagte som de skal, men især sovsen var MAGNIFIQUE, wonderful ratio mellem fløde og hvidvin. En af dem man godt bare ku spise som suppe<br><br>Nå men de små dishes fungerede fint til 4 kun lidt sultne piger, og med et par af husets Chardonnay landede vi på 1435 i alt. Måske lige i overkanten, MEN når man tænker på location og sol er det måske fair nok. ? Idk<br><br>Husker akustikken som skrækkelig derinde, og de har den der lolleren akvarie hvor der som oftest bare er sand i? Men snyd ik jer selv for en tur på toilettet derinde, der er dryplyde og spejle over det hele, det er SUPER HORROR agtigt, og vi ender altid med at lave en New Girl (der hvor hun bliver ved med at løbe ind i ruden). Lyset er også herre filter agtigt, så der er altid kø sent om aftenen, når alle mellemlederne er blevet fulde og alle damerne skal score dem. Det er dén vibe, sådan var det i hvertfald pre corona <br><br>🐠8/10 især moules og ørred trækker opad<br>💸 6/10 value4money, kommer tilbage når vi har vundet i Lotto eller fundet er par sugar daddys.  https://www.instagram.com/p/CRgzXSvBbzu/]]></description>
      <styleUrl>#icon-1899-9C27B0</styleUrl>
      <Point>
        <coordinates>
          12.5592333,55.6679028,0
        </coordinates>
      </Point>
    </Placemark>
    <Placemark>
      <name>Ø12 Coffee and Eatery</name>
      <description><![CDATA[har altid haft en eller anden fordom om at alle på Østerbro af en eller anden årsag altid har tid til lange morgenmade og at brunche den. Der er ihverfald masser af caféer hvor uendelige venindegrupperinger drikker cappuccino (på havre of course) og spiser avocadomadder, så vi hoppede på cyklen og prøvede et af de nyere og ret hypede steder Ø12 @o12cph som ganske rigtigt var helt proppet. <br><br>Der er godtnok cute herinde, med murstensvægge og planter overalt (må være et mareridt at vande dem hele tiden). Havde fået for meget kaffe fra morgenstunden så bestilte en matcha te - ved godt det måske er lidt 2018 men whatever, matcha te er pisse irriterende at lave fordi man skal energisk piske det så det bobler op og det havde de vist lige glemt i farten? ups!!! Så føles det bare som om man drikker vand med græsmark stemning <br><br>Selvfølgelig tjekker man lige the gram før man rammer stedet så vi ville have vafler men den er røget af kortet igen. sad. I stedet hoppede den ene på eggs benedict som var lavet på bubble and squeak (kål/kartoffel kage) med sweet potato som var et virkelig lækkert alternativ til english muffins og gjorde hele retten meget blød. Very nice hollandaise <3 kunne godt have tænkt lidt mere salat men yolo portionsstørrelserne er helt fine.<br><br>Morgenmadstallerkenen var meget vellykket, alle komponenter var super nice og luksus med 2 æg, det kan få alle sultne piger mætte, 24mdr comte og god skinke. <br><br>Ville have prøvet pandekagerne men kunne ikke mere. resten af kortet er ret klassisk brunchvibes med croquettes madame osv<br>Kommer 100% igen! Please sæt vafler tilbage på kortet! Virkelig sød service, sjovt det altid er blonde piger med hestehaler der arbejder på morgenmadscafeer. Kaffen skulle eftersigende være meget god<br><br>🍴8/10 helt klart i toppen over morgenmadssteder, de der æg var godtnok gode. <br>💸 105kr for en omgang brød, øst, æg og smør er måske liiiidt godt betalt og 65kr for en matcha te er også lidt pebret.    https://www.instagram.com/p/CRrBxjpBPmy/]]></description>
      <styleUrl>#icon-1899-9C27B0</styleUrl>
      <Point>
        <coordinates>
          12.5753445,55.6901459,0
        </coordinates>
      </Point>
    </Placemark>
    <Placemark>
      <name><![CDATA[Frey & Nordberg Flammkuchen]]></name>
      <description><![CDATA[Hvad får man hvis man krydser en tortilla og en pizza? Svaret er flammkuchen, en 200ish år gammel opskrift fra Alsace (tror vi nok) med en hvededej helt uden gær eller bagepulver, helt tyndt rullet ud og med forskellige toppings. <br>Vi fik den helt store forklaring derinde på @freynordberg på hvordan den laves, so sorry at vores hukommelse er så skod, men vi var hangry og lidt tipsy og så har den det med at svigte. <br><br>Tog en wunderflamm (what a name seriously) med smagskombi der ik ka fejle - ged, kartoffel, skinke, rosmarin og trøffel, og tog den med over til de andre sultne piger der var i fuld gang med at save sig ned ovre på Snork. Man kan også sidde dér self, men selskabet havde prioriteret bajerne. <br><br>Førstehåndsindtryk: super fucking lille til 120kr. Den har sådan alm pizza størrelse, bare i en firkant og så er den ÜBER tynd, så det er ik meget mad man får. Den er til gengæld mere ostet end den ser ud, hvilket var lækkert, men en anden gang ville jeg nok købe deres bratwurst og sauerkraut, det går også perfekt til snorks drikkevaremenu.<br><br>Den blev lidt tvebak i kanten, men ellers smagte bunden som en blanding af butterdej og tortilla der er stegt hårdt på panden. <br>Men det er mere en snack end full meal, blev pigerne enige om. Hvis de havde fyldt mere topping på var jeg blevet glad, for lets be honest, der var måske for en 20’er ingredienser max, så jeg vil ha mere for mine 120kr. <br><br>Til gengæld er det tyske par der ejer biksen VIRKELIG flinke til både at fortælle om den tranditionsrige spise, og de ka også guide dig rundt i alko kortet som vi stadig har til gode at prøve. <br><br>🥔 7/10 smag, helt i orden morten, men dk er vant til højtbelagt, så et par centimeter mere ville være bedre<br>💰4/10 value for money, det gav altså ik mening <br><br>Vi kommer tilbage og prøver bratwursten, hører de har fucking BACON i deres sauerkraut, hvordan de har fået adgang til vores kartotek af smags kombi drømme aner vi ik, men det lyder jo som en kæmpe vinder AMIRITE ??<br><br>Ps café snork får 10/10 på alt.   https://www.instagram.com/p/CRyiLyRrlHR/]]></description>
      <styleUrl>#icon-1899-9C27B0</styleUrl>
      <Point>
        <coordinates>
          12.547087,55.6676944,0
        </coordinates>
      </Point>
    </Placemark>
    <Placemark>
      <name>STRANGAS GREEK FOOD</name>
      <description><![CDATA[Vi har igen været forbi @broensgadekoekken efter en dukkert, faktisk den dag vi havde spist på la banchina og ik var blevet mætte. Havde lyst til noget med lidt fried, lidt friskt, lidt smag i, så blev enige om at græsk hos @strangasgreekfood var the perfect fit for to badetrætte krydderihungrende piger. <br><br>Som det første lollede vi over at du kun sparer 5kr ved at købe en menu, hahahaha det er altså lidt til grin, men whatever, vi kørte én vege og én kyllingegyros menu. Begge med en pommes og dip til. <br><br>Den gode nyhed først: fladbrødet er SINDSSYGT godt og alt indhold er herreholdet krydret, lige præcis den greek vibe vi var ude efter. Den er ret lille ift hvordan vi husker den fra provinsgrillen i hjemstavnen, hvor den seriøst var på størrelse med én af de der *random ferieby*’s største isvaffel - dem der kommer i lokalnyhederne hver sommer. Den er nok mere stor softice størrelse og det er ok, den smager rigtig godt. Fab tatziki, det er der styr på. <br><br>Men, for der er selvfølgelig et men, WTF sker der for størrelsen på fritterne? Are u kidding me. Blev faktisk ret pissed, for de koster 35kr, smager ik meget anderledes end på maccen, og det er samme størrelse som den lille dér. Og værst af alt, mayoen skulle satme købes oveni, og som vi per fotodokumentation beviser var den KUN HALVT FULD! Selv hvis bægeret var fuldt havde det på ingen måde været en ti’er værdigt. Krydderiet var kun på toppen, nedenunder var det totalt standard mayo, ik hj lavet, ik god, IK OK! <br><br>Så altså. På plusfronten var vores gyros rigtig god, og pommes smagte på en eller anden måde lidt bedre dernede i, og vi synes at den blå/hvid stribede indpakning var super cute. På minus siden følte vi os taget i røven af pommes og dip, and it wasnt nice. Næste gang nøjes vi med wrappen. <br><br>🌯 8/10 for gyros. Måske bedst til frokost sådan mæthedsmæssigt. <br>🍟 3/10 for fries/dip show som var whatever og alt for dyrt <br><br>Viben er som den er på broens gadekøkken. Når man først har fået sin mad er det ok nemt at finde et sted hvor man slipper for the voice playlist og forvirrede turister. Vi så endda en luftballon blive pustet op og flyve af sted (psyko flex alligevel), hvilket var ok spændende 🎈.  https://www.instagram.com/p/CR6qrFXhLxq/]]></description>
      <styleUrl>#icon-1899-9C27B0</styleUrl>
      <Point>
        <coordinates>
          12.5968014,55.677867,0
        </coordinates>
      </Point>
    </Placemark>
    <Placemark>
      <name>The Union Kitchen Østerbro</name>
      <description><![CDATA[What’s cookin good lookin boys n girls, vi er tilbage fra landet og sultne som altid. var på @theunionkitchenosterbro til lidt mad og vin 🔥<br>Øbro har udvalgte vine på tap inklusiv en naturvin?? Som vi ikke helt forstår hvordan kan lade sig gøre men vi prøvede den og den smagte helt fint. Sikkert smart-forbudt at drikke naturlig vin på den måde men det går nok også.<br><br>@theunionkitchen er måske mest kendt for deres brunch platte, men deres pommes frites er virkelig gode med trøffel olie og chili mayo. Det er lige før man bare kan spise sig mæt i dem mens man kigger på børnefamilier og bloggere suse forbi. du kan self også om dagen få en avo mad til din instastory hvis det skulle være og en cappuccino med stencil af punisher logo eller “life is fucking awesome” citater. totalt lol (gad vide om det er en joke eller seriøst)<br><br>Derefter tempura grøntsager med karry og en mynte yoghurt der var meget olieret men lækker - især at de har gået mere indisk end traditionel japansk tempura vejen. <br>Så fik vi makrel ceviche med poppede sorte ris som giver et virkelig yummy crunch. Retten ville nok have været bedre hvis det havde været torsk, det blev lige lidt for fisket?<br><br>Tartar med æggeblomme, ristet brød og en salat bestående af persilleblade og rucola. <br>Alt alt alt for meget salt og olie på “salaten”!! Tartaren er rørt op med cornichoner og purløg, fint med cornichoner, om den skal være rørt eller ikke er jo en smagssag. Savner mere brød, det er et meget tyndt ristet slice. Måske ikke til sultne piger.<br><br>Vi sluttede af med brownie, is og jordbær sauce. Svær at fucke up men nem at gøre piger glade med. Dertil en VIRKELIG god espresso martini der ikke var for sød.<br><br>Stemningen er ret hyggelig, der er meget hvidt derinde og højt til loftet. Sød betjening, men måske lidt i den dyre ende synes vi i forhold til hvad vi fik og maden er fin men ikke mindblowing.<br><br>🍴7/10 helt i orden, måske bare ikke så spændende. <br>🍟 9/10 KÆMPE pommes vibe til gengæld<br>🥰 8/10 Gode tjener vibes, overskud og sniksnak giver en følelse af stamcafé og nok et sted vi ville tage hen mere hvis vi boede tættere på.<br>💸 510kr for maden (som alle var snacks eller dessert) for tre, kan ikke huske hvad vinen kostede.  https://www.instagram.com/p/CSO1rrfshBa/]]></description>
      <styleUrl>#icon-1899-9C27B0</styleUrl>
      <Point>
        <coordinates>
          12.5755144,55.6904126,0
        </coordinates>
      </Point>
    </Placemark>
    <Placemark>
      <name>MADE - The Bagel Shop Guldbergsgade</name>
      <description><![CDATA[TO FORVIRREDE PIGER! 🤷‍♀️🤷‍♀️<br><br>Uafhængigt af hinanden og uden vi vidste det besøgte pige 1 og 2 (+gæst) hver især @madethebagelshop da blodsukkeret blev lidt lavt. Og apparently er der stor forskel på ø og v når det kommer til bagel standard, her er hver vores anmeldelse:<br><br>Pige 1:<br>Var ved at gå lidt kold på Østerbro og der var langt til en durum, så jeg hoppede ind hos made og fik en lil bagel med cream cheese. God (omend lidt lille) bagel, frisk syre og dejlig chewy men uden at være for meget. Godt med cream cheese! Rammer ikke helt depanneur niveau men går klart an til en lille sult.<br><br>Pige 2:<br>We’re going shopping bitch, men skulle lidt have lidt fuel til tanken og v bro Office eftermiddagen og gik forbi made og tænkte why not? Nok mest pga et tipsterbevis der snart løb ud. En hurtig æggesalat og chicken curry blev langet over disken.<br>Meget chewy bagel, fik seriøst helt ondt i kæberne af at skulle tygge så hårdt og længe. Og den var hverken crisp eller blød og luftig, den smagte på ingen måde friskbagt. Men det lignede den - især fordi den var sygt lille. <br>Der var ik særlig meget indhold i, altså når vi normalt spiser bagels er det et overflødighedshorn af blandselv salat udover den main ingredient man har valgt sig, og indrømmet, de kan blive for meget men det kan altså også blive for lidt og for fladt. <br>Æggen var bedst, men de havde puttet en tomatsalsa i, der smagte mere af relish og virkelig sødt, det var weird. Og så iceberg. Jesus. Eneste punkt hvor det var ok der var så lidt. <br>Kyllingen var tør og karrysmagen var til at overse. <br>Undrede mig også over at der var sygt tomt inde selve restauranten det er jo næsten altid kæmpe red alert. <br><br>🍴5/10??? Den ene var til et 7 tal, den anden et 3. Mystisk at der er så stor forskel på de to steder? 😵‍💫😵‍💫😵‍💫 we don’t understand<br><br>For at fuldende en splittet anmeldelse har vi geotagget deres guldbergsgade shop LOL.  https://www.instagram.com/p/CScFedsMryg/]]></description>
      <styleUrl>#icon-1899-9C27B0</styleUrl>
      <Point>
        <coordinates>
          12.5555185,55.6920485,0
        </coordinates>
      </Point>
    </Placemark>
    <Placemark>
      <name>DEJ</name>
      <description><![CDATA[Altid klar på at spise og maven sagde pizza, så vi tog ned på Sdr blvd lige i solspottet hos @dej_pizza, og nuppede en classic margerita og én med ged og zucchini. <br><br>Førstehåndsindtryk: kæmpe solspot og god bred udeservering, godt vi ikke sku sidde indenfor, for de kører et HORRIBELT the voice agtigt soundtrack og en nærmest karikeret instagrammable indretning (se sidste pic) - altså vi fik næsten lyst til ikke at dele et post haha, men Well i princippet kan det jo også betyde at man deler sin pizze, så lad os give lysstofrørene the benefit of the doubt. <br><br>Flotte pizze! Lidt træls når de ik er skåret ud, giv mig da i det mindste mit eget pizzahjul så. Vi havde ikke engang fået bestik, og det tog åbenbart ret lang tid at finde frem, faktisk nåede vores mad at blive lunken. Not good. <br><br>Dejen er virkelig god, kæmpe blød og luftig, great job, det kan de godt finde ud af. Men mozz smagte billigt og zucchini manglede salt (som der ikke var på bordene HVORFOR er folk stoppet med at sætte S/P på bordene?? Ska tilbage asap)<br>Der stod at mayoerne var hj lavet men de smagte ret hellmans agtigt. <br><br>5/10 🍕dejen trækker op. I en by med så syggo et pizza game skal der mere til at få os op at ringe. <br>6/10 🍽 på servicen, super sød men også suuuuuper langsom, vi ventede i alt for lang tid på alting<br>9/10 🌞 for udendørsadresse. fandme et godt solspot (eftermiddag/aften) og man ka cyklist-watche mens man spiser.   https://www.instagram.com/p/CSj3fD4sqlI/]]></description>
      <styleUrl>#icon-1899-9C27B0</styleUrl>
      <Point>
        <coordinates>
          12.5566529,55.6682538,0
        </coordinates>
      </Point>
    </Placemark>
    <Placemark>
      <name>Dallas Coffee</name>
      <description><![CDATA[Kender I det når man går en tur i et område man havde glemt og opdager noget nyt man bare viber 1000% med? Sådan havde vi det i weekenden da vi drejede ned af slagelsegade og fandt måske vores nye favorit spot på østerbro. @dallas.cph kan ikke have været åbnet længe og er bestyret af et af de der kærestepar der bare har kæmpe smil og overskud og matching crocs på. super service og indretning er lige så 2021 cute med nøgne vægge, porcelæn og en lil cowboy hat. Meget instagrammable!<br><br>vi startede med en kop kaffe (lånt billede) og kan vi lige tage et øjeblik for at snakke om perfektionen af den kop? Udseendesmæssigt man kan mene hvad man vil men hanken er PERFEKT uanset hvilket greb man har. Vi er helt blæst bagover hvor fed en lille detalje det er. Og så med underskål. Come on altså <3 hvor er den fra?<br><br>Pudsede lige brillerne et kort øjeblik for havde de ikke skrevet lidt forkert på tavlen? De priser er jo helt vanvittige, så vi gik lidt overboard og tog sgu bare en af hver til morgenmad 😋<br>Havregrød på mandel med kokos, blåbær og honning. Lidt for sødt til pige 1, pige 2 var in love. <br>Bolle med pisket smør, ost og marmelade til 32kr?? Amazing. Osten er ikke så kraftig, alle kan være med. <br>Ristet brød med 1 perfekt æg. Tomaterne var en god side, smagte ikke af så meget men til 30kr havde vi nok heller ikke forventet torvehallernes niveau. Også en super detalje med lidt tomat til morgenmad, lidt spanske vibes? Nice med en grøntsag det får man ikke meget af hos alle ex noma bagerne. <br><br>🍴8/10 alt var bare helt super. Kvaliteten af tomaterne kan måske være bedre men who cares fordi-<br>💸100/10 VALUE FOR MONEY. For 3 morgenmadsretter og 4 kopper kaffe slap vi af med 219kr!?!?!? Det er jo helt vanvittigt. Og vi trillede seriøst hjem. Take our money any day. <br><br>Konklusionen er at du bare løber ned til @dallas.cph ligegyldigt hvilken dag det er på måneden 💕 de har forresten også salat og sandwich og de lød begge virkelig gode. Enjoy 🥰.  https://www.instagram.com/p/CStVT4msAyy/ ]]></description>
      <styleUrl>#icon-1899-9C27B0</styleUrl>
      <Point>
        <coordinates>
          12.5791895,55.6981139,0
        </coordinates>
      </Point>
    </Placemark>
    <Placemark>
      <name>Delphine Restaurant</name>
      <description><![CDATA[Vi har været på @delphinerestaurant! @cofocodk nyeste skud på stammen. <br><br>Kæmpe firsthand impression, hvis der er noget der ka butter our eggroll er det gennemført interiør og sød og opmærksom betjening, og begge dele får du på delphine. Der er super lyst derinde, umiddelbart ik hvad vi ville forbinde med hygge i dk, men de rammer fuldstændig plet i sydlandsk sommerstemning ☀️<br>OG DE HAR EN PHOTO BOOTH!<br><br>Nå, mad: Først tzatziki og fladbrød, ik så mange fingre at sætte på det, bløder var dejlig greasy og tzatz flot afstemt, ik for meget eller lidt hvidløg. Derefter en friteret courgetteblomst, ok men vi har fået bedre. Fin start! Men. Så kom blækspruttesalat med fennikel, og sprutten var ikke blevet renset ordentligt så den var slimet i kanterne, øv, for det er ikke så rart at få i munden. Vi spurgte vores virkelig søde tjener om det var os der var sarte, og hun vendte tilbage fra køkkenet og beklagede fejlen. Altså, det er bare så god tjenerstil!! Men det kræver at man spørger jo, så er det tip hermed givet videre. Som kompensation gav de desserten - en græsk youghurt sorbet og en chokolade sorbet, og sorbet fordi der ik er brugt (yderligere) mælkeprodukter i processen, men seriously de var begge såååå bløde og lækre og med olivenolie og salt på toppen, det var HEAVEN. De gav også et par drinks udover dem vi fik (så ka I selv regne ud om vi var så sejlende bagefter, så vi glemte at tage facadebillede, så vi måtte gøre det en anden dag). Gode drinks, ka især anbefale sour og White negroni, og vinen smagte også bare af mere. <br><br>5/10🐙 på maden. Sprutten trækker ned, og kun desserten blew our minds, men de har altså et kæmpe menukort, som vi gerne kommer ind og prøver kræfter med igen. Især de ting de har fra grill lyder yum. <br>10/10 😍 på service, der var ik en finger at sætte på det. De spurgte sågar selv om de lige skulle vente lidt mellem retterne, kæmpe vibe at gøre sådan, det er alt for ofte at man bare bliver rushet gennem sine bestillinger så man ka komme hurtigt ud igen. Men ikke her og TAK for det! Og flot håndteret at hælde drinks og desserter på os som plaster på blækspruttesåret.<br>We’ll be back.   https://www.instagram.com/p/CSzbobdMsKl/]]></description>
      <styleUrl>#icon-1899-9C27B0</styleUrl>
      <Point>
        <coordinates>
          12.5558178,55.6725121,0
        </coordinates>
      </Point>
    </Placemark>
    <Placemark>
      <name>DUMPO</name>
      <description><![CDATA[Vi er gået forbi utallige gange men har aldrig helt kunne regne ud om @dumpocph kunne noget eller ej? in the name of the blog hoppede vi selvfølgelig derind til 10 retter/300kr tirsdsagsmenu under varmelamper med tæpper og udsigt over boulevarden.<br><br>snacks - oliven+umoden fersken (hvorfor er det her en vibe? Ikke vores favorit), brød, nødder, majschips med peberfrugt dressing og bagt rødbede med rødbede chips og gedeost. Helt fin start, majschips var super lækker men manglede lidt chili power i dippen.<br>Spidskål med kimchi og et bøgeblad? Tror vi? på toppen, fik ihvertfald associationer fra barndommen hvor vi nærmest kunne spise en halv hæk i kedsomhed. Fin men ikke topscorer. <br>Tartar med tomat på toppen og pecorino. Smager ikke så meget af oksekød, osten er dominerende, lækkert med søde tomater.<br><br>Jordskokker friteret “krammet” af kærnemælkssovs. Wtf beskrivelse af vores på grænsen til irriterende kække tjener. Men wow det smager sgu egentlig ret lækkert. En salt/syrlig koldskåls vibe med jordskokker mundfulde i bunden og persille til den ekstra level. Overraskende og optur. Aftenens vinderret!<br><br>Næste ret - babymajs???? Hvornår fanden har man sidst lige fået babymajs vi var helt chokerede. Igen ost på toppen (parmesan) og kapersblomster på toppen. Sygt fråderen. Helt underligt at få den ikke fra dåse <br><br>Til sidst croquetter med krydret pulled pork der minder os helt om vores kebab besøg kl 2 sidste fredag. Genialt! Kunne måske godt have brugt en Lil dip men det er bare fordi vi altid er klar på ekstra kalorier. <br><br>Blommer two ways med solbær olie, crumble og mælk/fløde.Blommerne er SYGT gode men måske ville vi have haft noget mindre vandet end mælk, det gjorde crumblen lidt blød. 6% fedt er for lidt sorry. Kør evt en is med basilikum olie og crumble og så med blommerne on the side <br><br>Søde og opmærksomme tjenere og hyggeligt med langborde, men vi må indrømme at interiøret indenfor ikke lige er vores vibe. De er meget mørkt lakeret og rummet ser anonymt ud.<br>Køkkenet virker virkelig til at gerne ville noget, vi håber på lidt mere kapow på nogle smage eller Food weirdness.<br><br>🍴 8/10 vi var uenige denne gang ifht maden men umiddelbart godt value for money sted.   https://www.instagram.com/p/CS6q6r7MDkI/]]></description>
      <styleUrl>#icon-1899-9C27B0</styleUrl>
      <Point>
        <coordinates>
          12.551308,55.666339,0
        </coordinates>
      </Point>
    </Placemark>
    <Placemark>
      <name>Restaurant Palægade</name>
      <description><![CDATA[The devil works hard, but we work harder så naturligvis skal man inkorporere business lunch ind I hverdagen og hvor ellers holder man hof med sin nye blazer end kbh k smørhullet @rest_palaegade . Gal der er mange suits her! Nok om tøj, det handler jo om maden og wauw et flot menukort (med priser der matcher)<br><br>Vi nåede ulykkeligvis ikke at komme på palægade for den selvantændte brand sidste år og følgende konkurs men skidt pyt, vi har fået at vide at “alt er præcis som det plejer” og gudskelov for det. <br><br>Startede med “fuglekvidder” men vege så minus gammel skinke og i stedet med selleri som var tørret og så rørt så det mindede fuldstændig om originalen med markant grønnere klimaaftryk (tidl Alternativet leder sad ved siden af så den er vist godkendt af venstrefløjen)<br><br>Nr 2 fik pighvar på oksekæber + en lil squash blomst + persille sauce goddamn det var noget af en luksus tallerken der kom flyvende ind! Den der sauce var altså også en fed detalje til lige at slikke tallerknen. Viber så meget med pighvar pt, måske er det derfor banken ringer konstant 😵‍💫<br><br>Kørte også en lil rejemad med et deepfried æg + caviar GAL en flot mad! Smukke kødfulde rejer, sejt med ægget. Vi er imponerede. Kan vi lige få flere fritererede æg på menukortet ja tak!<br><br>Lækker rødspætte med tyk panering og flere gode rejer, en hønsesalat klart i den øvre ende af skalaen og til sidst en fuldstændig sindssyg sommerlig tartelet med en vidunderlig skal og kyllingen var bare så juicy oh wow vi var helt i svime. pray lord at der kom styr på finanserne for denne topper min madlister for 2021!<br><br>Sorry bedstemor, men tror endda den slår den vestjyske klassiker. Jeg har fundet mig en ny favorit smørrebrødsmad i kbh - dog til 175kr for 1 tartelet så måske en årlig i stedet for månedlig fornøjelse.<br><br>🍴9/10 vidunderlige madder og service og så i den absolutte topskala af kbh smørrebrød. Super til turister eller når du skal imponere en business lady til working lunch. <br><br>💸DYRT. Madderne ligger på 130-200 pr styk og du skal ihvertfald have to. Bornholm vand så vær obs hvis du er tørstig. <br><br>Ps lidt svær akustik nogle steder så ønsk til stille plads hvis du er et to pers bord der har brug for en privat samtale.    https://www.instagram.com/p/CS__FMOsclA/]]></description>
      <styleUrl>#icon-1899-9C27B0</styleUrl>
      <Point>
        <coordinates>
          12.5865207,55.6822723,0
        </coordinates>
      </Point>
    </Placemark>
    <Placemark>
      <name>Rufino Osteria 2</name>
      <description><![CDATA[Winner winner we’re at @rufinoosteria for dinner! Ihvertfald I toppen for os af hyggelige restauranter, det er det en I en kælder er bare så romantisk og hyggelige ✨vibes✨. Nok egentlig mere et efterårssted men nu hvor det har regnet så meget er sommeren måske definitivt slut?<br><br>Tag bare menuen nu hvor du alligevel er der, antipasti til start med en hjerrrnedød straciatella (kæmpe portion), derefter charcuterie med hjemmelavet porchetta og salami, squash mozz mynte kage ting. Yummy! Ville dog sige at squash retten var en lille smule anonym.😕<br><br>Meget varme tallerkner til pastaen. Kæmpe pro stil. Startede med fettucine med ragu og safran og hvor føles det bare så luksus at din pasta dufter måske af et af verdens dyreste krydderier, så varmt og lækker. Goddamn. Ik så gul men kæmpe lux stemning.<br>Pasta nummer to var perfekt formede små raviolier alla norma (tomatsauce m aubergine) og smoked ricotta drysset over, og hvis man kniber øjnene sammen er det jo nærmest som at være tilbage i italien 🇮🇹<br><br>Der er virkelig hyggelig stemning hernede, musik er soul/motown med rigelig trompet og bløde damestemmer, og man får helt lyst til lige at drikke et glas for meget for at strække aftenen en lille smule mere. <br><br>Vi sluttede selvfølgelig af med dessert og fik en ren home run i form af pistacie tiramisu med nødder blandet i cremen. Wauuwwww det var lækkert. Er normalt ikke den stor fortaler for andet end den traditionelle kaffe men det var all in wonderful. Den anden dessert var ricotta med kirsebær som også var super lækker og helt anderledes en stemning end pistacien. Noget for alle<br><br>Til sidst var vi helt brændt af og det var kaffen også. ØV. Men fedt den kom i en oversize bialetti <3 <br>Fungerer supergodt til dates eller grupper af måske max 4, når du sidder i et større selskab kan der måske være lidt meget baggrundsstøj.’<br><br>🍴9/10 nedtur med lidt kedelig squash ret og brændt kaffe <br>💸menu 385 pp<br><br>Ps pas på trinnet ved toiletterne, det endte i en lidt uelegant exit for den ene pige. Ups!<br>Og ja, vi ved vi har været her før men når maden er så god er det helt ok at være repeat customer. https://www.instagram.com/p/CTH2S6xsdus/ ]]></description>
      <styleUrl>#icon-1899-9C27B0</styleUrl>
      <Point>
        <coordinates>
          12.5889864,55.6733932,0
        </coordinates>
      </Point>
    </Placemark>
    <Placemark>
      <name>Hija de Sanchez</name>
      <description><![CDATA[SOLEN ER TILBAGE! Så to sultne piger ramte hija de sanchez i kødbyen til en lil snack, og kan vi starte med at sige at det er en kæmpe vibe at køre tacos med tømmermænd ☀️ <br>Maden føles ikke så bastant som en burger og man er mæt uden at falde om hvilket jo er godt når man er i Kødbyen og ikke på badeværelsesgulvet. <br><br>Vi fik taco menu (105kr) med 2x tacos pastor - moderskibet i taco world lavet på grillet svinekød stablet som en kebab rulle med en lille ananas på toppen + selvfølgelig koriander og løg. hvis man ikke kan lige koriander bliver det ikke en særlig pyntet affære herinde ihverfald. Det er på ALT.<br>Derefter barbacoa på okse med mere koriander og løg + vi tilkøbte ekstra ost.<br>Egentlig er tacoen ret smagfuld i sig selv så vi synes måske ikke det gjorde den helt store forskel? Den kommer på bunden af tacoen så det er altså ikke Santa Maria stemning de kører der, its the real deal hvis ikke man fangede den af de hurtigtsnakkede mexi boys der står for maden. vi drømmer os til en palmestrand lige omkring nu 🌴<br>Så dagens vege som vi har fuldstændig glemt hvad var (sorry), vi havde en del tømmermænd. Tror det var svampe.?<br><br>Sulten pige 2 eeelsker ris og sorte bønner og tog lige en on the side. lagde lige en ekstra bund og ris plejer heldigvis ikke at være så farligt når man har den der “dør jeg eller lever jeg hvis jeg spiser det her?” dilemma man nogengange kan få efter for mange vodkashots. Thank god altså<br><br>Drinksmæssigt tog vi sgu bare en af hver, en fermenteret ananas drink som i hindsight måske ikke lige var hvad hovedet havde brug for og en hibiscus tea juice ting som til gengæld smagte vildt godt. Hop roligt på den! Kan se vi glemte et billede men den er lige så lyserød som den plejer se ud. Dkan også på jarritos og øl osv. <br><br>🌮8/10 JUICY A.F men samtidig også en lettere version så man ikke dør af kød/ost kombien man kan få andre steder. Lækker lille snack hvis man er på vesterbro og vil prøve noget andet. <br>💸 295 Prøv hør tacos er gademad. Det gør lige ondt i hjertet når priserne er skruet så meget op men det er vel hvad det er. Hvis vi var nede på 60kr for tre ville vi stå her hver weekend.<br><br>Forresten husk servietter, svinet løber ned af armene på dig.  https://www.instagram.com/p/CTPtpVGsAch/]]></description>
      <styleUrl>#icon-1899-9C27B0</styleUrl>
      <Point>
        <coordinates>
          12.5584143,55.6688781,0
        </coordinates>
      </Point>
    </Placemark>
    <Placemark>
      <name>Fars Dreng</name>
      <description><![CDATA[Selvom vi måske ikke bruncher den så meget er vi godt klar over at mange af jer andre gør, så vi sagde farvel til vores morgenbolle og prøvede i stedet @fars.dreng . 🌸🌹🌼🌺💐🌻<br><br>Brunch craze fra midt-slut 10erne virker til at have slappet lidt af men fars dreng nåede at vinde bedste morgenmad to år i streg så vi havde da forventning om et vist niveau.<br><br>Startede med kaffe selvfølgelig, ingen klager her men heller ikke en vi kommer til at huske umiddelbart?<br>På menuen anbefales der tre retter pp men det var alt for meget for os så vi startede med en acai bowl som var fin, men altså - vi synes der var lidt for lidt variation i toppings desværre (banan, kokosflager, granola) <br>Açai bowls kan du få flere steder i byen og vi synes den er lidt en billig version. Hvor er mine blåbær og cacao nibs? øv ☹️<br>Deres helt store instagram ret “kærlighedsvaffel” matchede desværre ikke op til mine forventninger. Hvor var blomsterne? Hvor var puddersukkeret? Hvor var den syndige overflod af sauce? Not on my plate! Smagte ellers godt med havtorn men der var ikke heeelt nok toppings ligesom med bowlen.<br><br>Bolle med ost smagte fint men til 50kr!?!?!?!?!? Tror vi måske vi bare rammer en bager næste gang.<br><br>Morgenmadens stjerne endte med at være en vaskeægte klassiker som croque madame med emmentaler og skinke, god og masser af salat og fint med sennep. Thumbs up herfra 💕<br><br>🍴6/10 vi lander på en solid mellemkarakter fordi alting smagte godt men super skuffet over vi ikke fik det insta drys vi havde håbet på. Hvis i lover blomster og beautiful serveringer over det hele skal i da også sprinkle dem på vores retter og ikke kun til kameraet :( give me my flowers goddammit!<br>🥪9/10 til gengæld fandme en god toast - det skal de have.<br>💸Prismæssigt 50-110 per ret hvilket er super fornuftigt<br><br>Lidt en Hm oplevelse. <br>Især fordi hvis ikke vi havde set os så sultne via deres tiptop instagram ville vi nok ikke havde lagt mærke til at der var ting der “manglede”..? Op jeres game! Ikke en god insta vs reality i daddys boy favør denne gang.    https://www.instagram.com/p/CTUofbDrihm/]]></description>
      <styleUrl>#icon-1899-9C27B0</styleUrl>
      <Point>
        <coordinates>
          12.5728844,55.6823295,0
        </coordinates>
      </Point>
    </Placemark>
    <Placemark>
      <name>Kiin Kiin Bao Bao</name>
      <description><![CDATA[Ok brace urself for vi er to depri piger. Vi har nemlig været på @kiinkiinbaobao Big mistake. <br>For lige at take it from the top så trådte vi ind i en kontorlampebelyst fake-lædersofa vandflaske-fra-sodastream kinda rum endda krydret med radio Nova soundtrack. Yikes. Der skal mere til at skræmme os væk, men stresset betjening trods seriøst max 7 gæster udover os, burde have fået os til at vende om.<br><br>Vi blev, og vi bestilte begge vegetar gyoza m kimchi og tempura svampefritter og en crab fried kugle til deling. Her ville vi have sat pris på lidt guidance, svampefrit havde været så fin til deling, det var crab’en ikke. Vi blev aldrig spurgt om drikkevarer, det var ik noget man kunne krydse af??<br><br>Ærligt, vi fatter faktisk ik helt hvad der er meningen her. Er det en restaurant? Der er dækket op til det, men servicen var mere a la den man får på Gaza grill, hvilket jo er helt super, så skal priser og vibe jo også bare være derefter. Det her var sådan lidt “fin” restaurant stemning i Malaga vibe<br><br>Starterne smagte ok, bortset fra at svampefrits havde fået for længe i fritøsen og var aaaalt for olierede. Der gik max 30 sek før vi var færdige til vores bord blev ryddet, uden at spørge om vi var færdige eller hvordan det smagte. Og max 2 min før vores baos blev serveret. Why the rush?? Og det bliver jo totalt kedeligt af at stå, så vi måtte bare spise videre.<br><br>Først en bao m fried zucchini til hver. Den var ok med zuchh var sygt varm og bollen lunken. Så en fried reje til sulten pige 1, come on ku man lige have proppet én mere i til 60kr måske? Aftenens fear Factor til sulten pige 2 med foies gras, dild og æble DONT FUCKING ORDER, den foies gras er ik en af dem det har levet godt. <br><br>We kid u not, der gik Max 25 min fra vi kom til vi gik. Forstår ik at det skulle gå så hurtigt, at der hverken var tid til at tage vores drikkevarebestilling eller lade os slå mave mellem retterne. <br><br>Vi kom af med 555kr på 25 min. På ingen måde pengene værd. Nogle af tingene smagte fint nok, men det lignede aldrig at nogen havde gjort sig umage med noget af det. Seriøst en øv oplevelse. <br><br>3/10 😪 crab fritten med karry mayo og gyoza var rigtig fine og trækker op på lillebitte 3tal.    https://www.instagram.com/p/CTl_DbDMpeL/]]></description>
      <styleUrl>#icon-1899-9C27B0</styleUrl>
      <Point>
        <coordinates>
          12.5477322,55.6721811,0
        </coordinates>
      </Point>
    </Placemark>
    <Placemark>
      <name>Salon 2</name>
      <description><![CDATA[Så er det mandag igen, heldigt for så nulstiller madbudgettet sig! 🤡<br>Skal du ud og flotte dig og spise fantastisk fransk mad med upåklagelig service, ville vi klart søge mod @salon_cph til enhver tid. Og da vi heldigvis kunne lokke en forælder sponsor med fik den hele armen.<br><br>Vi startede med pate en croute bien sur, og som i kan se på billedet er der sgu ingen slinger i den franske vals her! Derudover tortellini på hummer/kammusling (ikke på kortet mere), og 3x østers fordi hvorfor ikke! 🦪🦪🦪<br>Merde! Vores tlf er skod så derfor blev billedet af en vidunderligt juicy chicken med majs ikke så skidegodt, fiske rødtunge og friske ærter var endnu en træfsikker vider og til sidst den ene piges favorit kilde til hjertestop - hvalen (denne gang i delfin form som er en smule mindre) indbagt pighvar med spinat og hummer sauce på hummer bisque og bare lux lux lux!<br>Hvis i følger med i masterchef DK genkender i måske hvalen som en udfordring der tog kegler, og vi er bare lykkelige for vi kan svinge dankortet og få retten præsenteret i stearinlysets skær.<br><br>Sluttede af med rødgrød med fløde OH MY GOD fantastisk ret. Eneste anke er at den ikke var siet men det er måske lige i overkanten at kræve egentlig for alle som ikke er forkælede enebørn 😇<br><br>For jer O.G followers ved i at vi har været på salon før, men maden er bare så verdensklasse og bundsolidt topniveau at vi kommer igen og igen så vi skal druknes i smør og fløde. Blessed <3 what a way to go<br>Vinkortet er klassisk fransk og priserne er derefter så be warned hvis du ikke har big spender bukserne på denne aften!<br>Eftersigende kører salon også en tres bien frokost service<br><br>Hvis du skal ud med arbejdet er Salon kæmpe anbefaling! klientellet er ret voksent, husk skjorten og de pæne sko ville vi umiddelbart sige. vi reddede vores mandagscasual outfit med le petit silketørklæde <br><br>🍴10/10 intet galt alt var godt. Kan ikke rigtig brokke os over priserne heller for ingredienslisten er bare dyr og maden er perfekt så why not egentlig<br>💸Tre retter for 450, 4 for 550, vinen var vi ikke sikre på. Ingen kvaler daddy betaler ❤️.   https://www.instagram.com/p/CTw4K1osSmf/]]></description>
      <styleUrl>#icon-1899-673AB7</styleUrl>
      <Point>
        <coordinates>
          12.5918321,55.6863472,0
        </coordinates>
      </Point>
    </Placemark>
    <Placemark>
      <name>Connection by Alan Bates</name>
      <description><![CDATA[Det bliver åbenbart ik mere københavnsk end et fab spistested med vejarbejde foran, lol, der tegner sig et tema!<br>Vi har været en tur på @connectioncph - en restaurant med kun ét bord i midten af rummet, hvilket får det til at føles som om man er inviteret hjem til kokken Alan Bates på den absolut bedste måde. Alt har et personligt touch, om det er soundtracket (med rigtig meget Elton), kogebøgerne der har inspireret eller bare den vennestemning det lille 3 personers crew har. <br><br>Madmæssigt startede vi med plankton skum på en creme med en skefuld kaviar. Delte meninger - den ene var ikke så vild med creme delen, den anden er let at gøre glad med fiskeæg. <br>Derefter en blomst af brød bagt med kyllingefedt, svært at forklare men smagte fuldstændig vanvittigt og blev heldigvis stående på bordet.<br>Havaborre på bisque med muslinger og kål strimler? 100% umami og vi var helt på røven. Igennem hele middagen fik vi en winepairing som sad i skabet hele vejen og blev hældt gavmildt op flere gange. Det betaler sig vist at være det sjove bord!<br>Videre til insta claim to fame “cowboytoast” stegt brioche med foie gras mousse med trøfler på toppen. Hey helt genial kombi og præsentation, super smuk. MEN trøflerne smagte af ingenting? Så vi forstod ikke hvad de lige lavede der. Køkkenet kunne ikke svare på hvorfor de var smagløse. <br>Videre til art on a plate anrettet vagtel, holy moly, sygt godt. Slutteren var en choko/vanilleis dessert og så en lille ekstra madeleine til kaffen. Sulten pige 2 er kæmpe sukkergris og ELSKEDE det til verdens ende. <br><br>Maden sad stort set lige i skabet, og det skal den også til den pris. 6 retter (den ene brød) + vin 3400 bobs i alt, men det er faktisk ik primært derfor man skal tage derind. Det er fordi det føles som at være inviteret ind i privaten hos @alan.g.bates. Det er en helt unik oplevelse, servicen kan ik sammenlignes med andre steder. Vi forventede et vist niveau og det blev indfriet. Og vi blev mindet om hvor awesome og vigtigt det er at tage vinmenuen med! <br><br>9/10 🥂 anbefales især til mærkedage, når man skal fejre sig selv med en unik madoplevelse. Se evt om i ka booke alle 10 pladser, det ka vi kun forestille os er en kæmpe fest. Cheeeeerrs.   https://www.instagram.com/p/CT1zyu2s0Bf/]]></description>
      <styleUrl>#icon-1899-9C27B0</styleUrl>
      <Point>
        <coordinates>
          12.5757729,55.6906717,0
        </coordinates>
      </Point>
    </Placemark>
    <Placemark>
      <name><![CDATA[L'Education Nationale 2]]></name>
      <description><![CDATA[KBH! We’re back, og havde fået nok af at prøve nye ting så vi ramte gode gamle @l_education_nationale til en overflodsmiddag midt i Pisserenden PAR EXELLENCE!<br><br>Sulten 1 startede med snegle i smørbad, var som at dø og komme i bistrohimlen. Nummer 2 pige kørte gratineret løgsuppe, enighed om at det er den bedste vi har fået i kbh in like forever. <br>Da en tredje sulten pige joinede selskabet besluttede vi både at prøve kræfter med fruit de mer plateau og et farseret perlehønebryst, og altså som ventet sad det i skabet. De får lækkerierne direkte fra Frankrig hver torsdag, så rammer dem altid slut på ugen. Perlehønebrystet er en lidt funny ret med en fars m rejer indeni, og så er der druesovs ovenpå og sød krtoffelpure - får det altid totalt Marie Antoinette over den, så bondsk og for meget på samme tid, på den gode måde vel at mærke. Så mange søde elementer til et styk juicy fjerkræ, det fungerer, også selvom jeg fik lidt kombucha Girl moment da jeg smagte den første reje. <br>Måske vores efterhånden sådan lidt dekadente vibe var grunden til vi også endte med at bestille ik bare én men 2 creme brulee som slutter, selvom vi slet ik var sultne længere. De er seriøst gigantiske derinde!!!<br>BIENVENUE! <br>Der er virkelig kæmpe stemning derinde. Det var lige akkurat godt nok vejr til at sidde ude under varmelamperne og mærke stemningen fra @barenfloss lige ved siden af, shit de to komplimenterer hinanden godt, og det er langtfra kun frankofile rullekraver der kommer derind, måske netop pga placeringen. <br><br>9/10 🍗 på mad, ægte godt håndværk <br>10/10 🍷 på viben ku bruge hele weekenden der<br>But be aware det bliver satme en dyr weekend så. Forretter til 115-125kr, hav-fadet ligger til 335, perlehønen til 285, og så stoppede vi med at kigge på prisen for vi sku jo være Marie Antoinette og have vin til også! Men dyrt, ja det er det sgu. Worth it? OUI! TRÉS! 💫.      https://www.instagram.com/p/CUXDbOzsvSM/?utm_source=ig_web_copy_link]]></description>
      <styleUrl>#icon-1899-673AB7</styleUrl>
      <Point>
        <coordinates>
          12.5696281,55.6783229,0
        </coordinates>
      </Point>
    </Placemark>
    <Placemark>
      <name>Bageriet Benji</name>
      <description><![CDATA[Vi er klar over der bliver postet en del bagværk pt, men its time to carb load siger vejret og vi har svært ved at gå forbi om morgenen uden af stoppe forbi.<br>@bageriet_benji på fælledvej åbnede tidligere i år og er et lillebitte hul i væggen sted hvor der bare står en disk + montre og så en masse baking machines bagved. Dufter helt vidunderligt.<br><br>Bollen er bagt til den mørkere side, det samme er resten af deres brød derinde kunne vi se - så hvis du er til den helt lyse vibe så har du fået en lil advarsel. Gode luftbobler med plads til smør, whats not to like. Ost er en mellemting mellem gouda og Comte? Yummy.<br><br>Snegl med citron og mørk chokolade holy shit hvor er det en next level kage man lige får serveret der. Tung men med de smukkeste lag i dejen, du godeste. Føler nærmest jeg er med i en asmr YouTube video med det crunch level de ydre lag har. Hold da kæft. Kæmpe contender i bedste snegl jeg har fået.. måske nogensinde? Not even kidding. <br>Citronen gør at kagen føles mere frisk og man ikke får den “ej det skulle jeg måske ikke have gjort” følelse der kan sidde i munden efter man har slugt et kanel snask monster. der er også lidt appelsin vibes blandet i, der er ikke noget super sur smag over den som man ellers kunne være bange for. Eddermaneme også en god chokolade.<br><br>Kørte sgu også lige en kaffe karamellet lille kage, aner ikke hvad det flet hedder men man kan brække den op og få sukkersnask ud over fingrene mens du flyver i bager himmelen. blessed. <br><br>Vi fik den ikke idag men har spist en anden gang - benjis claim to fame bagværk er deres spandauer on steroids eller ihverfald mængden af vanilje de har smækket i cremen. Føles helt dekadent at faktisk spise en god kvalitets spandauer, så hvis du er til cremet morgenmad er det også en kæmpe anbefaling.<br><br>🍴10/10 Tror benji rammer et bager niveau der kan sammenlignes med madens version af “sne du smelter i en ske”? efter første besøg har vi været der fem gange på tre uger HA HA HA ses dernede! ❤️❤️<br>Eneste der er lidt træls er man ikke kan sidde der, men det virker bevidst. Kun åbent tors-søn<br>💸35 for bolle.     https://www.instagram.com/p/CUfEJc9sncL/?utm_source=ig_web_copy_link]]></description>
      <styleUrl>#icon-1899-9C27B0</styleUrl>
      <Point>
        <coordinates>
          12.5602768,55.6900315,0
        </coordinates>
      </Point>
    </Placemark>
    <Placemark>
      <name>Zula</name>
      <description><![CDATA[På hjørnet af Jagtvej og bjelkes alle ligger måske en af nørrebros hyggeligste local spots, vi føler nogengange den måske er lidt overset men vi ELSKER det og var forbi for lidt siden i efterårsmørket.<br>ZULA laver mad fra etiopien/eritrea, som, hvis ikke i kender det tit serveres på injera som er en slags boghvedepandekage (af teffmel som er fermenteret) så det er dinner and a plate i en stor omgang.<br>Du spiser med fingrene her, så sprit af og spring ud i det 🤤🤤🤤<br>Vi delte en zula special (til 1, men var nok til to semi sultne piger) som havde små portioner af oksekød, kyllingekød, noget kartoffel, spinat, linse - alt muligt. Vist også et æg?<br><br>SYGT lækkert. Så tager du din injera som en serviet ting du grabber maden med og haps. Ikke måske det mest sexy spise men smager helt vidunderligt-<br>Fik et glas husets rødvin til 60kr og en st. George øl til 49 og spa vand med mynte i.<br>Indretningen af rummet er to delt, bagerst sidder du bare ved borde og stole men i indgangsområdet er der bløde sofaer og lave borde. Meget stue stemning og helt orange<br>Vildt optur soundtrack, kæmpe burna boy og wizkid vibe mens vi sad der i gråvejret og spiste ren solskin ☀️<br><br>Vi har været på både Zula og den måske mere kendte Ma’ed på Griffenfeldsgade, men synes at sofa stemningen og den helt vildt søde ejer Teddy gør vi bliver på Jagtvej.<br><br>Lille tip - pandekagerne svulmer virkelig op i maven så spis ikke alt for hurtigt så kommer du aldrig op. Vi fejler hver gang og kan ende med at sidde fast i den gode stemning i laaang tid. Godt at drinks er så billige 🍷☕️<br><br>🍴8/10 kæmpe kram portion mad. Stort vegetarkort også så hop bare derhen hvem end du er!<br>💸150 for en menu delt mellem to, slap af med 260 i alt inkl drinks. Det kan man vist ikke brokke sig over. Og maden er god kval og kaffen er god. https://www.instagram.com/p/CUmpaTtMisY/?utm_source=ig_web_copy_link ]]></description>
      <styleUrl>#icon-1899-9C27B0</styleUrl>
      <Point>
        <coordinates>
          12.5460772,55.6921152,0
        </coordinates>
      </Point>
    </Placemark>
    <Placemark>
      <name>Venner</name>
      <description><![CDATA[Another day another tipsterbevis der skal bruges, og denne gang gik turen mod @vennercph til en gang pre work brunch. Der var rimelig tomt derinde, så vi fik herregod placering med kig til både køkken, bar og gade. Winwinwin, vi sad i baren uden at sidde i baren, matchede vores morgen moods perfekt. Man ka også sidde i kælderen, se pic. <br><br>Først en thumbs up til filterkaffe og grøn the, begge gode og smagte af mere. Ret hurtigt kom vores 6 retters overload brunch menu, og den indeholdt alle klassikerne: brød, ost, æg, pølse, yoghurt og avokado. Normalt 230kr per person, which seems fair. <br><br>Shit en smør den var super fluffy og delicious, brødet godkendt, og m vesterhavs ost og brombær marmelade havde vi jo egentlig ik behøvet mere. Men sådan er det ik med brunch, så vi bevægede os videre til nogle seriously gode æg, og kvali pølser. Godt nok med et karsebjerg ovenpå der var unødvendigt, men nemt at pille af så whatever. <br>Avokado m karry hummus under og noget der smagte af ristede løg men vistnok var kikærter? Det fungerede! <br>Highlight var youghurten - super fed og blød med lidt banan, blåbær, vanille og kokosmusli - ku ik finde ud af hvordan de havde fået en yoghurt til at smage så godt, men den søde servitrice fortalte at det var græsk yoghurt rørt op med ahorn sirup og lidt olivenolie. What a life hack, det skal vi klart prøve derhjemme. Og ekstra point for at servere den i en rigtig skål, når vi tænker på brunch tænker vi straks på yoghurt/granola i vandglas, og det er en uskik synes vi. <br><br>Blev enige om at favoritterne var avokadoen, yoghurten, pølser og grøn the. Det er kæmpe klassisk brunch menu derinde, men det smager som det skal og med små tvists der gør, at vi snildt ku finde på at komme igen, hvis vi snart kan finde på flere undskyldninger for at komme for sent på arbejde. <br><br>8/10 🥑 god start på dagen til helt i orden pris. <br>9/10 ⭐️ sød og ok hurtig betjening og fede vibes, vi ku godt lide at være der. Dog skal vi huske at sige at vi var der på en hverdag - rygtebørsen fortæller at der ka være lidt pres på i weekenderne 😇😇.    https://www.instagram.com/p/CUr3SbCsOPT/?utm_source=ig_web_copy_link]]></description>
      <styleUrl>#icon-1899-9C27B0</styleUrl>
      <Point>
        <coordinates>
          12.5680016,55.6796627,0
        </coordinates>
      </Point>
    </Placemark>
    <Placemark>
      <name>Bibendum</name>
      <description><![CDATA[Ny kan man vist ikke ligefrem kalde @bibendumcph , men vi var sultne i indre by på en mandag, så vi slentrede forbi og fik sørme et bord! <br><br>Vi kørte en blanding a la carte og menu - and here we go:<br>Creamy anderillette, croquette med and og estragon mayo var begge super. Padrons med manchego + serrano skinke var helt fint, god pate champagne (vist ik hj lavet) og så kom vi til en burrata med noget.. brændt hvidløg..olie? Havde svært ved at gennemskue hvad der foregik, en lidt funky blanding umiddelbart ☹️<br>Bortset fra det god start på middag! Fungerer godt at køre en tapas/fransk køkken kombi.<br><br>Til hovedret fik den ene jordskokker three ways som puré, ovenbagt og chips - fint, meget jordskokker. Synes grøntsager many ways kan godt blive lidt ensformigt for at være ærligt.<br>Den anden pige fik porcetta med confit kartofler, demi glade og grøntsager. Lige to sekunder i tør men reddet på målstregen. Hvilket så gjorde det endnu mere mystisk at sværen ik var sprød? How?<br>Var monster sultne så kørte sgu også lige en fisk på toppen, mørksej med sauce blanc og friske ærter. Lækkert 🐟<br><br>Hvinende sød creme anglaise med bær til dessert, oh my lord det var helt vanvittigt. Av min tand, fik helt noia over om børnebogs karius og baktus. Vi kunne simpelthen ikke spise færdig, det var alt for meget. Super ærgerligt 😢😢😢<br><br>God stemning på baren, hyggelig neighborhood spise sted. Kæmpe vinkort til virkelig gode priser. <br><br>Opmærksom betjening der holdte øje uden st det blev for meget, vi fik masser af vand og de var bare gode til at læse rummet. <br><br>🍴6/10 solid mad. Ikke de store overraskelser måske men super hyggelig til en hverdagsdate. Vinen sad selvfølgelig i skabet, men det er også @hustedvin emperiet der står bag<br>💸295 for en tre retters!    https://www.instagram.com/p/CUxNaQIsL4x/?utm_source=ig_web_copy_link]]></description>
      <styleUrl>#icon-1899-9C27B0</styleUrl>
      <Point>
        <coordinates>
          12.5652929,55.6837869,0
        </coordinates>
      </Point>
    </Placemark>
    <Placemark>
      <name>Spisehuset</name>
      <description><![CDATA[Vi har været forbi @spisehusetkbh fordi vi tænkte FINALLY et sted i indre by med overskuelige priser, øko veggies og hygge vibe. Men goddamn, de smager ik på maden derinde, what a pity for selve location er faktisk reddi optur. <br><br>Først er par starters. Tørt brød og olie uden salt. I øvrigt, hvem starter kampagnen “make tables salty again” savner et saltkar og en peberkværn næsten alle steder, hvorfor skal vi altid spørge efter det? Dårlig tendens. Nå, delte to starters: kidneybønner med sennepssalat og karamelliserede solsikkerner, står der på menuen, men det smagte ik af så meget andet end kidneybønner fra dåse. Manglede også salt. Så en ricotta m raddicio og hasselnøddepraline, uh la la, men her var vi også bare sådan lidt tabt i smagene, det hele var lidt fladt. Hasselnødderne faldt helt igennem og det plejer de ellers ik, måske det skylder at det heller ikke var saltet overhovedet. <br>Vi begyndte at spørge os selv: smager de egentlig på maden herinde? Og vi fik svaret med hovedretterne. Jesus fuck den mærkeligste pastaret vi har fået siden vi engang i en kæmpe brandert kom til at købe carbonara fra en grillbar i Sydhavnen. Den stod på fettuchini med squashcreme og blue-cheese. Tænkte måske det ville være lidt blue cheese springlet on top, at cremen var sådan i en klat ovenpå en flødepasta, men nej. Det var en klistret babymadslignende sauce lavet på squas helt grynet og nasty, og med bluecheese rørt ind i, så det kun lugtede og ik rigtig gav nogen smag andet end en wierdo bismag vi ikke ku placere nogle steder. Yikes. Dont. Sulten pige 2 fik kødboller, som faktisk var fine, men tomatsovsen smagte af absolut ingenting, helt vandet. <br>Og det er pisse ærgerligt at det sku være sådan en smagsløs/klam oplevelse, for rummet er sygt hyggeligt træbjælker stearinlys stemning og betjeningen virkelig sød. Og alle steder i det område er jo enten skod eller lønningsdag niveau, så kæmpe opportunity for at ramme et hul i markedet. Well, mission not completed. <br>For at slutte on a positive note, så var husets hvid og rød ok. <br>3/10 🥗 det er fint nok man ka købe øko og lokalt ind, men man ska jo også ku sætte råvarerne sammen og smage på maden inden den serveres. <br>😩😩.    https://www.instagram.com/p/CU2Rq0csTus/?utm_source=ig_web_copy_link]]></description>
      <styleUrl>#icon-1899-9C27B0</styleUrl>
      <Point>
        <coordinates>
          12.5751812,55.6765365,0
        </coordinates>
      </Point>
    </Placemark>
    <Placemark>
      <name>Fasangården</name>
      <description><![CDATA[Danmark har ramt det mørke halvår, vi er endelig gået ind i stearinlys stemning og generel dæmpet belysning. Har de glemt what time it is på @fasangaarden_frb ? 🕯<br>Der er seriøst lige så lyst som i et klasselokale, ingen musik? Akustikken var helt ad helvede til.<br>Excuse me, where’s the vibe? Flot tapet dog<br><br>Hvorfor er der et gennemsigtigt vindue på toilettet så alle i gården kan se dig tisse? ☹️<br><br>Anyway, Videre til maden! <br>Først vil vi bare lige give et slag for de virkeligt smukke serveringer der er på fasangården, alt så helt fantastisk ud 💯💯<br>Meget fin torsk, men så måske flottere ud end den smagte -ikke helt mindblowing hvis i forstår?<br>Blæksprutten var lækker og umami, var en smule skuffet over “tærten” som ikke var en tærte men mere chiagrød konsistens stemning. Måske en smagssag. <br>Dådyret fra dyrehaven var så smør mørt og den sauce var BRAVA 💥aftenens vinder helt klart.<br>Søtunge med beurre blanc og jo en helt exorbitant mængde caviar.<br>Den orange-vin vi fik, sælger de i Spidsroden og serverer på Minas… Havde måske forventet at sådan et sted ville have fundet noget mere originalt? Ingen shade til de to ovenstående steder men prisklassen er jo noget helt andet. <br><br>Havde jeg siddet med et lidt mere intimt selskab tror jeg jeg havde haft det ret akavet, men når vi var så mange så overdøvede vi lidt konfirmationsviben. But still. <br><br>🍴6/10 altså maden havde klart sine højdepunkter men til prisen var vi ikke helt oppe og køre :( tror måske vi havde hypet fasangården op til mere end den endte med at være? Lidt ærgerligt, tror vi ville have været mere glade hvis ikke vi havde hørt sååå meget fantastisk om stedet. Hype maskinen er måske ikke altid helt super. Hvis du har tonsvis af penge og elskede stilletime som barn ville du nok vibe ret meget over det her sted dog. <br>💡2/10 for stemning. eeeekkk havde helt cringe over de par der skulle have romance stemning i stilhed og fuldt lys. Måske invester i en dimmer<br>💸 Slap over 700kr per dame.     https://www.instagram.com/p/CU7bUQWs0hW/?utm_source=ig_web_copy_link]]></description>
      <styleUrl>#icon-1899-9C27B0</styleUrl>
      <Point>
        <coordinates>
          12.5212776,55.6750196,0
        </coordinates>
      </Point>
    </Placemark>
    <Placemark>
      <name>Restaurant Frank København</name>
      <description><![CDATA[Mandag er normalt hviledag for restauranter aka lortedag for os? men ik på @restaurantfrankcph, de har nemlig åbent wuhu! Godt gemt bag stilladser og containere pt ligger kbhs måske mest undervurderede restaurant. Den har været der i nogle år, og virker lidt til at være gået i glemmebogen men det er en kæmpe fejl for er du gal en aften vi havde. <br>First of all: god playliste, god indretning af blandet gøgl og bløde sæder, god håndsæbe, tykke bløde fingerhåndklæder! Eneste aber dabei er kun 1 toi, så der ka komme lidt kø, men whatever. <br>Second, virkelig søde tjenere, ik for serious og ik for kække og alle med aussie dialekt, gik lige i hjertekulen, av av sad og blev helt in love. Og de gav os lov til at bytte om på en masse retter i menuen, what hvor er det god service? Kan ik anbefale nok at alle andre restauranter lader sig inspirere af Franks eminente service. <br><br>Okay mad: fried østers m kimchi mayo + alm østers + cuppo kød og helt outstanding brød til start. Så en lil fladbrød med kraftig aioli og grillet sprutte stegt i eget blæk WOW kæmpe smag. En very chic hamachi m umodne ferskner og melon, friskt input, perf ovenpå den fede hvidløg. Så til aftenens højdepunkt: Miso kulmule i muslingesovs og pak choi med ekstra sovs, må være perscetarenes svar på bøf bearnaise, er du gal en kæmpe vinder. Var næsten for mætte til at gennemføre fried gnocchi m kantareller, sherry og pecorino, heftig heftig ret, vi var helt overvældede. En sulten pige tog syrlig dessert med solbær, den anden yoghurt skum m fed smør/sukker/choko brownie i og et glas sherry til. Døde lidt fordi det var så godt. <br>Tog wine pairing hele vejen igennem, det kan vi kun anbefale. Huset somelier fortæller dedikeret vidt og bredt om det hele ❤️<br><br>En aften der giver os lyst til at udvide skalaen til 11, seriøst ❣️<br><br>10/10 🍽 på mad. ALT var godt, ikke for wierd, ik for Old fashioned, har bare lyst til at komme igen. <br>9/10 🕯vibe - se om I ka få hjørnebordet med sofaer, super hygge. De andre steder sidder man lidt tæt. <br>1000000/10 🕺🏼på service. Girls, tag derhen asap u wont regret<br>💸 worth it<br><br>Ps sorry for out of this world dårligt facade pic men altså der er basically ik en facade lige nu, thank u jeudan.    https://www.instagram.com/p/CVAT1UOM90Z/?utm_source=ig_web_copy_link]]></description>
      <styleUrl>#icon-1899-9C27B0</styleUrl>
      <Point>
        <coordinates>
          12.5840361,55.6810974,0
        </coordinates>
      </Point>
    </Placemark>
    <Placemark>
      <name><![CDATA[Mielcke & Hurtigkarl]]></name>
      <description><![CDATA[Det smukkeste rum vi længe har siddet i, det vildeste mad og fantastisk vin pairing. Kæmpe kæmpe kæmpe madoplevelse. Den efterfølgende kommentar er nok lidt weird og har INTET med maden at gøre som var mindblowing. TAK @mielckehurtigkarl for fantastisk mad!<br><br>Den euroforiske high vi havde været på hele aftenen med fantastiske og innovative retter blev konsekvent punkteret da vi fik regningen.<br>Vi havde taget den helt store menu “the metamorphasis” og havde ikke fået at vide hvad den indeholdt - samt en tilhørende vinmenu. Når vi så bliver spurgt om vi ville have kage eller ost til sidst, tænker vi fuck it vi prøver da begge! Og de spørger om vi vil have kaffe med til desserten siger vi selvfølgelig også ja tak. Måden valgene blev præsenteret gjorde vi ikke opfattede det som ekstra køb. Stupid much?<br><br>Smilet stivnede og den helt store nedtursfølelse ramte da vi fandt ud af at alt havde været tilkøb på tilkøb og de (mange penge) vi havde sat til side til the metamorphasis experience var alt for lidt - for ost og dessert er ekstra, når kaffe bliver 85kr oven i og champagnen til snacks var 250kr glasset, vokser regningen hurtigt. Er det os der er naive? Who knows, men vi så ihverfald aldrig et menukort og de gange vi har været ude og spise dyre middage med mange retter har vi ikke været ude for det samme rent tilkøbsmæssigt. <br><br>Er fandme lige ved at tude når jeg skriver det her, for en aften der var så fantastisk og vidunderlig på mad og vin fronten hvor alt løb op i en højere enhed bare blev fuldstændigt ødelagt over at føle sig som en kæmpestor taber idiot fordi man gik ud fra kaffe og kage var inkluderet til en menu til +1000 kr. det er selvfølgelig ikke penge det handler om i sidste ende, men damn vi følte os som dumme piger da vi rakte kortet over terminalen.<br><br>Vi håber på at det ikke gør så ondt når vi tænker tilbage til denne middag i fremtiden, men lige nu er jeg bare trist over at jeg ikke har nogle penge til resten af måneden. To dumme piger 😵‍💫<br><br>🍴10/10 Amazing Beautiful innovativt kunstnerisk. En oplevelse vi nok aldrig glemmer. <br>💩 1/10 for dumhedsfølelse og brændte penge<br>💸 6700 for to.    https://www.instagram.com/p/CVLEZSmM4-z/?utm_source=ig_web_copy_link]]></description>
      <styleUrl>#icon-1899-9C27B0</styleUrl>
      <Point>
        <coordinates>
          12.5308566,55.6747223,0
        </coordinates>
      </Point>
    </Placemark>
    <Placemark>
      <name>Cadence</name>
      <description><![CDATA[På en sjælden ik-tømse-ramt lørdag morgen snublede vi over much needed alternativ til Lagkagehuset i carlsbergbyen nemlig @cadence_cph, som vi har diskuteret om skal udtales KADANGSE eller KÆJDÆNZ, whatever, ifølge websitet er det “next level brunch” så alt stritter på os i de forkerte retninger, men prøves sku det. <br>Det er ægte calrsberg vibe med svigerfamilie-besøg og børnehøjstole, så mentalforbered jer lige inden I tager af sted, heldigvis er det højt til loftet og lowkey jazz på højtalerne, så stemningsmæssigt ku vi godt falde ind. Men totalt wierdo, alle var sådan lidt dressed up? Til morgenmad?? På en lørdag? Who are these ppl<br><br>Menukortet er faktisk next level, du kan få en breakfast pasta? Vores aftensmad var pasta, så vi tog tre mindre: 1 brød/smør/jam, en zucchini/ricotta toast og en kokosyoughurt. <br>Første indtryk: wow for en sygt skrabet brød servering til 35kr? Havde fandme klædt dem at smide en skive ost på. Marmeladen var til gengæld god, brombær og ik for sød - men ku man ha flottet sig og fyldt glasset op? ricotta toasten smagte godt, men zucc på toppen var helt køleskabskolde, og ku slet ik smage det hvidløg-fermenterede honning der var reklameret med i menuen. Manglede desperat salt. 75kr. <br>Kokos yoghurt til 65kr - mere en skum og MEGET sød, for dessert agtig så tidligt på dagen til vores smag. <br>Vi havde til gengæld optur over at personalet kom ned og tog imod bestilling, at der var stofservietter og dk vand på tap. <br><br>Følte vi måtte tilbage og teste take out delen af Cadence, som har et lille hjørne for sig selv, hvor der tit er kø i weekenderne. Fik en bolle, som var lidt whatever og underligt svær at tygge, men osten var sygt god og tykke skiver. Filteren godkendt og så prøvede vi en art brunsviger med citrus-snask på toppen. Måske den bedste brunsvigerdej kbh har set, men gad godt det bare var normal brun farin snask, det andet blev lidt appelsinmarmelade agtigt. 93kr i alt. <br><br>6/10 🍞på smag<br>3/10 💸 value for money, få svigerfamilien til at pay up. Det fandme godt nok dyr morgenmad<br><br>Tror vi en dag skal tilbage når vi har giftet os rige og prøve ægte brunch retter som fx grilled polenta og en version eggs benedict. Og breakfast pasta self.    https://www.instagram.com/p/CVPznBpMDGb/?utm_source=ig_web_copy_link]]></description>
      <styleUrl>#icon-1899-9C27B0</styleUrl>
      <Point>
        <coordinates>
          12.5390646,55.6666165,0
        </coordinates>
      </Point>
    </Placemark>
    <Placemark>
      <name>Meille</name>
      <description><![CDATA[Har brug for treat i det her lortevejr så vi kørte en 3 retters frokost aka “frokostmøde” LOL på @restaurant_meille i sidste uge. <br><br>Undrede os over de kørte Adele break up music, ik lige vores frokost vibe, har ik brug for at blive mindet om vi er single. Fik en sød velkomst men derfra blev tjenerne ret forpustede og lidt småtravle, ikke opmærksomme når vi fx manglede vand. Det kommer vi tilbage til. <br><br>Først en snack, VERY god start, efter sigende lavet efter ikke-madspilds-metoden hvor de klasker det sammen der ik er brugt dagen før - i dette tilfælde en kugle m gris, en kugle med ost og sprødt kyllingeskind. Delicious! Nogle gange ka stop-madspild snack smage mest af kreativ bogføring, men det var altså ik tilfældet her. <br>Dernæst verdens mest underlige størrelsesforhold mellem brød og mad, som var en kammuslingret pakket ind i al for meget krydderurt, men de to teskefulde smagte dejligt, især sovsen, og det samme gjorde brød og smør. <br>Ligesom første servering blev der til frokostens hovedperson, grisen, hældt sovs over ved bordet, moderate mængder, men ka godt lide flexet i at gøre det nede ved bordet. Sindssygt god lil grisefirkant, det spillede. <br>Prøvede at bytte solbæris ud med ost, men den gik ik. Øv. Den smagte fint nok, hvid chokocrunch, måske lidt outdated men ik dårligt af den grund<br>Sluttede af med en kop kaffe og verdens største sukkerskål til hahaha, og så kom den lidt ærgerlige afslutning på en ellers god frokost: nabobordet sku betale regningen, og de blev rasende over at se at der var charget 25kr per vandflaske. Og det er måske hvad det er, men det skete altså også sidste gang vi var på meille. Vandet er fra tap, også det med brus, så ja, vi undrer os også over det ik bare er free, når man køber vin og kaffe og alt muligt også. Især fordi det skaber så dårlig stemning derinde når folk brokker sig. <br><br>Vi endte med 50kr for vand, snacks var vidst også 100kr i alt - selve den tre retters er 295, which is fair, og så kommer vin oveni. <br><br>7/10 🐖 det er god mad, gode råvarer og flotte anretninger, underlige størrelser dog <br>5/10 🕯vibe, halvfærdig indretning med sygt grimme birkestammer malet på væggene, why?<br>4/10 🕺🏼service står ik rigtig mål m prisen.   https://www.instagram.com/p/CVfFi6Qs_iE/]]></description>
      <styleUrl>#icon-1899-9C27B0</styleUrl>
      <Point>
        <coordinates>
          12.568172,55.6789935,0
        </coordinates>
      </Point>
    </Placemark>
    <Placemark>
      <name>Mæxico Nørrebro</name>
      <description><![CDATA[Hola chickas, tænker vi lige går på weekend med en party themed anmeldelse. Vi samlede nemlig et stærkt babet up entourage og indtog @maexico på guldbergsgade til en all you can eat AND DRINK mexican feast, inden vi sku ud og straffe floor aka ende på bakken og snave med en tyveårig, men det er en helt anden historie. <br><br>Er det så vores babes på billedet? Nope, vi var to stive piger til pre party og vi glemte at tage facade pic, så vi har stjålet det fra mæxicos egen fb side, håber det går 😇😇<br><br>Nå men på Mæxico Nørrebro får du unlimited pitchers, chips m salsa og forskellige tacos til den nette sum af 339kr. Kørte straight up favoritten margaritas fra start til slut, den er helt i orden! Chipsene er lidt kedelige og salsa slet ik stærk, hvilket er ret ærgerligt. På tacosfronten fik vi lidt af det hele: gris, chick, crispy shrimp, sweet potato m spicy dress og den med svamp. De sidste tre var klare favoritter. <br>De bliver hurtigt lidt kolde og selve tacoen er lidt tør i det. <br><br>Men ved i hvad, det var faktisk lidt lige meget at maden var sådan lidt so-so. Vi havde en KÆMPE fest. Seriøst, de kører alt fra Dua lipa til Bruce Springsteen på anlægget, elsker den playliste. Indretningen er piñata explosion mania, der er ik sparet på diverse guirlander og krimskrams, og tilsammen skaber det noget nær de perfekte rammer til en lil forfest hvor der skal lægges en solid bund. Det er hapsemad, så vær beredt på at gå i ægte beast-mode hvor du slikker fingre og chugge pitchers, altså måske det ik er smukt, men det er eddarmame sjovt. Lad for guds skyld den hvide skjorte hænge i skabet. Betjeningen er ligeså festlig som man ku ønske sig, og vi fik hurtigt fyldt op på det hele, når vi så ud til at mangle. Well done. <br><br>9/10 ☄️ på feststemning. Det er 100 den man skal komme for. Vi elsker konceptet m AYC, perfekt inden man rammer byen. <br>6/10 🌮 på mad - smager fint nok, men ærligt, vi glemte ret hurtigt hvad vi havde spist igen<br>7/10 💸 måske en lille smule overpriced, men altså vi vi jo bare gerne ha det grineren 😅🤑<br><br>Bonusinfo, kørte lige en take out fra deres v bro afdeling i går, burrito med sweet potato og chick wings ka anbefales!! 🤠🤠.  https://www.instagram.com/p/CVmynPJsHfd/?utm_source=ig_web_copy_link]]></description>
      <styleUrl>#icon-1899-9C27B0</styleUrl>
      <Point>
        <coordinates>
          12.5597215,55.6907945,0
        </coordinates>
      </Point>
    </Placemark>
    <Placemark>
      <name>La Vecchia Signora</name>
      <description><![CDATA[Vi kender nok alle de små steder man går forbi konstant og ikke skænker en tanke, der er altid en eller anden ubetydelig ting som gør man afskriver uden grund? Af en eller anden grund havde vi for længe siden smidt la Vecchia signora i “det er garanteret en turistfælde” boksen, både pga pladseringen midt i indre by og det faktum det har været der i evigheder og ingen af vores venner havde snakket om det.<br>Fast forward til en kedelig eftermiddag hvor vi scrollede rundt på gambero rosso (italiensk madguide) og fandme om ikke den lå lige der med to ud af tre mulige pizza slices?<br>Vi nærmest spurtede ned før telefonen kunne ringe PRONTO!<br><br>Delte en antipasti misto til forret (den på billedet er til en person!) med alle klassikerne som vitello tonato, to forskellige bruschetta, skinke og melon, caprese, carpaccio. Basically alle forretterne på kortet på 1 firkantet tallerken 😍<br><br>Derefter en pizza salame e peperoni, god spicy pølse, juicy peberfrugter. KÆMPE pizza du godeste. den anden sultne pige tog en Ai Filetti di Pomodoro som basically var en margarita med ekstra mozzarella.<br>Mamma miaaaa they weren’t kidding about those pizzas! God skorpe, lækker dej, endnu bedre tomat sovs! <br>Begge bare god kval, gode vibes, billig husets rødvin og en forret til deling. Vi trillede hjem-<br>Skal så meget tilbage! Fik lov til at få pizzaresterne med hjem. <br><br>Det er ikke et fancy sted, i skal ikke regne med smarte tjenere og cool interiør som på broerne, vecchia signora ligner bare et pissegodt pizzeria plukket direkte ud af støvlelandet.<br>Alle på arbejde var italienske, musikken var ren Pavarotti. <br>God lille escape næste gang du føler der er lige lidt for lang tid til du skal til Napoli igen 🇮🇹<br><br>Til sommer er der en lille gårdhave bagerst vi med garanti også skal besøge. <br>Ps pizzaen bliver serveret på italiensk så frem med bestikket.<br><br>Og så havde vi også totalt optur over de malede spejle der gav en kæmpe kitsch lidt tivoli eventyrs stremning. Kæmpe hygge!<br><br>🍕8/10 god god pizza. Mozz pizzaen blev måske en smule kedelig men det var jo vores eget valg. Vi kommer garanteret igen<br>💸600kr for to personer inkl vin vand pizza og forret.  https://www.instagram.com/p/CVvCluUsGL9/?utm_source=ig_web_copy_link]]></description>
      <styleUrl>#icon-1899-9C27B0</styleUrl>
      <Point>
        <coordinates>
          12.5825617,55.6809327,0
        </coordinates>
      </Point>
    </Placemark>
    <Placemark>
      <name>Tivolihallen</name>
      <description><![CDATA[Vi kan nok roligt sige at vi er ægte smørrebrøds piger (altså spisende, ikke jomfruer), det er jo et stykke dansk kulturarv der kommer flyvende ind med hele umami pakken af rugbrød, surt tilbehør og et kød eller fiskebjerg som frokostens stjerne + den nærmest obligatoriske classic og svensk/norsk/danske brændevin eller boksevand som det jo kaldes hvis man lige får en for meget! Whats not to like! Danskernes fortrukne frokost og også vores når vi skal bekæmpe efterårs gråheden 🇩🇰<br><br>En hurtig lunch I @restauranttivolihallen blev det til så det er en lidt kort anmeldelse (men vi har været mange gange tidligere). <br>Lad os starte på toppen - rrrigtig dejlig smørstegt fiskefilet med fine rejer. Kunne dog godt have brugt nogle flere shrimps please, en stor skefuld mayo (hellmans?), blandede krydderier og en halv cherrytomat LOl pyntegrønt i højeste kaliber 🌱<br><br>Styrtet startede ved fiskefrikadellerne som var lidt klistrede i konsistensen.. help? smagte ikke så friskt måske lige hold lidt igen med al den mel. Mer grønt og så den anden halve cherrytomat og en remoulade der var 100% købt (åbenbart ik) og måske FEDTFATTIG? Hvad foregår der? <br><br>Tjenerne på tivoli hallen RÅBER seriøst helt vildt, vi sad bare og gloede på cirkusset der løb omkring os og fik lidt brød (efter vi havde spurgt), ligner endnu en købevare desværre og var køleskabskoldt 😐<br><br>Vi sprang let og elegant over en mad mere, og skyndte os hastigt videre. Vi er udemærket klar over der er folk derude der sværger til tivolihallen but we ain’t one of them. Meget kaotisk stemning og så på en onsdag. Gad vide hvordan weekend rykket overleves. <br><br>Plus point for friske blomster på bordet og en sød lille hund der gik rundt blandt gæsterne, hello little fur baby! Tror det var en gæsts dog<br><br>🍴5/10 De gange vi har været her har prisniveau og mad kvali/mængde ikke ramt et sweet spot. hverken fremragende eller forfærdeligt.<br>😘5/10 råbende/forvirrede tjenere, dårlig akustik. Det er klart et mere festligt spisested, og større selvskaber stjæler opmærksomheden fra 2 Pers borde (os). Om sommeren har de en virkelig dejlig gård.<br>💸 98 for deller, 134 for fillet<br><br>opsummering: der er bare så mange andre der gør det bedre ✨.  https://www.instagram.com/p/CV2si5HMuCA/?utm_source=ig_web_copy_link]]></description>
      <styleUrl>#icon-1899-9C27B0</styleUrl>
      <Point>
        <coordinates>
          12.5731193,55.6746023,0
        </coordinates>
      </Point>
    </Placemark>
    <Placemark>
      <name><![CDATA[Take & Eat I/S]]></name>
      <description><![CDATA[En klassiker på indre Nørrebro der måske ser lidt shady ud but if you know you know og take n Eat (sikke et navn) har altid leveret solid mad før/under/efter din bytur ❤️<br>Brødet er luftigt og sprødt og skiller sig ud fra de andre kebab steder hvor brødet fandme nærmest er halvdelen af måltidet (durum bar I’m looking at you) hvilket kan være godt men også ligger en ret heftig bund. Nogle gange har man jo bare mere lyst til en “snack” pita end et “måltid” pita hvis det giver mening?. God humus, ikke så meget smag men creamy lovin og fedt at det er inkluderet. <br>Standard kebab kød en lille kedeligt, der kunne godt være lidt mere smæk på krydderierne, men til 40kr er det også lidt i den dyre ende. Til gengæld får du jo også bare en million toppings som alle er sprøde og frisk tilberedt. Feta, persille, gulerødder, kål, you name it de ligger frreshly chopped i montren. Det er altså en lille ekstra ting der gør vi vælter derind i stedet for nogle af de andre i nærområdet<br><br>🍴8/10 for solid takeaway på indre Nørrebro <br>💸 40 kr så ik helt den billigste men heller ikke den dyreste.  https://www.instagram.com/p/CV7yfs1MCnO/?utm_source=ig_web_copy_link]]></description>
      <styleUrl>#icon-1899-9C27B0</styleUrl>
      <Point>
        <coordinates>
          12.5589352,55.6886561,0
        </coordinates>
      </Point>
    </Placemark>
    <Placemark>
      <name>Yellow</name>
      <description><![CDATA[Vi har gerne ville forbi @yellowkbh længe, det føltes som om at hver gang vi kom gående forbi sad der nogen vi kendte eller mandag morgen sad vores venner og snakkede om hvor fed en fest de havde haft i weekenden. Så vi er udemærket klar over vi er sent ude sorry friends. <br><br>Menuen er bare a la carte og et hurtigt kig på kortet får os til at tro at dette er måske mere en bar med mad end en restaurant med bar, hvilket jo er helt fair så vi startede da lige med nogle drinks! Virkelig stort cocktail kort og lad os slå fast at den bartender havde totalt styr på det! Fik spicy margarita og en anden et eller andet drink, så espresso Martini (man er vel med 2021 moden).<br><br>Tilbage til maden for det var virkelig bare all over the place. Croquettes med estragon mayo er vel bare en glorificeret chilli cheese top men who cares, den var perfekt. <br>Så nogle helt andre smage da der blev smækket fish tacos med chipotle mayo på bordet, helt fresh og så gode vi lige bestilte tre runder mere. <br>Svampetoasten var helt hæderlig, ikke den vildeste med ligger sig god i feltet. God estragon også der.<br>Og så korean fried tofu/kylling (samme dressing så bare vælg en).<br><br>Altså retterne er jo helt fine, men ville nok sige man skal have mere lyst til lidt snack retter med sin drinks end en middag middag - smagene refererer til hele verden, og fish tacos med korean spicy sauce er en off kombi.<br><br>🍴7/10 god som tilbehør til drinks, manglende en rød tråd hvis man skulle spise middag middag. Der manglede lidt salt across the board<br>💸 Retter fra 55-135 pr stk, drinks omkring 100kr per styk (og virkelig gode)<br><br>Bonus en note fra aftenen jeg fandt på min tlf:<br>Just saying. This espresso Martini is made of dreams and love oh måske også Eh ordentligt skud sukker. Drømmen er at synke ned i det skumlag jeg får serveret her. Tempur pedic of drinks. Blessed.  https://www.instagram.com/p/CWDJkF9skgc/?utm_source=ig_web_copy_link]]></description>
      <styleUrl>#icon-1899-9C27B0</styleUrl>
      <Point>
        <coordinates>
          12.5543817,55.6902044,0
        </coordinates>
      </Point>
    </Placemark>
    <Placemark>
      <name>SMK – Statens Museum for Kunst</name>
      <description><![CDATA[På hvad der måske var årets sidste semi solskinssøndag besluttede vi som seriøst alle andre københavnere + opland at svinge forbi @kafeteriasmk til en lil lunch. Har været der før til kaffe/kage, vi elsker rummet og især deres rispapirlampe game, hvem der bare havde 5 meter til loftet derhjemme. <br>Man skal huske sin tålmodighed og sit bedste i-am-decent smile, for man kommer til at vente på at få en siddeplads. Vi måtte stå i hjørnet som to små gribbe, og slog til så snart et par pensionister havde tømt deres kaffekopper. Det skaber en ret glubsk stemning at man ska stå og stirre Sidney kreutzfeldt style for at få en plads, og derfor har man heller ik rigtig lyst til at blive hængende for længe efter. Very popular lunch apparently. <br><br>Startede med clame to Fame gigantiske pandekager m æg/pølse. På billederne ser de underligt små ud men tallerkenerne er gigantiske, trust us. Havde virkelig glædet os til at prøve, og det smagte fint, men pandekagerne var lidt tørre i det? De smagte altså af, at de havde været frosset ned og varmet igen, og de var også klar ca 3 min efter bestilling, så det understøtter teorien… til 165 må de gerne være fresh synes vi. (Edit: se lige comments)Ka ik lide smagen af once frozen carbs. Uproportionelt lille stk pølse, men den smagte godt og øko agtigt. <br>Den anden sultne pige fik dagens ret som var hummus + kål og persillerod (?) + brød til 145kr. Saftigt og smagfuldt brød, virkelig godt, og også god grov hummus med masser af spidskommen. Pengene værd? Nej. Ret skrabet servering til den pris. Ret cheap valg af grønsager, men det smagte fint, det gjorde det da. <br><br>En frokost til overpris, men sådan er det jo på museer, og kafeteria er i familie med Apollo og atelier september så vi havde ik forventet andet. Men vi havde forventet pandekager straight from the pan og lidt mere spark på dagens ret til de priser. En anden gang går vi m kage/kaffe. Hvis vi gider vente på et bord. <br><br>7/10 🥞 hvis man kun smager sig frem er det helt ok<br>4/10 💸 hvis man kigger på priserne hænger det ik sammen, selvom det er nogle store tallerkener<br>9/10 🕯sindssygt flot sted, flotte lamper, tallerkener, u name it. Very boligmagasin dreamy. Kun desperate ppl to ruin it.   https://www.instagram.com/p/CWIZXGasU1z/?utm_source=ig_web_copy_link]]></description>
      <styleUrl>#icon-1899-9C27B0</styleUrl>
      <Point>
        <coordinates>
          12.5783303,55.6888127,0
        </coordinates>
      </Point>
    </Placemark>
    <Placemark>
      <name>Kabys</name>
      <description><![CDATA[I disse grå, lidt halvkedelige dage (sorry til alle november børn) er vi nok som alle andre benhårdt på jagt efter en omgang hygge, helst med stearinlys og lidt soul på anlægget. Vi var egentlig på vej for at prøve et andet sted, men faldt over @kabyskbh på vejen og der var lige et bord ledigt så vi gik ombord i morgenmaden.<br><br>Først må vi lige sige hvor sindssygt hyggeligt der er herinde. Kæmpe rolig zen solange på anlægget stil med masser af maritimt pynt og trævægge, perfekt til din weekend morgen hvis du har brug for lidt blød start. <br><br>Simple n sweet, vi startede med en hjemmebagt bolle med ost + en virkelig god appelsinmarmelade man nærmest kunne drikke. Pige 2 er ikke en syltetøjs pige overhovedet men selv hun kunne overbevises! Godt med birkes og hasselnødder i bollen, super lækkert surpriseelement.<br>Videre til yoghurt med æblekompot (its the season) og crunchy musli, super nice at det ikke var en tyk yoghurt - men nok bedst som extra i stedet for en hel morgenmad hvis du er sulten som os. <br><br>Pige 1 ELSKER parisertoast og gudhjælpemig om den ikke også var på kortet, fyldt med grovkornet sennep og tykke skiver både skinke og ost. Godkendt! <br><br>To baljer kaffe senere svævede vi glad og lykkelige videre på vores søndag ❤️<br><br>🍴9/10 ærlig talt var vi sgu bare helt på røven over hvor simpelt og friskt og hjemmelavet det hele var. Åbent køkken så du kan se alle kondiboksene med elementer (ville ønske vi var så tjekkede derhjemme)<br>💸 45 for bolle, 95 for toast, 55 for yoghurt. <br><br>Bonus! Vi er blevet tippet om at de også har et virkelig dejligt aftenkort, se sidste billede.   https://www.instagram.com/p/CWQIYLnsjIM/?utm_source=ig_web_copy_link]]></description>
      <styleUrl>#icon-1899-9C27B0</styleUrl>
      <Point>
        <coordinates>
          12.5654109,55.6836022,0
        </coordinates>
      </Point>
    </Placemark>
    <Placemark>
      <name>Pirlo Vin | Osteria | Bar</name>
      <description><![CDATA[AMAGER ER I DERUDE? Det er vi, tog endelig forbi the very happening @pirlocph godt og hyggeligt placeret nede i en gyde på strandlodsvej. Cute baggård komplet m fine varmelamper, terracotta potter og oliventræer. God start we must say. <br>Smarte mennesker overalt i restauranten, men på den hyggeren måde, hvor det stadig er chill og der er sådan en I’m in the know vibe. Tag den røde læbestift med. Ik så mange dates blandt gæsterne, mere vennegrupper, det skaber altså bare bedre vibes, i hvert fald ifølge os. <br>Lagde fandme ud med et par glas champagne, halli hallo allerede her blev det tydeligt at Pirlo har knækket koden alle restauranter bøvler med: where’s the best Waiter? Vi fandt ham, han er alt. Vil være venner med ham og invitere ham med til fest typen. Love is love tak for amazing service. <br>Mad: Først brød, pinch af kardemomme, overraskende godt. Forret var lille bitte reje servering m tomat consomme, overdrevet smagfuld, den ene piger gik helt Adam driver meme good soup på den. Så let stegt zucchini m bid i mmmh og aioli/parmesan fluffy-fed, perfect match. <br>Videre til det italienske bondeland m linseragu og tyk lille salciccia - ræddi god rødvinsvibe. Like what u did to those veggies. Jordskok pure gjorde retten mere let, smart thinking. <br>Parpadelle i størrelse halv ladagneplader, we like! Ret tung, ret meget lige i skabet. Brødsalaten lidt anonym og wierd m selleri i? Well. <br>Sluttede m affogato og en citron pavlova som vi spår stor fremtid, epic clame to Fame, gal hvor var den god, smeltede på tungen. <br>Alt i alt 1500kr, satme god pris for champagne, mad, en flaske god rød og grappa + amaro til at slutte af på!! <br>9/10 🍝 tradi on the looks men med små spidsfindige twists, højt niveau! Kommer 100 igen<br>10/10 🕯service og vibe! God stemning både i køkken (så vigtigt, det er åbent) og blandt gæster. Lidt loud dog, do not bring svigerfamilie. <br>Do it again m Steely Dan på stereoen, vores favorite tune 💔.  https://www.instagram.com/p/CWVVJ88sgN4/?utm_source=ig_web_copy_link]]></description>
      <styleUrl>#icon-1899-9C27B0</styleUrl>
      <Point>
        <coordinates>
          12.6215004,55.6643227,0
        </coordinates>
      </Point>
    </Placemark>
    <Placemark>
      <name>JOJO Drinks Vesterbro</name>
      <description><![CDATA[Snart weekend så er det tid til drinks, og for nogle uger siden lagde vi vejen forbi v bros nye hotspot for cheap drinks og snacks nemlig @jojovesterbro - great location på Sundevedsgade der FINALLY er åbnet igen, er det bare os eller var der seriøst vejarbejde i 10 år?? Nå men den gade hvor luderen ligger på hjørnet, hvis man ik kender den. <br>Den er ret godt indrettet, er jeg på en bar eller en hot DIY restaurant tænker man, der er glødepærer på borde og neon i vinduerne. Men det spiller! Vi savnede en stumtjener men det er vist i detaljegraden. <br>Jojo ka lave billige drinks og små retter. What a combo. Havde glædet os til at få en toast a la @kalaskimchi men bummerrr, den var udsolgt. Så vi gik med brød, hummus, burrata m figner og padrons. Brød lidt whatever, hummus underligt grynet i konsi, fin burrata og god olie! Lækre padrons, gigantisk portion ift hvad du får på fx Bottega barlie til i kid u not det i hvert fald dobbelte af prisen. Burrn, for jojos er ligeså gode. Snacks godkendt, priserne vejer op for de mindre gode ting. Næste gang spiser vi måske hjemmefra og nøjes med at drikke deres longdrinks. <br>Og okay, tjek lige deres drinkspriser på billedet? Vi prøvede gram, g/t, paloma, amaro sprits HELLOOO den røg der lige nogle stykker ned af - alle sammen smagte dejligt, og de så flotte ud selvom de var på tap. Connoisseurs vil nok mene at longdrinks på tap er at jaywalke udover cocktailfaget, men vi synes det ka noget andet end shakers og trecifrede priser. <br><br>Klientellet på jojo er ungt og hipt, hvis vi ka skrive det uden at lyde for gamle. Tænk sådan furry bøllehat, sweatshirts med similisten, hestehaler med fletninger i - vi blev inspirerede og lidt skræmte. Selvom vi var placeret foran en overly attached girlfriend der sad og kneb sin kæreste i armen konstant, så ku vi leve med det, for der er altså ret dejligt derinde. Eller fordi vi blev fulde? Måske pga playlisten også? Tog os til syden og på floor, seriøst de spillede Benjiflow, begge piger sommerhit anno måske 2018? Very nice. <br><br>8/10 🎉 på stemning, Godt opvarmer sted<br>9/10 🍸 drinks, du ka også få dem i dåse til cykeltur<br>6/10 🫑 på snacks, padrons trækker op.  https://www.instagram.com/p/CWaVzuCMM_y/?utm_source=ig_web_copy_link]]></description>
      <styleUrl>#icon-1899-9C27B0</styleUrl>
      <Point>
        <coordinates>
          12.5439109,55.670734,0
        </coordinates>
      </Point>
    </Placemark>
    <Placemark>
      <name>Slurp Ramen Joint</name>
      <description><![CDATA[Har haft lyst til at prøve @slurp SÅ længe, det har jo ligget på nansensgade i flere år men af en eller anden grund er vi aldrig kommet derind og hvis vi så er, er vi blevet demotiveret af kø. Not today! <br>Optur at man lige får øl i køen, så er man ligesom igang. De har lavet en collab med to øl? god ipa. <br><br>Problemet ved at stå i kø er jo at øjnene bliver frygtelig sultne så i stedet for bare at køre en skål ramen som var den originale ide gik vi lidt overbord<br><br>Vi startede med kingfish sashimi med hybenkerne olie og rabarber. Woooow en god fisk, hold da op en sexy combo. Det smelter bare i munden og ingredienserne prikker friskt på tungen. Kan vi bare spise det her hver dag? Fik helt lyst til at drikke den sovs. wauwwauwwww<br><br>Næste var korean fried chicken, en ret hård sprød skal på kyllingen og så med sauce helt ud over. genialt.<br><br>To the ramen! Vi vidste vi ville være i big troubles halvvejs fordi to øl og lidt kylling jo også mætter, men vi tog en shoyu (soya base) med noget røget aubergine creme og judasøre svampe. Delte meninger, den ene af os synes den var god, den anden var virkelig ikke fan.<br>Nummer to var en miso ramen med pork belly, bønnespirer æg. Virkelig nice, en mildere suppe. <br>SLURP har købt en nudelmaskine til næsten en kvart mil??? Og det er nogle syyygt gode nudler, helt fjedrede hvis man kan sige det i teksturen. Lidt elastik vibes men på en god måde hvis det giver mening. <br>Gode æg i begge skåle som i kan se, toppings var også nice. <br>Må sige at slurp måske laver en lidt “mildere” suppe end mange af de andre, så hvis du er til et ordentlig spark chili er det nok ikke her du skal hen. Vi var glade men synes måske det var en smule dyrt især når det er meget et hurtigt ind hurtigt videre sted. <br><br>🍜7/10 især sashimien var to die for lækker, man kan smage det er god kvali<br>💸 en skål ramen koster dig 160kr, så selvom det er næring for sjælen kom det alligevel til at koste os lidt mere end vi umiddelbart havde regnet med. Tror det er en personlig smagssag om man går all in på kvali vibes eller om man skal have en skål spicy miso mod forkølelsen.<br>😬Intet toilet!!!!! Kritisk efter to øl og suppe, så vær obs på det<br>🔥 virkelig godt soundtrack.  https://www.instagram.com/p/CWlV0CIsE4S/?utm_source=ig_web_copy_link]]></description>
      <styleUrl>#icon-1899-9C27B0</styleUrl>
      <Point>
        <coordinates>
          12.567208,55.685126,0
        </coordinates>
      </Point>
    </Placemark>
    <Placemark>
      <name>Nyhavns Færgekro</name>
      <description><![CDATA[Damefrokost klubben samlede sig til årets første julefrokost på @nyhavnsfaergekro - placeret midt i turisthelvedet men måske det ku noget? Well… 😬<br><br>Kørte a la carte i stedet for julemenuen, da vi havde en vegetar i selskabet. Først gik vi i krig med deres sildebuffet, som desværre så helt trist og forladt ud og ingen info om hvad de forskellige sild var. Smagte os frem til nogle af dem. Senneps og krydder var ok, men brødet tørt og alt lignede at have stået for længe og var blevet kedeligt. Pretty underwhelming generelt. De andre sultne piger tog fiskedelle og filet m remo - virkelig små madder. <br><br>Indimellem fik vi self snaps, de var rigtig gode og de har en cute præsentation af dem alle sammen inkl billede af snapsebryggeren - men ingen overfladespænding, kæmpe haram. <br><br>Anden servering var en whatever leverpostej, en meget lidt Rosa roastbeef - dog med gode syltede agurker - og en uspiselig hønsesalat, instant reminder om kyllingesandwich på 7/11. Se lige farven på den satan? Hvornår har det nogensinde været en hønsesalat. Yikes. <br><br>Ostetallerkenerne glemte vi hurtigt igen, den friterede camembert smagte næsten ik af noget. God portvin dog. <br><br>De ka sgu ik hive den hjem kun på gode drikkevarer, altså. Viben derinde er heller ikke super hyggelig, og altså hvis vi ik havde haft vores bedste damer med, havde det virkelig været en trist omgang. <br><br>Stolene er også virkelig dårlige at sidde i. Sulten pige 2 kom til at sidde hele anden servering på et menu-kort, hvilket gav et flot numse-aftryk, se sidste billede LOL! Sværger det ik var med vilje, so sorry about that. Men det var altså det eneste der reddede hende fra en weekend i lændesmertehelvede. <br><br>🍽 3/10, kommer nok ik igen. Den ryger altså i turistfælde boxen her fra.<br>640 per sulten pige.   https://www.instagram.com/p/CWp_Wz5s-mX/?utm_source=ig_web_copy_link]]></description>
      <styleUrl>#icon-1899-9C27B0</styleUrl>
      <Point>
        <coordinates>
          12.5882942,55.6807154,0
        </coordinates>
      </Point>
    </Placemark>
    <Placemark>
      <name>Pixie</name>
      <description><![CDATA[Greetings from Østerbro! Kender i det når man har lidt tømmermænd og bare skal have mad NU!? Det sker ihvertfald for os, og denne gang befandt vi os på bopa plads så ind på @cafepixie som var helt fyldt med børnefamilier, studerende og veninder til cafe latter. Blev selvfølgelig smækket ned ved siden af børnene (typisk når man er hangry og de er sukkerhøje) men whatever, mad skal vi jo have. <br>Pixie og dens søster restauranter auto + taxa på Nørrebro har præcis det samme kort, og vi hoppede selvfølgelig på den gode gamle cafe burger ❤️<br>Synes måske menu kortet er lidt en lille smule dyrt helt generelt eller er det bare os..? <br><br>Anyway, blød sød bolle (brioche går vi ud fra), fin men anonym. Salaten og rødkålen var ok men lidt slatten. Fuldstændig anonym ketchup uden spark og som hovedingrediens den mere stegt end gennemstegt dødkedelig burger. <br>En skarp contender i mest røvssyge burger vi nogensinde har spist kategorien. <br><br>Fritterne var gode og med en fræk basilikum Mayo er det selvfølgelig vinderen på tallerknen. Not that that’s saying much. <br><br>Kedelig omgang. Eneste grund til vi spiste den var fordi vi var dødssultne <br><br>Dog er det et VIRKELIG godt solspot om sommeren, med selvfølgelig en legeplads ved siden af. Man skal jo ikke glemme hvor i byen man er 😍 kaffen er også helt okay men ikke rigtig noget specielt<br><br>🍴2/10 og penge lige ud af vinduet. Ses<br>💸145kr <br><br>Og selvfølgelig spotter vi et godt burgersted lige så snart vi kommer ud af cafeen igen hahahahaha what is life 🤡.    https://www.instagram.com/p/CWvpXoksyyo/?utm_source=ig_web_copy_link]]></description>
      <styleUrl>#icon-1899-9C27B0</styleUrl>
      <Point>
        <coordinates>
          12.5812362,55.7050754,0
        </coordinates>
      </Point>
    </Placemark>
    <Placemark>
      <name>Restaurant Babylon</name>
      <description><![CDATA[@babylon_restaurant_bar, byens ukronede partyrestaurant, og ja, vi har været der mange gange før, og fået blackouts og bøvlet med at fare vild i deres massive velourgardin-labyrint efter aaalt for mange vodka redbulls. Men her for nylig hev vi en hel flok sultne piger med derind, for at tjekke menu/drinks kortet ekstra efter i sømmene og se om det er Worth the hype. <br><br>Og altså what a night. Vi kørte self en masse drinks, især spicy margerita var en favorit<br><br>Virker ikke helt som om det er meningen man skal køre delemad, men whatever det gjorde vi alligevel. Kammuslingen er sindssygt lækker, det samme kan siges om terrinen (super foies gras style, yummy, gad godt vide hvem deres pusher er), samme med skinke (sorry for pic). Men måske lidt surprisingly var vi også kæmpe fans af deres grøntsagsanretninger med blomkål og selleri m trøffel. Her er virkelig en restaurant der har forstået at hvis en cheap grøntsag skal spille hovedrollen på tallerkenen, så ska der altså fyres op for grease underneath og der skal pyntes så selv magasins juledekoratør bliver misundelig. Den nailede de totalt. Samme ka ik siges om vores billeder, sorryyy, men la det være en anledning til selv at prøve kræfter med grønt-retterne derinde. <br><br>I anden omgang tog vi pastaerne cacio e Pepe og vongole, begge vidunderlige, især cacio var helt stærk af peber, præcis som den ska være i vores bog. De var også begge i hovedret-størrelse, hvilket lander dem en thumbs up ift value for money. Helleflynderen var ret anonym og ret lille. <br>Vores anbefaling er at I går med 2ish snacks og starters, og så snyd jer ikke for en pasta. Så skal I nok blive mætte og glade. <br><br>Ku self ik dy os for også at snuppe en baked Alaska. Mamma Mia, ambitiøs dessert at servere, og det måtte jo næsten gå galt. Sprutten ville ik rigtig antænde. Øv altså, så er det bare en is-marengs badet i hård sprut, not so nice. Tjeneren gav op på projektet, så vi forsøgte os selv med en lighter, og kom til at brænde marengsen helt sort. Upsi. <br><br>🍽 8/10 på mad, godkendt og gode drinks ✨ bring friends, not family<br>💸 100-180ish for main dishes<br><br>Kæmpe vibe at man sidder og spiser PÅ klubben og sejler direkte ned på floor efter 💄.   https://www.instagram.com/p/CW2nWUgMQqB/?utm_source=ig_web_copy_link]]></description>
      <styleUrl>#icon-1899-9C27B0</styleUrl>
      <Point>
        <coordinates>
          12.5593168,55.6819331,0
        </coordinates>
      </Point>
    </Placemark>
    <Placemark>
      <name>Fu Wa</name>
      <description><![CDATA[Har ikke været på fu wa i ihverfald 5-6 år, så da vi en tilfældig tirsdag aften cravede dim sum skyndte vi os straks derned! Har blessed memories fra den ellers lidt anonyme biks på Jagtvej.<br>Første indtryk - MEGET koldt. Vi sad og småfrøs og sad med halstørklæder på. Ikke synderligt hyggeligt (ret tacky) men det mest kan jo tilgives hvis maden smager fantastisk.<br>Vi bestilte deres “ad libitum” menu til 200kr, og det slog os som lidt mystisk var at der var * der udelukkede måske 80% af hovedretterne og 20% af dim sum kortet. but why? Allerede der følte vi os en lille smule både forvirrede og irriterede. Hvorfor ikke bare lave en liste over hvad der er inkluderet i menuen så man ikke føler sig lidt snydt når man bladrer igennem retter man så ikke må få? <br>Startede med en miso/wonton suppe, smagte fint. Den anden pige bestilte en peking suppe som var REALLY WEIRD. Den havde konsi som en sovs du har hældt for meget maizena i, smagte af ingenting og kastet en håndfuld forårsløg i. Så decideret ulækker ud og var virkelig slimet.. har den måske stået for længe? Smagte på ingen måde af and, mere turbokylling vibe.<br><br>Videre til dumplings, vi fik mange så kan ikke umiddelbart huske hvad der var hvad - men fik heller ikke forklaret noget. problematisk da vi havde en tredje pige med der er skaldyrsallergiker. Not great når der er rejer i 50%, så vi andre legede royale mundskænke. <br>Dem der ligner bolledej var fyldt med noget sødt kødfyld og smagte seriøst bare undercooked. Yikes, styr udenom!<br><br>en deepfried chick med mere sur/sød sovs (men som vi var blevet ret tændt af efter “suppe” fadæsen), hårde. Not good. Virkede ikke friskt.<br><br>Sluttede af med fried noodles med okse og grøntsager, ok men igen ikke specielt.<br><br>øv oplevelse. Har glade minder fra fu wa, men det virkede som om de var faldet af på den. Vi sad også og ventede LÆNGE på alting, og vi var i alt 8 mennesker i restauranten. Hvad lavede de lige ude i køkkenet?<br>Det var så koldt at jeg stod og varmede mine fingre på vandrøret da jeg var på toilettet.<br><br>🥢 3/10 de “bedste” retter var komplet ligegyldige. Peking suppen var totalt what the fuck<br>🥶1/10 koldt rum, kold betjening<br>💸 900kr for tre. Av ifht hvad vi følte vi fik.   https://www.instagram.com/p/CW8ZwaTs12A/?utm_source=ig_web_copy_link]]></description>
      <styleUrl>#icon-1899-9C27B0</styleUrl>
      <Point>
        <coordinates>
          12.5419882,55.6884982,0
        </coordinates>
      </Point>
    </Placemark>
    <Placemark>
      <name><![CDATA[H15 Cafeteria, Bar, Studio & Scene]]></name>
      <description><![CDATA[Hvis du endnu ik ved hvad der skal ske i din weekend og har noieren på over ik at have reserveret bord nogle steder, så fortvivl ej for der findes et sted, hvor vi faktisk aldrig har oplevet ikke at få bord, nemlig @h15copenhagen. De fyrer også op for en ret god fest i weekenderne har vi nogle slørede minder i hukommelsen, der fortæller os. <br><br>Menuen skifter de tit ud, men der er altid en lille og en stor menu, og det er veggies der er i fokus 🐰 Vi gik med den lille menu, og den er altså helt fin at blive mæt på, især fordi den kommer inklusiv brød. 225 per pige<br><br>Lagde self ud med at bestille en flaske sauvignon black med det lolleren navn Red Neck. Ret ærgerligt den slet ikke var kold, det måtte vi tænke os til, ellers godkendt. <br><br>Alle retterne kom samtidigt, helt perfekt, selvom der blev lidt pladsmangel på det lille bord. Anbefaler at tage derind 4 stykker, så man har en lidt større flade til sine armbevægelser. Jordskokkerne var godt hårdt stegte, god cremet snask nedenunder. Rødbedetartaren var dejlig fresh, smukt tænkt at putte ristede hasselnødder ovenpå, det blev næsten helt kødeligt. Passede rigtig godt til kål-retten, hvor vi dog ønskede os lidt mere muslingeblanquette, men det er måske bare sådan nogle sovsesvin som os, der tænker på det. <br><br>Lige for at slutte aftenen af kørte vi en osteservering, der ærligt ikke smagte af noget. Øv. Hyben/havtorn (? I guess?) marmeladen til gengæld, den var sygt god. <br><br>H15 er delt op i en restaurant/cafeteria del med åbent køkken og små borde, og så har de et større lokale med langborde og bar. Og det fungerer ret godt på den måde, så er de store selskaber skilt fra alle stævnemøderne, det er vist godt for alle parter. <br><br>Toiletterne er i kælderen, og der må have været gået hul på et eller andet, for der stank af fisk, (og andre ting der lugter af fisk 😬) dernede. Dén del af stedet ligner også mere noget fra drone (RIP) end en hip v bro restaurant. <br><br>🥗 7/10 på mad, de ka sgu godt finde ud af deres grøntsager, der skal arbejdes lidt på osten. Kommer igen<br>💃 8/10 Rigtig sød og casual betjening, står fint mål med prisniveauet.   https://www.instagram.com/p/CXBq9bEsClH/?utm_source=ig_web_copy_link]]></description>
      <styleUrl>#icon-1899-9C27B0</styleUrl>
      <Point>
        <coordinates>
          12.5598525,55.6697875,0
        </coordinates>
      </Point>
    </Placemark>
    <Placemark>
      <name>CIRCOLO</name>
      <description><![CDATA[Boungiorno, vi fortsætter i det italienske fordi business is boomin for støvlelandet, det københavnske folk har åbenbart en grænseløs appetit for antipasto og pasta i alle afskygninger🇮🇹<br><br>Circolo - nyeste skud på stammen af Philip Skovgaard’s italiano på vesterbro gruppe (tæller i forvejen, Bevi Bevi, Mangia og Bar la Una hvor vi har været en del gange efterhånden) ligger på gl. kongevej lige overfor vinsupernaturel og gemte bag de smukkeste gule gardiner. får lidt hemmelig klub stemning når man speeder forbi på cyklen, så vi inviterede hinanden ud på middag igen igen for at se hvad skete bag draperingerne. <br><br>Første indtryk - dejlig akustik, brune gulvtæpper overalt og hvid dug. Rummet virker kvadratisk, mange borde i midten af rummet. Behagelig belysning og køkkenet er åbent i den ene side. Du kan sidde i baren. Larmer lidt fra køkkenet men det siger jo sig selv.<br><br>Tog lige nogle drinkss at starte på. Glemmer hver gang hvor hårdt en negroni slår, lærer det åbenbart aldrig men godt smager det.<br><br>A la carte as usual, startede med antipasto og fik en lille snack fra køkkenet hvilket vi har glemt hvad var. Circolo er toscansk køkken hvilket betyder ret kødtungt - vær obs hvis du slæber en vegetar med ind at tjekke menukortet i forvejen? 🥩<br>Dejlige pølser, skinke, friteret brød (❤️), crostini med kyllingelever.<br>Kørte en bønne i svinefedt on the side, hvilket vel ikke gør det til en (v) ret som der stod på menuen..? øh<br><br>Videre til fiskesuppen med dyb tomat bisque smag og en ordentlig skålfuld skaldyr. meget gavmild portion til den pris!<br><br>Ingen middag uden pasta, vildt (dådyr?) med masser af rosmarin. meget bred pappardelle så vi lige skulle have kniven frem man smagte som den skulle<br><br>Kørte lige en vin mere. Glemte billeder af etiketter up, få den evt hældt op i en karaffel. <br><br>Sluttede af med affogato med hj lavet is (kæmpe vibe den er moderne igen) og hjertestop i form at choko is med choko kage. <br><br>så kapitulerede vi og tog hjem (videre)<br><br>🍴8/10 god råvarer, simpel mad i den tungere ende. God vin og drinks<br>🖼 7/10 de gule farver, mørke spejle i hver ende af rummet, og gulvtæppe gør circolo hyggeligt og mere afdæmpet<br>💸645 for maden hvilket var meget fair.   https://www.instagram.com/p/CXLvfIfMRsF/?utm_source=ig_web_copy_link]]></description>
      <styleUrl>#icon-1899-9C27B0</styleUrl>
      <Point>
        <coordinates>
          12.551785,55.6742547,0
        </coordinates>
      </Point>
    </Placemark>
    <Placemark>
      <name>Orangeriet</name>
      <description><![CDATA[Var lidt sent ude på frokostbookingen sidste weekend (rookie mistake we know), men fik på magisk vis sneget os ind til en frokost på orangeriet i kongens have + 1 ekstra pige. Vi har været her før til en sommerfrokost hvor den ene havde spist lidt for mange funny brownies og den anden var døden nær af tømmermænd, så måske bedst lige at prøve den igen med relativ normal kap hjerneceller.<br><br>Sindssygt hyggeligt orangeri (ligger vel i navnet), lidt fin men ikke fancy stemning, hvide duge og træer. Og det fineste julepynt! og så dejligt at sidde i et lyst rum nu vi alle er ved at gå ned med vinterdepression.<br><br>De kører en tre retters frokost menu med varm mad, men da det jo er dec tog vi a la carte smørrebrød i stedet alle til 110kr stykket ca.<br>Fint paneret rødspættefilet med hhv remo (lækker) og reje/citron mayo med eddike sne på. Hvor julet haha.<br>Hæderlig karrysild, lidt til den lette side men gode æbler. Meget smukke madder må man sige, alt var meget æstetisk dejligt.<br>Derefter roastbeef m ristet løg, kunne måske godt have brugt lidt mere peberrod? en fin lidt grov leverpostej, altså de stacker jo virkelig madderne flot på man sige. <br>Sluttede af med en ribbensteg with a twist of estragonmayo og en trist flæskesvær - så undersaltede sorry men det var sgu spild af kalorier. Smagte ok men ikke så juleagtigt som vi måske håbede på.<br><br>Superlækker risalamande med kirsebærsovs og optur at riste mandelsplinterne, det løftede lige retten. Godt trick til hjemmekøkkenet. <br>Til allersidst en tarte tatin med sveske iscreme shiiiiit den var god 😍 Mere sne, denne gang af kanel. Den der is var måske vinderen på frokost.<br><br>Fik en hel kande kaffe, KÆMPE vibe. Elsker kaffe og fantastisk man bare kunne gå amok så man ikke gik helt kold af snapsen.<br><br>Serveringen var venlig men vi ventede ALT for længe. Sorry, det tog virkelig sin tid og blev ret irriterende.<br><br>Alle madderne var meget små, en del under gennemsnittet så vær forberedt på tre madder hver - og så bliver de jo også lige det dyrere (især fordi de kommer så langsomt at man får drukket en masse i ventetiden)<br><br>🍴7/10 gode madder, lidt små dog. godt alternativt til “traditionelt” smørrebrød<br>💸Ca 1450 I alt for tre inkl drikkevarer.   https://www.instagram.com/p/CXRAsY5MCN-/?utm_source=ig_web_copy_link]]></description>
      <styleUrl>#icon-1899-9C27B0</styleUrl>
      <Point>
        <coordinates>
          12.5820334,55.6846378,0
        </coordinates>
      </Point>
    </Placemark>
    <Placemark>
      <name>Esmée</name>
      <description><![CDATA[Vi har været på @esmee_cph ✨ and what a night. Ville ønske vi ku bringe hele anmeldelsen men den er for lang til IG. Hvis man vil ka man læse the full version inde hos @frihedsbrevet tror nok der er 14 dage for free i starten eller noget i den dur. <br><br>Fik pre dinner drinks, gourgeres, iberico på brioche, ceviche, Beder, poussin og self den berømte softice. #blessed og #impressed <br><br>Har lige for mange tømmermænd til at redigere teksten så i får altså bare karaktererne, ses<br>…….<br><br>🍦9/10 på maden. Det var fandeme flot.<br><br>💃10/10 på fancyness og luksuriøs stemning. Altså der er fuld af flex. Og vi har ikke engang snakket om den vinkælder, man skal igennem for at komme ud på toilettet, are you serious?<br><br>💪10/10 på service. Det var et niveau, der var far above pris, faktisk. Et level som var så hands on, som man virkelig sjældent møder i KBH. Vi blev aldrig efterladt til os selv, men uden at det på noget tidspunkt blev anmassende. Måske var det derfor, at vi også lige rettede ryggen en ekstra gang og takkede hinanden for den der “REMEMBER TO BABE UP”-sms-korrespondance, vi havde haft tidligere.<br><br>Pris: 1.885 bobs for to. 💸<br><br>The hype is fucking real. Vi stoler en lille smule mere på vores fellow instagrammers nu, og vi spår Esmée en god og lang fremtid på den københavnske madscene.<br><br>PS. Der er spejl i loftet på alle toiletterne. Vi gad godt være fluen på væggen når man som tipsy drunk fyr både skal beundre sig selv oppefra og styre strålen. A dangerous game to play.    https://www.instagram.com/p/CXWIsqtMQp7/?utm_source=ig_web_copy_link]]></description>
      <styleUrl>#icon-1899-9C27B0</styleUrl>
      <Point>
        <coordinates>
          12.5864357,55.6813628,0
        </coordinates>
      </Point>
    </Placemark>
    <Placemark>
      <name>Restaurant Bazaar København</name>
      <description><![CDATA[Kulden bider så vi tog forbi mellemøsten aka madklubbens svar på det mauriske køkken, nemlig @bazaarcph på dronningens tværgade. En kæmpestor restaurant m halv-åbent køkken bagerst. Faktisk virkelig god belysning derinde, der er dunkelt men ik for mørkt - sådan en lyssætning der både kan gå til first date (hvor man ik må ku se når der spildes) og pre dancefloor. Sygt sindssygt dårlig playliste de kører med, sådan kopi-ukendte partysange vibe, men der er heldigvis ik skruet så højt op. <br><br>Det er sjældent vi rammer en madklubben restaurant. Har haft for mange dårlige oplevelser i tidernes løb MEN vi er sgu glade for vi tog os sammen og gav den her en chance. To be real har vi nok været lidt snobbish og sådan det-er-vist-ik-lige-noget-for-os. Shame on us!<br><br>Fladbrød, hård udenpå og thøger dixgaard blød indeni, ligesom det skal være, vidunderlig luftig smooth humus med kæmpe spark på chilien, watch out. Halloumi fries med chili mayo, der var lidt whatever, men fries godkendt! Falaflerne var lavet med edamame bønner, de var lidt tørre, men labneh under hjalp på det. Fik også to dips, en korianderpesto (zhug) rigtig god, viste ik pesto kunne klare sig uden parmesan, og en SERIØST AMAZING kebabsovs, som de ik vil afsløre i ingredienser i, men den var røget og sååå lækker især til fladbrødet. Der var i hvert fald ik kød i, det tjekkede vi fordi vi gik all in på vege den dag. Derfor rødbeder med feta, altid god kombi, og jordskokker med jordskokkepure og brændt hvidløg - og ja, det var måske lige lovlig meget jordskok på én tallerken, der havde vi nok fyret en anden smag ind i ligningen. <br><br>Den ene pige tog en Grape juice mocktail, kæmpe vinder, wow helt freshly squeezed vibe. elsker de gør noget ud af de zero drinks. Den anden fik et glas orangevin, som var lidt so-so, ik rigtig noget at skrive hjem om. <br><br>🧆7/10 et value for money sted! Det smager og priserne er til at overskue. <br>🕯7/10 på viben, de har styr på lys, men altså det bliver aldrig ligeså hygge som at sidde og føle sig vigtig på et af 30kvm stederne, her er til gengæld plads til at boltre sig i store selskaber. <br>💸625 i alt, det er sgu i orden synes vi - også selvom vi fik way less booze than usual.   https://www.instagram.com/p/CXdye0_Mfd_/?utm_source=ig_web_copy_link]]></description>
      <styleUrl>#icon-1899-9C27B0</styleUrl>
      <Point>
        <coordinates>
          12.5862219,55.6837772,0
        </coordinates>
      </Point>
    </Placemark>
    <Placemark>
      <name>Bento Copenhagen</name>
      <description><![CDATA[Vi har for lang tid siden været forbi Tokyo, måske Københavns mest autentiske og ikke smart i en fart japanske spisested. Ville vove at sige at @bentocopenhagen på Helgolandsgade er i samme boldgade og vi hoppede forbi til en hurtig weeknight Dinner på den meget lokale izakaya ❤️<br><br>Glemte at tage billeder af interiøret, men det ligner en meget hyggelig stue med borde bænkesæt, japanske lamper store malerier på væggene. Meget afslappet og hverdagsagtig hul i væggen spisested når man ikke lige magter madlavning men eller ikke vil slumme på sofaen allerede direkte fra kontoret. <br><br>Det er et gammelt familieejet sted hvor du primært bestiller bestiller menuer - dvs et hovedelement flankeret af ris, miso suppe, kartoffelsalat, salat og pickles. Og så en lille skål frugt til dessert. <br>Den ene pige havde brug for friture så vi hoppede på en omgang Tempura reje som var super fresh crispy, frisk olie, direkte fra tøsen. Instant crowdpleaser. <br>Den anden tog gyoza m kylling som også var helt hæderlig. <br><br>Så sad vi bare to piger i ly for regnvejret og spiste vores comfort Food en tilfældig onsdag aften. Nogengange er det dejligt bare at sidde et lidt uprætentiøst sted og vende verdenssituationen og de rammer leverer bento helt klart😘<br><br>🥢7/10 ikke specielt, oplevelsen kan sgu godt være lidt svingende men har også hørt rigtig godt om deres sashimi og tonkatsu (schnitzel stil m gris) men et mad kram efter en lang dag. Miso suppen var rigtig god<br>💸 200kr for en menu hvor du får hele tallerknen på billedet. Du har ikke brug for mere. Vi drak bare te, men du kan også få bajere og drinks. Og billigt er det fandme! Vi kommer igen når vi har brug for en sludder og lidt comfort Food. Du kan også få sides/snacks hvis du er mere til øl end middag.  https://www.instagram.com/p/CXiz5MpsfWJ/?utm_source=ig_web_copy_link]]></description>
      <styleUrl>#icon-1899-9C27B0</styleUrl>
      <Point>
        <coordinates>
          12.5613765,55.6713136,0
        </coordinates>
      </Point>
    </Placemark>
    <Placemark>
      <name>Casamadre</name>
      <description><![CDATA[Der er kommet en ny italiener på Tagensvej!Og vi har self spist der: @casamadrerestaurant <br><br>Det første vi lagde mærke til var alle semikendisserne derinde (kæmpe in-the-know-vibe, bliver 100 Nørrebros mangia) og så deres sygt sindssygt dårlige belysning. Udover akustikplader der til forveksling ligner bunden af Ikea-senge, så er loftet fyldt med matterede glaslamper, der giver et meget skarpt oplyst rum. Ikke særlig hygge, vil gerne be om mørke og lidt mere spotlight på tallerkenerne, tak! Ka heldigvis nemt fixes. <br><br>Startede med en flaske natur rød og to store, tykke arancini-balls, smukt farvet af safran indeni. Efter den ene piges smag kunne de godt have brugt lidt mere grease, men vi er ret sikre på, at det er autentico-stilen. Den anden var bare ked af, at der ikke var flere. Spiste også rub og stub af charcuteri m fried carbs (ELSKER) hvor især mortadellaen sidder fast i hukommelsen. Stracciatella, helt perfekt, men wierd at servere med smagsløse off season tomater og chiliolie der ikke smagte af noget. <br><br>Pige 1 fik en traditionel siciliansk julepølse med linser, bondemad med KÆMPE smag, den skal i alle sammen prøve. 2 fik tagliatelle m lys salciccia ragu - tbh ku ik blive enige om hvem der havde den bedste tallerken? No plate envy, det er det bedste✨<br><br>Havde ik lyst til at tage hjem, så bestilte en panna cotta m kaffekaramel, lækker alternativ version, rigtig god. Den anden tog en tiramisu der GISP ik havde nogen sprutsmag. Troede fandme lige det var omikron red flag - men blev forsikret fra køkkenet om at deres opskrift var uden amaretto. Pyha. Vi ku dog godt lige have brugt det ekstra sprutspark. <br><br>Så bestilte vi da bare drinks, there u go 😁<br><br>🍝8/10 TAK for en fab aften, kommer igen især til flere højtidsretter! <br>🥰8/10 på service. Følte os godt behandlet og der var ik stress selvom de kun lige havde åbnet. <br>🕯5/10 på selve rummet - der skal lige fixes lidt, synes vi. <br><br>💸1.535 kr i alt – hovedretterne ligger til 140-170 kroner. På kvitteringen lød “diverse”-posten på 765 kroner. LOL, det må være vinflasken og de fire (?) drinks, vi endte med at køre ned. We’ll never know. <br><br>(Ps det her er den lidt kortere udgave af den fra @frihedsbrevet 😇).   https://www.instagram.com/p/CXoVWFlMiO9/?utm_source=ig_web_copy_link]]></description>
      <styleUrl>#icon-1899-9C27B0</styleUrl>
      <Point>
        <coordinates>
          12.5510772,55.7012312,0
        </coordinates>
      </Point>
    </Placemark>
    <Placemark>
      <name>Peder Oxe2</name>
      <description><![CDATA[kan jo ikke tage til en ny restaurantåbning hver dag, så forleden hoppede vi i den helt anden grøft og tog forbi @restaurantpederoxe på gråbrødrenetorv.<br>Den ene piges far har flere gange fortalt om de unge dage i firserne hvor det var stedet at tage en pige på fancy dinner, og at der i kælderen lå en bar der forbandt oxen (fin) med bøf og ost (mindre fin) i en stor brandert. Så vi inviterede hinanden på fancy dinner, parental style. <br><br>Første indtryk - sindssygt fine stuer, et enormt spisested. Meget 1950’er skandinavisk stilen. Lamperne over bordet har knapper man kunne trykke i gamle dage og en tjener som løbe efter service, præcis som på flyvere. Ret sjovt, virker også ret irri som ansat.<br><br>Startede med en vildt tartar med sauté+sylt svampe og brombær klatter. VILDT lækkert (ha ha), kæmpe efterårs jagt stemning med brombær.<br><br>Den anden en hummerbisque som var decideret kold :( ingen varm tallerken og havde med garanti stået lidt for længe og ventet på pick up. Sad<br><br>Til sidst hoppede vi på en löjrom med creme fraiche og løg og smørstegt brød <3 <3 elsker og kunne simpelthen ikke lade være nu det var på kortet. Ved ikke om brødet måske skulle have været til en af de andre ting, men passede super til rognen. Følte os meget fancy.<br><br>Derefter ribeye som igen var lidt lunken? Kold tallerknen. i vores mening skal steaks flyve direkte til bordet? smagte helt fint men ikke mere mindblowing end så mange andre steaks. fin sauce. Pomfritterne var gode, glemte billede men ligner alm tyk pommes. <br><br>Den anden fik årets med længder tørreste juleand der var så overtilberedt at selv sovsen ikke kunne redde den. fik æble m gele, kartofler og rødkål til. Kunne godt have brugt en skål taffel chips lol<br><br>Fin risalamande, kunne ikke rigtig se nogen vaniljekorn dog? Whats up with that. <br><br>🍴6/10 vi synes sgu ikke den sad i skabet, for kolde serveringer/tallerkner og knastør and til jul er lidt trist. Det ligner meget at det klientel der kommer er stamkunder, og der er virkelig hyggeligt derinde men vi var ikke helt hooked. Tartaren var aftenens vinder<br>💸Lige over 1000kr i alt for maden<br>🔥Til gengæld har de et ILDSTED!?!? Og det er nok byens største jagtstue flex vi har set indtil videre.   https://www.instagram.com/p/CXtSpROMY-H/?utm_source=ig_web_copy_link]]></description>
      <styleUrl>#icon-1899-673AB7</styleUrl>
      <Point>
        <coordinates>
          12.5760476,55.6797001,0
        </coordinates>
      </Point>
    </Placemark>
    <Placemark>
      <name>The Union Kitchen</name>
      <description><![CDATA[Ready for some burgerrrs?? For nogle uger siden restituerede vi på @theunionkitchen<br><br>Som de champions vi er lagde vi self ud med en bloody mary. Elsker man får et lille stykke snack bacon i også. Den er god og let og fik os lige i gang efter en seriøst hård julefrokost dagen før. Med en OK kaffe var vi nogenlunde klar igen. Fik også et pisse godt og MEGA stærkt ingefærshot, se pic ved siden af kaffe. Men det er IKKE blandet op med andre ting, så er I advaret 🔥🔥🔥<br><br>Altså deres tømmermandsburger er virkelig god. Elsker den chilimayo og deres trøffel fritter er helt perfekte.<br>Breakfast burrito også godkendt men lidt lille, bestil fries on the side. <br><br>Det er dyrt. Det er det. Måske også lidt for dyrt. 169 for burger inkl fries, 130 for burrito… 75 fucking kroner for ekstra trøffel fries. Men vi kan godt lide union kitchen først på måneden, og når vi er i det der tømmermandshumør så kigger vi ærligt ikke så meget på priserne.<br><br>Crashede fuldstændig post burger men sad heldigvis i en sofa vi kunne falde helt ned i, which we did. Union er sådan et sted hvor vi seriøst aldrig møder nogen vi kender, og alle der nogensinde har prøvet at spise tømseburgere ude ved at det har kæmpe værdi - hvem gider rende ind i alle sine venner når man sidder der med marianergrave under øjnene og aftryk fra diverse klubstempler på kinderne. Nej tak. Så er union godt. <br>De kører faktisk også en ok party playsite derinde, tænk stone roses og new order, ikke hvad vi havde forventet, men den er skruet tilpas langt ned på styrken, så man ka sidde og rocke lidt med, og mindes sine for sure epic moves fra natten inden. <br><br>7/10 🍔 Smager fandme godt, men er fandme også dyrt, det trækker lidt ned. Kan ik forstå hvorfor, for det er hverken øko eller lokalproduceret, makes no sense. <br><br>Ps alle tjenerne er really cute derinde, ærgerligt vi altid kommer helt slum 🙄🙄.   https://www.instagram.com/p/CXyagbzsEgj/?utm_source=ig_web_copy_link]]></description>
      <styleUrl>#icon-1899-9C27B0</styleUrl>
      <Point>
        <coordinates>
          12.5891225,55.6812673,0
        </coordinates>
      </Point>
    </Placemark>
    <Placemark>
      <name>Polly 3</name>
      <description><![CDATA[Sidste gang vi besøgte @restaurantpollycph på Frederiksberg var vi tre stive piger der kom direkte fra fredagsbaren, hvilket betød en noget bedugget anmeldelse. Det betød ikke, at vi ikke kunne lide mad OG VIN, tværtimod og vi var også ret vilde med stemning og indretning. Det har ikke ændret sig sidenhen og most recently prøvede vi kræfter med deres morgen/brunch kort.<br><br>Skulle lige prøve lidt af det hele, og gik først ombord i avokado toasten. Tyk tyk smørstegt skive, lækker med smørost i bunden, græskarkerner og små stykker syltede grønne tomater on top. Rigtig god. Den anden sultne pige gik med en yoghurt med granola - uh det var ikke meget yoghurt der lå under den massive mængde hårdbagte chia, kerner, koksflager og forskelligt andet frø stuff, der alt sammen smagte lidt brændt i det. Der var rigeligt med honning på, og vi kunne egentlig godt lide blåbær og mynteblade flexet, men det var lidt som at spise brændte rester fra en pande sprinklet med flydende sukker? Den blev ikke spist op. <br><br>Den tredje sultne pige, som vi igen havde taget med, kørte en røræg med chorizopølser og ristet rugbrød, og det var weekendens vinder, hold nu kæft de er gode til deres æg derinde! De har sikkert puttet smør i, det falder vi jo pladask for, men altså det var som at synke ned i lige præcis den morgenmads pude vi havde brug for. Blød, comfy, fabulous! <br><br>Bestilte brød og ost on the side, og her fik vi 3 skiver surdejs (som var ret traditionelt frnaksbrøds artigt dog, men det har vi ik noget i mod) for 25 kroner, which is fine, men 3 utroligt tynde skiver ost, virker sgu lidt skrabet. Se lige ratioen på den Lil ostemad? haha. <br><br>Til allersidst kunne vi self ikke undgå lige at prøve deres French toast med vanilleis og in the spirit of Christmas KIRSEBÆR - og den var også virkelig god. Men virkelig sød, en klar deler, ellers kommer man ikke igennem. <br><br>Kaffe, appelsinjuice og grøn juice er aaalt sammen godkendt. Juicerne især, de koster 45 kroner, fair. Kaffekopperne kunne godt være lidt større, men det er vist i småtingsafdelingen. <br>Regn med ca 100-120 kroner for retterne (for du bestiller ik yoghurten) og så drikkevarer oveni. <br><br>🍳8/10 eggie breakkie almost perfekkie.   https://www.instagram.com/p/CX__-JUM0mF/?utm_source=ig_web_copy_link]]></description>
      <styleUrl>#icon-1899-1A237E</styleUrl>
      <Point>
        <coordinates>
          12.5461457,55.6754853,0
        </coordinates>
      </Point>
    </Placemark>
    <Placemark>
      <name>kōnā</name>
      <description><![CDATA[Nå venner vi var forbi @konawrkshp på toppen af carlsbergbyen - en cykeltur der slår dig ihjel, be prepared - for at smage på deres Japan inspo izakaya menu. Tog en tredje sulten pige med der er x-Japan resident aka ekspert smagsløg. <br><br>Først torsk i en verjus ponzu, ceviche style. Der manglede lidt rundhed i fisken, og den forsvandt lidt i saucen. Derefter tataki med kalvekød, sliced up baby cow, traditionelt lynstegt, så den er tilberedt yderst og rå i midten med sesam og en shiso/lime-dressing. Det gør lidt ondt at sige, da der garanteret har været kærlighed i den, men lidt ligesom torsken virkede retten meget mild, og den havde måske ikke helt den wauw-effekt, vi sad og håbede på.<br><br>Never mind, vi fik nogle bajere og fortsatte videre til deres sandos, som de vist er Insta-famous for i øjeblikket. To variationer – en svin og en svamp – begge med kål og tonkatsu-sovs, som de to sultne piger begge frådede i sig, mens den tredje (eksperten!) var lidt tilbageholdende. And she was right. Den efterlod os med en underlig eddikesmag i munden? Måske de har været lidt for rundhåndede med den skarpe væske i kålblandingerne?<br><br>Next up var en rigtig grim, uskøn grøn karry med pickles og ekstremt klistrede ris. Ledte tankerne hen på risengrød med indianergryde, og selvom den faktisk duftede helt amazing, var den ikke noget, vi ville karakterisere som appetitligt, sorry. Vi smagte, og eksperten sagde at var den værste japanske karryret, hun nogensinde havde smagt. Burrrrn. Vi to var heller ikke vilde med den. <br><br>I izakaya delen af Kona bestiller man via en app, så bestilte fluks flere fadøl og et par retter mere at slutte af på.<br><br>Shrooms og fried chicks afsluttede vores middag. Svampene var helt kolde og smagte mest af køleskab, men kyllingen var sygt god, virkelig lækre crispy bites. <br><br>🥪6/10 på maden. Flere retter smagte fint, og så var der retter, vi ikke brød os om. Vi kunne se og smage, at der bliver brugt friske gode råvarer, og dét giver point! <br>👾7/10 for QR kode bestilling. Smart og hurtigt men lidt for upersonligt. <br>🎶10/10 for playlisten. Var 1:1 vores shotsplayliste som vi har brugt ÅR på at udvikle<br><br>(Det her er short version af den fra @frihedsbrevet) 😇😇.   https://www.instagram.com/p/CYG-jeMs9t7/?utm_source=ig_web_copy_link]]></description>
      <styleUrl>#icon-1899-9C27B0</styleUrl>
      <Point>
        <coordinates>
          12.5320482,55.6679438,0
        </coordinates>
      </Point>
    </Placemark>
    <Placemark>
      <name>Al-Diwan</name>
      <description><![CDATA[En klassiker på vesterbrogade vi utroligt nok aldrig har været på. Har længe været på jagt efter byens bedste indiske og er blevet tippet af al diwan leverer på sine gode dage noget bundsolidt mad (men åbenbart lidt svingende hvor godt køkkenet præsterer). <br><br>Startede med to helt fine kartoffel samosa, fish pakoora og paneer pakora. Dertil en banging grøn chili chutney og en tynd version af raita og en tamarind/daddel dressing.<br><br>Forretterne var i og for sig fine nok, i hindsight var det måske lige lovligt meget friture hvilket gjorde at alting smagte lidt ens og at vi blev ret trætte til start.<br>Sammen med det fik vi også en raita med en masse grøntsager heriblandt kartoffel hvilket var lidt funky (da det normalt så hedder en aloo raita og klart er mere kartoffelsalat)<br><br>Nå moving on til the main event og når til en lil lammelover som os skal vi selvfølgelig have det <3 vi hoppede på deres jalfrezi house special tilberedt med ingefær, grøn peber og æg. Sounds weird but works.<br><br>Servicen var simpelthen så sød og imødekommende, men da de spurgte hvilket slags spice niveau vi kunne tænke os og vi begge sagde at vi var klar på lidt chili tæsk var det desværre ret skuffende at få en lidt whatever (på heat fronten) hovedret serveret. Krydderierne var lækre og afstemte men vi havde måske håbet på lidt mere.<br><br>Nr 2 hoppede på en helt standard okse aloo (kartoffel) tomatkurry. Den var fin, men ligesom lammet havde vi håbet på mere styrke :(<br><br>Tog 1x ris, 1x garlic naan til hovedretterne som skulle bestilles seperat (hvilket også var lidt hmm, plejer det ikke at være inkluderet?)<br><br>🍴6/10 Uenighed på madfronten, den ene synes der manglede smag overall, den anden har vist bare accepteret at der åbenbart ikke findes en mindblowing indisk af hvad vi har fundet endnu. Tre forretter er ALT for meget.<br>💸 For mad var det omkring 600kr i alt<br><br>Måske er vi kommet på en lidt kedelig dag? Who knows. Vi er ihvertfald klar på at give en skud til, for servicen var super søde og det var bundhyggelig comfort food.   https://www.instagram.com/p/CYRa1KmsLIq/?utm_source=ig_web_copy_link]]></description>
      <styleUrl>#icon-1899-9C27B0</styleUrl>
      <Point>
        <coordinates>
          12.548064,55.672313,0
        </coordinates>
      </Point>
    </Placemark>
    <Placemark>
      <name>Istanbul Chicken</name>
      <description><![CDATA[Fandt ud af at KFC buckets er en juletradition i japan, så inspireret af det greb vi straks chancen for lidt chicky chicky fry fry og tog på fried chicken pusher-kongen i Nordvest: Istanbul Fried Chicken på Frederiksborgvej til en lil pige julemiddag.<br><br>Allerede udenfor bliver man helt glad inde i julehjertet, for de har sat den store rotisserigrill helt ud til facadevinduet - en kæmpe kyllingekamin, sikke en velkomst! Indenfor buldrer tyrkisk musik fra 60-70’erne ud af højtalerne, og vi placerede os som altid i en booth, så vi kunne lægge os lidt ned, hvis vi (igen) skulle komme til at overspise. Weird med bamse ved bordet?<br><br>Kørte den mindste menu med broasted, hot wings, chicken strips, pommes og ris + hvidløgsdip og chilimayo. <br>Liiiidt tørre strips, men med dress slugte vi det hele. Super gode wings, ikke så hot men juicy og fresh og med ret meget kød på. Enorme stykker broasted. De må have været fuldstændig frisklavede for dampen fossede ud da vi knækkede dem midt over, det var helt vildt.<br><br>Glem alt om gafler, de har også kun de der virkelig tynde hvide plastikversioner, som vi egentlig troede var blevet forbudt, men who cares, for dette skal spises med fingrene. Fingerrrrrlickin gooood som man siger i freedom country og sikkert også Japan juleaften.<br><br>🐔7/10 for chicks. Tørhed af strips trækker ned, juiciness på broast trækker op. Tror det er et sted du kan ramme på bedre eller dårligere tidspunkter - klokken 13ish søndag virkede som et god ankomsttidspunkt.<br>🍟6/10 for dips, pommes og ris, fint nok. <br>💸179 for det hele. De kyllinger har nok ikke haft det alt for godt, så det kan man jo lige overveje, før man gør sin entre.    https://www.instagram.com/p/CYZSXuJMHSo/?utm_source=ig_web_copy_link]]></description>
      <styleUrl>#icon-1899-9C27B0</styleUrl>
      <Point>
        <coordinates>
          12.5335705,55.7026742,0
        </coordinates>
      </Point>
    </Placemark>
    <Placemark>
      <name><![CDATA[Sol&Luna]]></name>
      <description><![CDATA[Vi har været på (semi)nyligt åbnede Sol & Luna på Frederiksberg, det nyeste skud på stammen fra folkene bag Frank og Polly.<br><br>Halvmørk/romance belysning, perfekt rum til en date for vi ser super babe ud endda i januar! And that’s a vibe if we ever saw one. Meget smukt <3 <br><br>For en gangs skyld kører vi menu (+ tilhørende vinmenu of course så det skal nok gå galt), 1x Alm 1x uden kød.<br><br>Første runde var baccala med paprika som du skal spise med det helt vidunderlige brød, paprikaen giver det lige en edge så det ikke bliver så fadt. VERY Nice. <br>Tag så bagefter en af de store ansjoser med chili i “meget dyr olivenolie” som er lidt på den syrlige side.<br>Aiolien er blød i smagen, måske lidt for blød? Bare brug den som smør på brødet og giv roligt din kæreste et smækkys bagefter, relativt ufarlig. <br>god kval mortadella of course. <br><br>Så fik vi mussles i escabeche m selleri og croutoner og derefter lange med fennikel, salsiccia og oliven. Vegetar versionen er lidt for mild, der mangler lidt pizzazz måske deepfried kapers evt.<br><br>Begynder at ramme mad muren ved pasta serveringen som var hhv tagliatelle med and pg gnocci med trøffelbjerg. Meget heftig på trøflen, umiddelbart ville vi være ok med 20% være trøfler. Normalt er vi glade for gnocci der kan spise i 1 mundfuld, denne var lidt til den store side. <br><br>Hasselnød is affogato med karamel/kaffe sirup hældt ud over isen. Bravissimo! Affogato er godtnok blevet moderne and we’re lovin it! <br>citronsorbet med hjemmelavet limoncello. Ret spruttet den der “sovs” selv efter 5 glas vin. <br><br>🍴8/10 bundsolidt sted, især fisken er sublimeee men ret meget mad. Vi blev ok fulde af vinmenuen, heads up og husk vand. Brødet smager fantastisk men styr dig for ellers går du kold halvvejs<br>💸425 for mad + 400 for vin pr person.    https://www.instagram.com/p/CYjFV46MTM7/?utm_source=ig_web_copy_link]]></description>
      <styleUrl>#icon-1899-9C27B0</styleUrl>
      <Point>
        <coordinates>
          12.5315415,55.6810978,0
        </coordinates>
      </Point>
    </Placemark>
    <Placemark>
      <name>Perron</name>
      <description><![CDATA[Kbh har jo for længe siden gudhjælpemig fået endnu et surdejsbageri nemlig @perroncph lidt ude på sidelinjen ved @banegaarden i Otto busses vej området. Et rigtig hyggeligt sted faktisk, der også huser @lade609cph som vi glæder os til en dag at besøge - men lige nu gælder det brødpusheren hvor vi fik en lille bolle, en lille birkes og deres clame to fame spandauer med skinke og bechamel. <br><br>Bollen var helt fresh outta the oven og ret lækker at tygge i, men ku have været fedt med ost der i det mindste dækkede fladen, synes vi. <br><br>First impression på de mere fedtede serveringer var et ikke hidtil set brug af smør i dejen HOLY SHIT det dryppede fra både spandauer og birkes. Nok er vi selvproklamerede små smørsvin, men det her tippede faktisk næsten over til at blive for meget. 😳😳<br><br>Spandaueren lignede ik rigtig den de selv tager billeder af, haha, sådan er det vel bare nowadays, men den smagte heldigvis dejligt. Ekstrem tung dog, bechamel skinke og ost oveni smørbjerget, tror vi svedte smør på resten af gåturen rundt i Sydhavnens lille hypespace. Havde det ærligt lidt stramt. <br><br>Thebirkes var denne morgenmads vinder - se lige hvor smuk den er? Den kommer vi tilbage efter. Vil også gerne prøve deres frokostretter! <br><br>🧈6/10 godt bagværk men vildt nok at opleve at det faktisk kan blive for smørret. Har hørt rrrigtig godt om deres brød, tip hermed givet videre. <br>🌲8/10 for viben, man føler jo man er i en skov (eller på Roskilde, der er lagt flis ud overalt) og kan kun forestille os ægte morgenchill når det bliver varmt nok til at sidde ude.    https://www.instagram.com/p/CYoKTxMsPg6/?utm_source=ig_web_copy_link]]></description>
      <styleUrl>#icon-1899-9C27B0</styleUrl>
      <Point>
        <coordinates>
          12.5439645,55.657849,0
        </coordinates>
      </Point>
    </Placemark>
    <Placemark>
      <name><![CDATA[Propaganda Kitchen & Wine]]></name>
      <description><![CDATA[Hvis du også savner nightlyfe så læs med her! Vi har spist/festet på @propagandacph <br><br>First of all MEGET bedre indretning end Spagettheria der lå der før - flottere, bedre lys, blødere og bedre akustik selvom den stadig er virkelig dårlig. Playliste spillede ren retro vibe i starten, var dog skruet ALT for højt op, ku dårligt snakke sammen. Amazing betjening, perf amount smalltalk, vi var i så gode hænder! Og alle er mega babe derinde<br><br>Pre-dinner drinks: godt med spark i og ik for søde + se lige hvor flotte!Bestilte bare alle retter på menukortet, virkede nemmest. <br><br>Mandu, der 4 sure bliver insta-clame to fame, for den lille dampede klump ligner et smukt mini kålhoved. Loved it. Galbi skåle m svampe og gris, her vandt grisen, men good thinking at putte korean bbq sovs (tror vi) i svampen, der lige gav et touch of smoke. Dernæst rå lille cute fiske-nori-taco med lidt spicy goma-ish dress on top, yes please. <br><br>Aftenens bedste servering kom i form af nogle helt orgasmic wings i en vulkanlignende spicy sovs. Instant regret over at ha taget hvid skjorte på, men tilsvarende instant joy over at se alle sultne piger blive til dyr ved spisebordet. Do not order on first date. Den brænder dejligt på læberne i lang tid efter, og vi anbefaler at tage ris on the side, så man ka få mest muligt ud af den guddommelige sovs. <br><br>Sidste main var en vitterligt kogende hot pot, der var meget mild, så måske smart nok efter kickychick, men også ret ligegyldig var vi enige om. Ku heller ik finde nogle krabbestykker i den. <br><br>Omtrent her playlisten begyndte at stikke i en helt forkert Franz Ferdinand aka folkeskole/gym/dengang-drengene-gik-i-skinny-jeans retning. Big fat no thanks. Måske de hørte vores brok, for omkring desserten gik vi over i Ved Siden Af decideret techno??Wtf men okay, sad og armdansede resten af aftenen, mens vi kørte smokey vodkashots ned og spiste æbledessert m jasminfløde: god kontrast i de to slags crunch, sprøde æbler og crumble i bunden. Fik lyst til at kysse kokken.<br><br>🥢9/10 foodgasm all over kun minus suppen<br>💸 10/10 value 4 money især pga ultrabillige og fab vine man i øvrigt også ka købe i deres bottleshop<br>💫8/10 babe-party vibe<br>Kommer 100 igen 💃💃.   https://www.instagram.com/p/CYtcWKcsHIU/?utm_source=ig_web_copy_link]]></description>
      <styleUrl>#icon-1899-9C27B0</styleUrl>
      <Point>
        <coordinates>
          12.5623449,55.6748649,0
        </coordinates>
      </Point>
    </Placemark>
    <Placemark>
      <name><![CDATA[Sokkelund Cafe & Brasserie]]></name>
      <description><![CDATA[Frederiksberg højborgen @sokkelund har ligget på smallegade siden 1994 hvor den alle dage har været en garant for eksamensfejrende CBSer (med fars dankort of course), kvinder der stadig føler mink er moderne, og generelt bare samling af alle de der stadig stemmer kons i det grønne åndehul omringet af kommunist københavnerne. <br><br>En hverdagsaften der kaldte på rødvin fik vi en plads i baren og skulle have deres famøse burgers. Stat!<br><br>Skal vi lige snakke om baren generelt? Det er jo den ultimative vibe. For det første kan du sidde ved siden af hinanden, og som om det ikke var nok har du first class adgang til bartenderen og der er en anden type uformalitet i de højere luftlag. Sokkes er en skarp contender til kbhs bedste spisebar.<br><br>Lidt ligesom i lufthavne betyder penge bare noget andet herinde fordi vi fik åbenbart en hjerneblødning og følte at 500kr var et super tilbud for snacks og burgers. Lol what, men vi startede ihverfald vidunderligt med nogle bangin’ saltmandler og vagtellår i en wonderful svampe creme ting. Cute lige at køre den mini med vagtel. Så hoppede vi på kroketter m okse, der var lidt nordafrikanske krydderier and we were lovin it. <br>Tun toppet med grønt m bagt citron og aioli, de har virkelig fattet at dåser stiger i graderne med grønt på toppen. Kuverbrødet ultra fluffy sunday roast style.<br><br>Videre til le burger uden sammenligning kbhs bedste bistro burger den er sublimeeee med onion ring, 2x ost, og meget mere. Men genistregen over dem alle er le french fries med BEARNAISE og en ekstra sauce som de siger er aioli men vi synes smagte mere a la big Mac sauce - and who doesn’t love that. Og så er der masser af den. Hvor er det det sygeste flex at servere en fuldfed bearnaise til en burger altså. Stående klapsalver her. Blev nødt til at knappe jeans op halvvejs så ved man det er godt.<br><br>For lige at prøve noget nyt gik pige 2 med en vege burger. Dårlig bestluning. Det var en ret kedelig rødbedebøf der var sygt brændt i kanterne. Øv. Fik self tilbudt en ny pronto, god service jo! Men næste gang springer vi den over. <br><br>🍔8/10 du ka roligt spise din næste kødmur derinde<br>🌱4/10 ik planteversionen<br>🐩10/10 konservativ stemning husk din mink.   https://www.instagram.com/p/CY1criNMOxQ/?utm_source=ig_web_copy_link]]></description>
      <styleUrl>#icon-1899-9C27B0</styleUrl>
      <Point>
        <coordinates>
          12.5260222,55.6793734,0
        </coordinates>
      </Point>
    </Placemark>
    <Placemark>
      <name>Pastis</name>
      <description><![CDATA[Det blir vist ik mere parisien end frokost på @restaurantpastis midt i ragnarokstrafikken på Gothersgade. Yo girls havde tømmermænd, fik heldigvis en plads udenfor og sku bare ha noget med ost, kød, friture, bearnaise og mere ost. Og cola. <br><br>Den ene pige sværger til bouillonbaserede tømmermændskure, så da vi spottede homestyle cooking comfort food-vinderen gratineret løgsuppe på hors d’ouevres menuen, hvinede vi af fryd. Som det sig jo hør og bør, er suppen begravet i et tykt lag gruyere og brød – så tykt, at vi skulle bruge den ene piges steak knife for at skære igennem les glucides. Ren lykke. <br><br>Sulten pige 1 skulle bare have STEAK FRITES please, og lav den ekstrarød tak. Pastis steger selvfølgelig til UG! Steaken blev serveret med le francais fries, desværre en petit peau slatne, men bearnaisen er to die for og dertil en lil’ side salat med en dressing, der var så perfekt afbalanceret, at den nærmest kunne drikkes rent.<br><br>Pige 2 gik med den franske oldtimer croque monsieur, som straks blev omdøbt til grilled cheesus, for er du gal en omgang guddommelig servering af drippy ost og kvali-skinke mellem det hvideste hvide brød i hele verden. #blessed<br><br>Pastis top prof og servicemindet på en måde, der vidner om, at det er den øvre middelklasse, der får deres franske fix derinde. Høftligt men distanceret. Lille minus på service at vi endte med næsten at ryge to smøger, før vi fik et askebæger, som vi også selv skulle be om. Meget ufransk, men det er nok i det minimale.<br><br>🥩9/10 på maden – vi kan fandme godt forstå, at folk bliver stamgæster, og at restauranten har så høj belægning. Seriøst, det ligner ikke, at de nogensinde har en stille dag.<br><br>🥰9/10 på service og vibe – kan man kalde det en slags everyday-fanciness? <br><br>Ekstra point for at have åbent om mandagen, minus-point for at det derfor er svært at få bord om mandagen.<br><br>💸721 kroner for dele-suppe, steak, croque og to colaer og en San Pellegrino (fint skal det være).<br><br>Vi elsker det sted og kommer tilbage til en 12-12’er sammen med mini-Charlottenlund smack in the middle of all-time-drukgaden🍷🍷💯💯🥩💃💃<br><br>Det her er btw short version af vores anmeldelse for @frihedsbrevet ❤️.   https://www.instagram.com/p/CY6hYpwMimy/?utm_source=ig_web_copy_link]]></description>
      <styleUrl>#icon-1899-9C27B0</styleUrl>
      <Point>
        <coordinates>
          12.582087,55.6824986,0
        </coordinates>
      </Point>
    </Placemark>
    <Placemark>
      <name>Restaurant JATAK</name>
      <description><![CDATA[@jatakcph er just åbnet og på rekordtid blevet überhyped. Tag jer ikke af den anti-flashy facade, inde bag bedroomgardinerne er en dejlig hule med en drøm af et åbent trækøkken, små date borde og bar-pladser til smalltalk med kokkene, mens sød souls strømmer ud af højtalerne. What a first impression!<br><br>Startede m friterede skorzonerødder og fermenteret chiliidyp, starten på menu (695,-) og alko-pairing (675 per pige). Køkkenet er kantonesisk inspireret men vin var alle mulige steder fra, og vores cute tjener var aussie <3 Kæmpe big ups til at fylde på når vi havde tømt vores glas, det ser man fandme ik tit på en by-the-glas-pairing. <br><br>milde wontons med muslinger og svampe i heavy broth m deep fried bread som bare er det nye og kæmpe lækkert. En ret maxet ud på minipieces af endive, helt tilpas bergamottesmag. Så tre forskellige serveringer af sandart m porre: tartar, sashimi og dampet. Med en hvidvin vi ku ta i drop! Vidunderlig surprise over hvordan man med 2 ingredienser kan lave 3 dishes.<br><br>Gris på 3 måder: pølse, tynde og tykke skiver. Amazing glace ovenpå, og vi havde en veggie girl der fik samme glace men på rødbeder, så god at alle piger skulle smage. on the side en bunke fuglefrø og en fræk kålsalat med VARM sovs på, loved it. Igen lærer de os lige hvordan man kan bruge kød/glace på forskellige vis. <br><br>Pumkin is dessert, både crisp, sur, spicy, salty, alting og klar contender til årets dessert! smagte så godt at vi glemte pic, sorry! ind og prøv den selv alle sammen! Dessert 2 var det der nok bliver clame 2 fame eggtart med svinefedt-dej og sort the glace. wow se lige den bounce! <br><br>Vi er helt oppe at ringe her. Jatak præsenterede alt muligt vi aldrig har prøvet før, men det var stadig simpelt lækkert fresh og med øje for at bruge råvarerne så fornuftigt som muligt. <br><br>❤️‍🔥10/10 på mad, gal en vinder, dejligste madoplevelse i lang tid<br>🪑9/10 på rummet, der er SKØNT, men ret småt, og når det oser i køkkenet bliver de nødt til at lufte ud stipples style. Vi lugtede af mad efter, men det var totally worth it. <br>💎10/10 service, jaaaaataaaaaaaak<br><br>Ville ik blive overraskede hvis de fik en stjerne næste år OKAY vi melder den, det bliver en anmelderdarling.    https://www.instagram.com/p/CY_RFYGs2Tj/?utm_source=ig_web_copy_link]]></description>
      <styleUrl>#icon-1899-9C27B0</styleUrl>
      <Point>
        <coordinates>
          12.5479293,55.6870692,0
        </coordinates>
      </Point>
    </Placemark>
    <Placemark>
      <name><![CDATA[Bar'Vin]]></name>
      <description><![CDATA[Hvor går man hen, hvis man har lyst til at hygge sig med en flaske god rød og lidt snackemad? @barvincph er et godt bud. Vi har været der mange gange, men aldrig med hinanden, fandt heldigvis en anledning og hev et par andre sultne chicks under armen til en tur i rødvinsfælden. <br><br>Gal det er et hyggeligt rum, men også helt utroligt “voksent” hvis vi ka skrive det uden at lyde for barnlige. Det er klart et 30+ sted, ikke fordi der så kun sidder parforhold på pjækkehyggedag fra børnene, men der er roligt og dunkelt og seriøst fyret op for vinstemningen: vin på væggene, paneler af vinkasser og akustikplader af korkpropper. BÆL blev der sagt, and we did. <br><br>Sad dog og kukkelurede i godt en halv time inden vi fik lov til at bestille. ret dårlig stil, for man har kun bordet i 2 timer, måske tjeneren havde en skidt dag. Vi har både prøvet deres private selskabslokale og bar-middag, her har ik været nogen slinger i valsen. Baren især, kæmpe vinder. Genialt til dates fx<br><br>Bestilte alt godt fra snack og forret menuen, der var ik rigtig nogle af os der var i humør til hovedretterne. Småbitte padrons med tomatillo, friterede sardiner med mayo og et lil stk garrotxa, der er en hård gedeost der smelter på tungen, især sammen med brødet vi fik til, sikke en start - tilgav næsten den lille forsinkelse. <br><br>stegte og syltede shrooms, det syrlige med det faste bløde søde, flot afstemt ret, og den gik overraskende godt sammen med pulposalaten som de havde puttet kartoffel i så det blev en lidt tungere mundfuld end man er vant til i de andre pulposalater vi ser overalt these days. Så en såkaldt “blød andelever”, lets be real det er da en foies gras? Helt vidunderlig, men overdrevet antal peanuts på toppen, selvom det giver en lækker crisp bite. Fab risotto med masser af peber og bid i risene, præcis som vi kan lide den. Sluttede af på en tartar, den har de også ret godt styr på.<br><br>Gå med tjenernes vin reccos and ur good! <br><br>🍽 8/10 på mad<br>🙃 6/10 ret uopmærksom og langsom service denne gang, men andre gange har den altså været fino<br>🍷 9/10 på vine, styr på det og god vejledning! Føler os ægte voksne når vi sidder der og nikker fake indforstået til alt det de fortæller 😇.    https://www.instagram.com/p/CZHcd-YMRCO/?utm_source=ig_web_copy_link]]></description>
      <styleUrl>#icon-1899-9C27B0</styleUrl>
      <Point>
        <coordinates>
          12.5761474,55.6808092,0
        </coordinates>
      </Point>
    </Placemark>
    <Placemark>
      <name>Lago</name>
      <description><![CDATA[Havde set frem til @restaurant.lago shit hvor ser det hyggeren ud der lige ved søerne, varmelamper på terassen og panoramaview, selvom man sidder i stueplan. Er det her den mest romantic udsigt i kbh?<br><br>Vi ramte desværre en totalt kaos aften. Vi + 3-4 andre skulle vente på vores borde, supertræls, især fordi der ikke er nogen entré, så venteområdet var vitterligt midt i det hele med tjenere og gæster frem og tilbage mellem køkken og toi. Stumtjeneren var også overbooket, så med vinterjakkerne i favnen balancerede vi kompensations-naturvin og skuffede ansigtsudtryk. <br><br>Betjeningen var heldigvis meget beklagende og sød! Vi kom endelig på plads, men rummet havde en stram vibe aftenen igennem. En kampplads mellem utilfredse gæster og behagesyge tjenere. <br><br>Østers m citron og peber olie, lækkert og syrligt. Vi var SÅ sultne så sprang også på fantastisk brød med ricotta. Viber ret hårdt med alternative brød/smør dishes pt, lidt spænding fra start. Videre til yuca fries m kylling og chili mayo - lækkert men var osten glemt? Lignede ihverfald ikke insta. Men de chickbites var seriously tasty.<br><br>Det ik så tit vi ser snegle så dem hapsede vi, m spinat og citrongræs, smagte fint men ik noget wauw. En del syre igen. <br>Millefeuille selleri - ingen grease mellem lag? Savnede fx en creme eller bare smør, noget til at gøre den mere smagfuld?<br><br>Andehjerter m radicchio og vindruer perfekt tilberedt men var så sur at det overdøvede retten. Ricotta is m thai basil var ik så spændende som den lød. Flødekarameller vildt gode, endelig en servering uden syre. <br><br>Vi kan ikke helt finde ud af hva der skete den aften, om det var os der ramte en kaotisk aften eller om retterne bevist hælder til den sure side? Valgte vi bare uheldigt? <br>Uanset hvad var kombi af små sure retter og naturvin ret hårdt for vores maver. Umiddelbart er vores anbefaling være at se Lago mere som en vinbar med retter end et sted du tager hen og er dødssulten. <br>Dog synes vi der var vibrant og skøn betjening, vi er klar til at tage tilbage og prøve igen. <br><br>🍋6/10 på mad - for meget syre for lidt fedt<br>🤯7/10 på stemning - kaos aften men hårdt prøvet og alligevel sød betjening<br>❣️10/10 potentiale! Måske de bare lige skal i gang.   https://www.instagram.com/p/CZMnQZMsVkh/?utm_source=ig_web_copy_link]]></description>
      <styleUrl>#icon-1899-9C27B0</styleUrl>
      <Point>
        <coordinates>
          12.5595205,55.6844665,0
        </coordinates>
      </Point>
    </Placemark>
    <Placemark>
      <name>Theo</name>
      <description><![CDATA[fik en rundemail fra Norrlyst, som lokkede med gratis bobler og snacks, hvis man skyndte sig at bestille bord på deres nyeste skud på stammen i Skindergade - @restaurant_theo . bring it, tænkte vi og begav os afsted.<br>Ret anonymt indrettet dog med et sindssygt flot rødt bord! en del dårlige pladser? Meget stille stemning wow<br>Anyway, kørte menu og startede med krustade med trøffel og Havgus – ifølge vores tjener en “let trøffelsnack”, kontradiktorisk nok, men smagte dejligt, + fik et tyndt stykke utroligt branket brød med skinke og ost, som var blevet køligt igen efter tilberedning og derfor havde kold oliesmag. Øv<br>Næste var ceviche af helleflynder med bergamotte og lil chili. savnede noget væske i den her ret, for det var som om, de havde hældt citrussuppen, som en ceviche normalt er badet i, fra, øv.<br>MEN samtidigt blev der placeret et luksusbrød i kugleform på vores bord, som de havde skåret op og penslet med grease, krydderurter og masser af hvidløg. Det var så optur, og vores fingre var smurt helt ind, så kom der også tartar på romesco sauce med ristede mandler on top, super nice kombi<br>Videre til stegt kammusling m knoldselleri, confiteret hvidløg og hønsefond. Kammuslingen var intet mindre end perfekt tilberedt, og alle elementerne spillede sammen i en smuk lille muslingesymfoni. Idyllen blev dog brudt af det kæmpe bjerg af karse, de havde placeret på toppen. Whyyyyy<br>mains: kuller med svampesovs og and m rødbede. Top tilberedt begge.<br>Dessert var “københavnerstang” og blommesorbet med espresso.<br><br>Maden var fin, men ikke noget mindblowing eller nyt? En lidt safe dinner. Alle sad meget stille og spiste, virkelig ikke party vibes og så på en fredag? Weird. <br>Vi havde allerede glemt hvad vi havde fået dagen efter ☹️ måske er det bare ikke lige et sted for os.. måske godt sted at tage hen med familien…? Vi er lidt indifferente på denne<br><br>🍴6/10 De kan sagtens finde ud af at lave mad, men vi savner at blive overrasket både, når det kommer til råvarer, sammensætninger og styling.<br>🤪4/10 stemning, meget stille og lidt forgettable<br>💸1490 for 2 menuer m vin til<br>(Short udgave af den fra @frihedsbrevet ).    https://www.instagram.com/p/CZUIRudssHl/?utm_source=ig_web_copy_link]]></description>
      <styleUrl>#icon-1899-9C27B0</styleUrl>
      <Point>
        <coordinates>
          12.5744671,55.6792999,0
        </coordinates>
      </Point>
    </Placemark>
    <Placemark>
      <name>Beau Marché Café à Vins</name>
      <description><![CDATA[Er der noget bedre end hidden gems? We think not og når det kommer til kbh er et af de bedste eksempler @beaumarchecph lille café i baggården. <br>Helt perfekt at man kan gå om bagved og spise sorgerne væk, når man har stået og beundret lamper og sofaer der koster mere end sin månedsløn 😭 WHY AM I NOT FILTHY RICH, seriøst dør over hvor pænt vi kunne bo, if money wasnt an issue. Well, sådan går det når man bruger hele opsparingen på restaurantbesøg…<br><br>Caféen har både morgen og frokost/aftenkort, og det hele står self på fransk, og det rummer ligesom alle the parisian basics. Simplicity, my friends, good call nu humøret skal fixes efter konto-mplations (sorry)<br><br>Gik med husets billigste hvide på glas, den kan helt fint drikkes og vi endte med et par stykker. Den ene pige kørte varm ged på brød, den anden en tunsalat, og det smagte sgu dejligt. Fin fresh salat, flot tilberedning og helt ok pris synes vi. Der er SÅ hyggeligt derinde, kæmpe flashback til the real deals i byernes by, sad og blev helt taknemmelige over at den lille biks overhovedet eksisterer. <br><br>Beau marche er perfekt hvis du bare skal have something i skrutten og gerne et-to-tre glas vin, uden at du er i humør til at sidde og dingle dangle på en af byens mere posh vinbarer. I “gamle dage” lol, eller bare da det lige var startet, følte vi klientellet var mere posh, men det føles mere low key nu, det viber vi lidt mere med. (NB det er vist fashuun week these days, keep that in mind) <br><br>Rummet er skønt og self Perf indrettet, og den dårlige akustik er vel bare autentisk. Pas på med at tage lyd sensitive folk med derind. Og husk at du selv skal gå op og bestille, ellers ka du komme til at vente en rum tid. <br><br>Om sommeren (altså dvs også nu, men det regner) ka du tage plads ude foran boligshoppen, helt vidunderligt sted at peoplewatche. <br><br>🥗7/10 på mad og vin, det smager helt fint men heller ik mere. Ønsker os måske at de snart skifter i menuen. Den er ik broken, men ku bare være fedt hvis den lige blev støvet af. <br>🇫🇷 9/10 fuld knald på fransk café vibes, fik os til at købe tix til en lil vintertur til Paris YAAAY.    https://www.instagram.com/p/CZbpaA0swWy/?utm_source=ig_web_copy_link]]></description>
      <styleUrl>#icon-1899-9C27B0</styleUrl>
      <Point>
        <coordinates>
          12.5814321,55.6820634,0
        </coordinates>
      </Point>
    </Placemark>
    <Placemark>
      <name>Great China 2</name>
      <description><![CDATA[Så er der kinesisk nytår, denne gang year of the tiger med al den independant (cat)woman energi der hører med 🐯🐯🐯🐯🐯<br>Selvfølgelig skal det fejres på istedgade klassiskeren great china som man jo ikke ligefrem kan sige er ny, men vi har en forkærlighed for den lidt mystiske indretning og borde der kan dreje i midten ( selvom steder som royal garden og hidden dimsum er også geniale)<br>Perfekt til en tømmermændsdag hvor vi hopped på en sen frokost med masser af tsingtao og pepsi<br><br>Lidt kaotisk og stresset service, tror medarbejderne var lidt corona ramt men vi fik da bestilt og startede ud med blandede dumplings med svin, svin/reje, og ramsløgsdumplings som alle smagte friske med godt fyld og masser af soya 🥟<br>Forårsruller var lidt anonyme som altid men røg ned asap.<br><br>Derefter en nudelsuppe med grøntsager med verdens længste nudler der seriøst udfordrede os midt i hovedpinen og vi blev nødt til at hakke dem lidt over med pindene men da vi først kom over den challenge var det en guddommelig og meget saltet suppe med masser af bok choy goodness🥬🥬<br><br>Den ene pige eeelsker bare kål med soya på så vi tog endnu en side samt en omgang hong kong andesteg (en halv and med ben meget lig Peking duck) og en ekstra omgang dumplings fordi hvorfor ik nu man er igang<br><br>Og SÅ sad vi ellers bare med udspilede maver med lidt baggrundsmusik og kiggede ud på regnen. der er masser gode kinesiske steder i københavn, men great china har sgu et blødt punkt i vores hjerter ❤️ det er ikke fine dining men rammer plet når man har brug for et sur/sød/salt kram der ikke koster alverden.<br>Perfekt til når man er mange mennesker, der kan sidde måske 8 om et rullende rundt bord?<br><br>🥢6/10 ikke mind-blowing, men perfekt til hvad vi havde brug for lige der. Fik ikke nogen fortune cookies ☹️☹️🥠🥠 havde ellers glædet os til lidt visdom i anledningen af det nye år <br>💸 220 kr per person for mad og to øl hver.  https://www.instagram.com/p/CZg8MUrM84q/?utm_source=ig_web_copy_link]]></description>
      <styleUrl>#icon-1899-673AB7</styleUrl>
      <Point>
        <coordinates>
          12.5629816,55.6720944,0
        </coordinates>
      </Point>
    </Placemark>
    <Placemark>
      <name><![CDATA[Sticks'n'Sushi]]></name>
      <description><![CDATA[Da sushi bølgen ramte back in the days var @sticksnsushi.dk det ultimative kosmopolit see and be seen spot med sin smarte indretning og blød housemusik i højtalerne. Nu hvor sushi ikke er helt på samme coolnesspiedestal kan man måske kalde sticks for det folkelige, men også lidt luksus sted at tage hen hvis man ikke er den store sushifan men bare tager ud med familien, kæresten eller vennerne en gang imellem hvor der både er plads til forretter, fisk og kødsticks hvis man ikke er til det rå fiskeunivers. Ik lige vores first choice på listen af spisesteder, men blev fanget i regnen og sku bare ha noget i skrutten. <br><br>Lagde self ud med et par cocktails, husker dem som gode og de skuffede slet ikke. Yuzu zoo og purple rain, de røg lige ned.<br><br>Bestilte alting med det samme og blev enige m tjeneren om hvilken rækkefølge det sku komme i, men alligevel ankom vores kyllingebolle m chilimayo og teriyaki og kejserhat/misosmør sticks som det første, skarpt efterfulgt af sashimi mix og tuntartar. Var derfor tvunget til at lægge ud med det varme, men det var lunkent anyways så whatever. Smagte dog helt fint. Tuntartaren er rigtig god, lækker at scoope op på de små lotuscips. Shashimien blev serveret i en abnormt stor isskål, der ik kun skar i øjnene men også gjorde stykkerne aaalt for kolde til at smage af særlig meget. Var heller ik fan af de tydelige aftryk fra plastikbakken 😬<br><br>Næste omgang en crisp ebi Roll vi godt kunne lide og stegte broccoli med goma dressing, der var helt utrolig tynd og vandet, ikke blød og cremet som vi kender den. <br><br>Til 400ish per person følte vi ikke helt at vi fik den store oplevelse ud af det. Smagene var fine og lidt forsigtige, ik engang wasabien kunne sparke gang i så meget. <br><br>Men vi ka faktisk ret godt lide det lidt American sushi koncept, hvor der også er noget grillstegt pindemad til dem der ik gider sidde og fedte rundt med spisepinde. Stemningen har bevæget sig mere over i familie restaurant viben, og det er der jo ik noget galt i, men cool og lounge er der ik meget tilbage af. <br><br>🍣6/10 på maden, fik os til at diskutere hvor man mon tager hen, hvis man craver god sushi og fed vibe, så kom ind i kommentarfeltet hvis I har nogle gode bud.   https://www.instagram.com/p/CZo7B9QstJ7/?utm_source=ig_web_copy_link]]></description>
      <styleUrl>#icon-1899-9C27B0</styleUrl>
      <Point>
        <coordinates>
          12.554685,55.669697,0
        </coordinates>
      </Point>
    </Placemark>
    <Placemark>
      <name>Flyvergrillen</name>
      <description><![CDATA[Der er nogle steder i kbh som man bare føler har fandtes forevigt, og da vi skulle smide nogle venner af i lufthavnen var der jo intet andet at gøre end at tage på flyvergrillen og vinke farvel - præcis som da vi var små unger i flyverdragter og med 11 taller. i en eller anden form har flyvergrillen eksisteret i 50 år!! <br>Det er en klassisk grillbar hvor alt koster under 100kr, og det er inkl hakkebøf m bløde log, en halv kylling med pommes, alle burgere du kunne drømme om, og vi kunne blive ved 🍟<br><br>Var overrasket over hvor meget gang i den der faktisk var men vi scorede os en booth og fløj til friturehimmelen. <br>Fiskefilet med bølgefritter og remo - frisklavet men lidt til den kedelige og tørre side, men props for at man får 2x fisk<br>Videre til snitzel med pommes, agurkesalat og bearnaise. Tvivler på noget af det var hjemmelavet, bearnaisen var meget runny desværre. kødet var tilgængæld en positiv overraskelse! Så har man set det med.<br><br>Dertil den tørreste udseende ribbensteg sandwich men med juizyyyy kød og god krydret rødkål. Kunne måske godt have brugt en lidt rundhåndet smøring af noget aioli evt for at oppe lækkerhedsfaktoren.<br><br>Dødsbjerget af pølsemix der havde fået en gavmild portion pølse og endnu mere karry ketchup. Lige til at besvime og få kvalme af men fordi frituren smagte ret friskt blev det ikke lige så vammelt som man kunne frygte.<br><br>Flyvergrillen bliver nok aldrig den helt store kulinariske oplevelse men det er jo heller ikke derfor man tager derhen! Det er hyggeligt og en sjov aktivitet for både børn og voksne og så ligger det nærmest så langt ud på amager som du kan komme. kæmpe turist i egen by stemning☀️<br><br>🍴6/10 lidt svært at vurdere grillmad kvali?? - frisk olie men undersaltede pomfritter og lidt for tør tilberedning af det hele. der er TRAVLT på flyvergrillen og vi har 100% valgt nogle af de mere friturede retter på menuen. <br>🥰 10/10 for kæmpe kaos af børnefamilier og fly afficionados i en stor pærevælling mens solen lige nåede at skinne lidt. Gå op på udkigsplatformen og bliv blæst igennem mens du drømmer dig ombord et af de mange fly der letter lige foran dig ✈️✈️.   https://www.instagram.com/p/CZtfGsksEID/?utm_source=ig_web_copy_link]]></description>
      <styleUrl>#icon-1899-9C27B0</styleUrl>
      <Point>
        <coordinates>
          12.6300133,55.6138512,0
        </coordinates>
      </Point>
    </Placemark>
    <Placemark>
      <name><![CDATA[Baka d'busk 3]]></name>
      <description><![CDATA[Tilbaka på baka som efter åbningen i 2019 (tror vi) allerede har cementeret sig som en nørrebro klassiker. Da de åbnede dørene i sidste weekend af januar skulle vi selvfølgelig ned og have grøntsager og vild vin 🍷🍷🍷<br><br>Startede selvfølgelig ud med lækkert brød og tahindyp m zhroug og oliven til den første flaske vino og en newbie på kortet (men lav den permanent please!) deepfried græskar pakker med creme på kimchi, deres “sunde” forårsrulle måske og den smagte fandme bare af mere så vi købte lige en tallerken til 😋<br><br>Til forret fik vi hhv fennikel med blodappelsin og artiskokker med pæretern i en vanvittig beurre blanc og rødder (var det skorzoner? Kan ikke helt huske) med salvie chips og mer grønt på toppen 🥬<br>Man ved det er en succes når bordet ikke kan blive enige om hvilken ret der er bedst, på baka laver de grøntsager der er sjove at spise men det bliver aldrig højpandet eller red-verden smart. Det er måske ikke ligefrem den smukkeste anretning, men det er jo i sidste ende hvor godt det smager der er vigtigt og det er en veggie krammer du får fra plantedrengene på Rantzausgade. <br><br>Hovedretterne var gule beder/rødder med popcorn, super lækkert lidt sødlig kva kumquat (fedeste grøntsagsnavn) og en svampe/kål/kartoffelmos sovs ægte vinterret som varmede men også slog os lidt ud. De er ikke bange for smør og fløde i det køkken så madmuren rammer dig før du ved af det. Be Warned!<br><br>Går altid kolde før desserten men var meget imponerede over deres nye vodkashots bakker og deres søde tjenerdrenge ❤️<br>Kan godt blive ret party i weekenden men lidt koldt rum så husk en cute trøje og husk at tjekke vinkælderen ud! <br><br>🍴8/10 for solid green comfort food. Var helt færdige over de der “græskar cigarer”<br>💸 A la carte, 100-150 for forretter, ca 200 for hovedret. Ca 800 pr mand for mad + vin + vodka <br><br>De kørte selvfølgelig flødedrengen over dem alle DRAKE på anlægget.   https://www.instagram.com/p/CZy84rQMoq0/?utm_source=ig_web_copy_link]]></description>
      <styleUrl>#icon-1899-3949AB</styleUrl>
      <Point>
        <coordinates>
          12.5477532,55.6872927,0
        </coordinates>
      </Point>
    </Placemark>
    <Placemark>
      <name>Lille Petra</name>
      <description><![CDATA[Kørte en petit déjeuner en regnvåd morgen før job og faldt over den hyggeligste baggård midt i et af de mere kaotiske lyskryds (gothers/kronprinsesse) hvor vi fandt @lillepetracafe, &traditions cafe komplet med japanske rislamper og designmøbler of course. Tror vi må tilbage en højsommeraften hvor vi forestiller os der er meget romantisk potentiale. <br><br>Dukkede op midt i møde tid, forstod ikke helt hvad der foregik men virkede som om caféen også er indgang for kontoret? Ihverfald meget hej hej godmorgen hilsner og en del gennemgang, men vi fik et bord og bestilte en sort kaffe som altid og spottede en golden latte (gurkemeje m mandelmælk) for at have lidt Goa yoga vibes. god start ☀️<br><br>Startede med en portion skyd med banan, blåbær og en gavmild skefuld rabarberkompot som smagte vidunderligt omend lidt weird off season valg + hj lavet granola. Lækkert og friskt og god pris til 65kr<br><br>Intet måltid uden brød så vi tog selvfølgelig også en morgenplatte til 100kr med surdej + rugbrød, en halv avo med ristede nødder, lidt ost, smør og mere rabarber og et blødkogt æg i en lille rede. Overvej lige hvor cute den tallerken er 🥚<br><br>Lille petra laver både morgenmad og frokost, og som i nok kan fornemme er det et meget ✨aesthetic✨koncept herinde med smukke møbler, god belysning og dejlige serveringer uden at skrue priserne helt op som mange andre indre by caféer har en tendens til at gøre. Perfekt lille hemmeligt spot til før/efter en gåtur rundt i kongens have<br><br>🍴8/10 fordi det var bare super lækkert og vi snakkede allerede om at komme tilbage og prøve deres madder. <br>🛋 Halvt showroom, halvt cafe. Drømmer om nye møbler nu. Kunne ikke tage photos uden at blive afsløret, tjek deres insta for stemningsbilleder <br>💸 245 i alt for mad+drikke. Gratis vand 💦.   https://www.instagram.com/p/CZ_xkmPMlde/?utm_source=ig_web_copy_link]]></description>
      <styleUrl>#icon-1899-9C27B0</styleUrl>
      <Point>
        <coordinates>
          12.5811342,55.68287,0
        </coordinates>
      </Point>
    </Placemark>
    <Placemark>
      <name>ARK</name>
      <description><![CDATA[Sku prøve kbhs måske mest responsible fine dining koncept hos @restaurant_ark og HOLY SHIT hvor ka de trylle med grøntsager derinde. Pure magic ✨kørte 9 retters tasting (699kr) og wine pairing (495kr) 💃💃 <br><br>ready for some shrooooms??<br><br>Pre-dinner snacks var kiks m solbær/svampe-pate og en kartoffelchip med ponzu-gelé. Høj crumpet med forskellig blomkål, ægte tartar vibes. Kejserhat som en slags østers-taco i et lil blad, very cute, og teppanyaki-grillet svampe med sake-meriam-glaze og umamiemulsion. WOW. Allerede half Way in var vi blown away, HOW IS THIS POSSIBLE? Så godt!<br><br>Blød og lækker briochebrød penslet m sesam + miso på og en vegansk foie gras på pindsvinepigsvamp og en pæregelé som “fedtet”. Helt genialt, da pæren giver den samme smag som en cognac/armagnac/portvin, der normalt fungerer som smagsgiveren til leveren. Smart thinking!<br><br>Rødbedesalat i en lille sø af dild og ærtepuré i de flotteste farver og ricotta lavet på soya🤯Ville ikke have bestilt det a la carte, men begge piger facegrindede tallerkenen, spiste rub og stub og slikkede bestikket, hvilket nok er det højeste kompliment, vi kan give.<br><br>svampe-main nr2: pindsvinepigsvamp, konfiteret og pakket ind i nori med en shiso-suppe og majroe-slices på toppen. Altså, come on, hvordan finder Ark på det her?<br><br>Dessert 1 var icecream sandwich m basilikum og ingefær. Fresh modstykke til nr2: hasselnøddecreme med mandaringelé kakaonibspulver og matcha. Lignede jord, smagte himmelsk. Som en nutella uden den dårlige smag af palmeolie (og dertilhørende risiko for blodprop). Rich as fuck!<br><br>For at det ikke skal være løgn, kom der et par petit fours, der var ren køkkenblær og kæmpe mindfuck at de ik har snydt med dyr. <br><br>10/10 🍄mindblowing mad fuld af overraskelser, en svampetur vi aldrig glemmer<br><br>10/10🌍 for koncept! Kæmpe vinder at være så ambitiøse, det er vi seriøst imponerede over. Kører den elegant hjem uden løftede pegefingre og med EMINENT service<br><br>7/10 🕯 på rummet. Details, men ærgerligt at køkkenets tryllerier ik ses i den lidt kedelige indretning. Well, i Arks tilfælde trumfer mad decor – vi kommer tilbage, og vi hiver alle, vi kender, med. <br><br>Full version ka I finde via @frihedsbrevet ❤️❤️❤️❤️❤️.   https://www.instagram.com/p/CaKKU64sLeP/?utm_source=ig_web_copy_link]]></description>
      <styleUrl>#icon-1899-9C27B0</styleUrl>
      <Point>
        <coordinates>
          12.5682148,55.6851802,0
        </coordinates>
      </Point>
    </Placemark>
    <Placemark>
      <name>Din Nye Ven</name>
      <description><![CDATA[Der var vistnok en dm for ikke så længe siden der efterspurgte SU-venlige steder at tage ud og spise, så vi genbesøgte en gammel kending i pisserenden - @dinnyeven .<br>Har tidligere kun været her til drinks, og ville sige stemningen er ret studie kammerater young people agtig men der er hyggeligt og de har et stort og godt menukort så vi inviterede hinanden på brunch og sprang i.<br><br>Startede med en fry up bestående af to godt krydsede pølser, tomat på stilk og sunny side up æg + toast. Eneste lidt øv var at toasten nåede at blive lidt kold så den olie (?) de havde smurt med blev lidt kold olie smag. Måske bare tør riste og tilføj smør næste gang. Du kan få tabasco hvis du spørger pænt ❤️<br><br>Vaffel med æble blåbær og mandler + honning. Smagte godt, nåede ikke at blive tør men vi er så snaskede vi måske havde håbet på lidt creme fraiche on the side? Til deling gør det ikke så meget dog.<br><br>Måltidens måske kedeligste servering var en toast med tomatsauce og burratta. Burrattaen var ikke så cremet og flydende hvilket gjorde man måske fik lidt mere end 5kr i netto kugle fornemmelse end luksus toast☹️<br><br>Og gudhjælpemig om der ikke var ØLLEBRØD på kortet! Seriøst hvornår er sidste gang man lige har fået det, blev sendt totalt tilbage til barndommen i første skefuld. Egentlig en totalt mystisk ret (rugbrødssuppe??) men med en dejlig frisk æblekompot og flødeskum luksus og hasselnødder. Wauw. Konge ret. Skal hjem og lave det noget mere. Kan den please få et comeback på alle restauranterne! <br><br>🍴7/10 maden er jo ikke mindblowing, vi kunne sagtens have lavet det derhjemme. For at score højere kunne der godt lige have været det sidste twist/add on der adskiller DNV fra hjemmekøkkenet. Men prisen er jo sindssygt fornuftig og der er så hyggeligt. De har både frokost og aften også. Og billige vin og drinks hvis man skal party.<br>💸 340 I alt for mad, kaffe, te og friskpresset appelsinjuice.  https://www.instagram.com/p/CaR7LFIszBi/?utm_source=ig_web_copy_link]]></description>
      <styleUrl>#icon-1899-9C27B0</styleUrl>
      <Point>
        <coordinates>
          12.5673448,55.6788315,0
        </coordinates>
      </Point>
    </Placemark>
    <Placemark>
      <name>Donda 3</name>
      <description><![CDATA[Tilbage på @dondacph! Christianshavns stolte pesce party place, hvor du ka få latinamerikansk mad og drinks, mescal og tequila i stride strømme. De blander menukortenen once ind a while, så selvfølgelig sku vi tilbage og smage 💃💃<br><br>First up østers, som vi bestilte ekstra oveni menuen, de var virkelig spicy og lækre, men watch out for næsespraysreaktion, den rammer hårdt! Så kom der en sindssygt fråderen tostada der gav os lyst til bare at rejse til caribien og spise shrimp tacos until the end of times. Laksesashimien var ren art on a plate, placeret i en thai-ish chilisuppe, fab konsi, med store poppede majs. Jesus christ, sashimi of our dreams, hvis den ik var så spicy havde vi taget den intravenøst. Perf afbalancet: virkelig stærk og smagfuld men uden at smadre vores smagsløg. Det er retter der minder os om hvorfor vi kommer tilbage på donda igen og igen: de her smage får du altså bare ik andre steder. <br><br>Quesedilla med fried lakseskind, ost og salsa - så godt tænkt kun at bruge skind fra fisken i en quesedilla, for så blev det ikke for meget fishy ift de andre smage - overraskende god kombi med laks og ost på den måde. En torskekrave, det har vi ik prøvet at spise før, med virkelig god mayo til, would def reccomend. Til sidst byg selv tacos med en hel grillet rødfisk at hapse fra, hvor man lige skal passe på benene. Vil gerne giftes med dondas taco-bager. <br><br>Efter så wow et måltid, blev vi jo nødt til også at spise dessert: french toast m bana/youhurt is og pecans - en ægte cinammon lover pleaser og en vidunderlig afslutning. Eller dvs vi bestilte flere drinks og flere shots, for når vi er på donda har vi ik lyst til at tage hjem. No wonder vi blackede out senere, heldigvis sent nok til vi stadig ka huske måltiddet, hurra.<br><br>🌮10/10 på mad, donda viser time and time again en kreativ palette af unikke serveringer og to die for smagskombier. <br>Elsker viben det er festlig men ik for clubby, og vi får bare altid SÅ god service derinde. TAK❤️‍🔥oplagt sted at starte hvis i vil ud og ha det grineren<br><br>💸450 kroner for menu, det er fandme i orden, og så tilkøbte vi østers og dessert. <br>Kan ikke huske hvad vi bruge på alko LOL.   https://www.instagram.com/p/CaXBJkAs0ul/?utm_source=ig_web_copy_link]]></description>
      <styleUrl>#icon-1899-3949AB</styleUrl>
      <Point>
        <coordinates>
          12.5895081,55.6736966,0
        </coordinates>
      </Point>
    </Placemark>
    <Placemark>
      <name><![CDATA[Lee's Kitchen]]></name>
      <description><![CDATA[Kender i det når man tilfældigvis går forbi et spisested, vandrer ind uden de store overvejelser og så ender med at have en above and beyond kærlighedsaffære med maden på tallerknen? Foråret er kommet og vi er blevet forelsket i @leeskitchencph i starten af åboulevarden der netop har serveret os noget af det friskeste og lækreste kinesiske vi har fået længe 💓💕💖💞💘<br>Tre sides for 199, så vi hoppede på vege spring rolls med chili sovs, perfekt stegte reje/svin crispy wontons med mayo (ville måske gerne have haft lidt mere smag i mayoen men vi spiste den 100% alligevel) og en mindblowing god crispy eggplant som var vendt i rasp (?) og friturestegt med en sweetsour hvidløg sovs.<br>Alle tre retter man måske kan få mange steder men her blev løftet af at 1. ingredienserne var tiptop. Svine/reje blandingen var frisk, auberginen var kødfyld og ikke overstegt, spring rolls var klart i den højere ende og 2. at fritureolien var ny og gav en lækker crunch men uden gammel bismag.<br><br>Mains - lo mein nudler som var helt elastiske med peanutbuttersovs + char siu (bbq svinekød) og nok chok. Igen er du helt crazy hvor var det lækkert. Masser af sesam drysset ud over. Perfekt tilberedt svinekød.<br>Roasted duck på en bund af løg og porre med en brandvarm sovs hældt ud over. kæmpe instagram stemning. selvfølgelig et bjerg af ris sammen med.<br>Afslutningen var en drøm af en sweetsour fried chicken med ananas og grønne pebre. grøntsagerne smagte super friske og kyllingen var SÅ mør.<br><br>Var helt på røven over hvor fantastisk søde familien var - to brødre i restauranten og daddy cool in the kitchen, de velsmagende ingrendienser og at alt på menukortet så så godt ud at vi kom til at bestille alt for meget men at de pakkede det ned uden problemer. Vi sidder og spiser rester på kontoret, what a blessed day<br><br>🥢8/10 amazing middag. Måske en 9er? Seriøst alt var så godt. hvis ikke du er til peanut så undgå lo mein nudlerne dog.<br>💸Ca 520 for alt maden + vand og Jasmine. fås også på wolt spottede vi, men ville klart anbefale at gå ned og sige hej til de sødeste boys <br><br>Ingen bord res så evt ring i forvejen hvis du vil sidde der❤️.   https://www.instagram.com/p/CahQQf4MV8b/?utm_source=ig_web_copy_link]]></description>
      <styleUrl>#icon-1899-9C27B0</styleUrl>
      <Point>
        <coordinates>
          12.5556106,55.6833154,0
        </coordinates>
      </Point>
    </Placemark>
    <Placemark>
      <name>Osteria 16 Pesce</name>
      <description><![CDATA[Havde ik været forbi @osteria16 PESCE (som ik har deres egen ig wtf?) siden god knows when, i hvert fald pre blog, så besluttede det var på tide her i sidste uge. <br>Det er det man vistnok ka kalde en minimalt indrettet restaurant: virkelig små borde der står tæt, ingen knager at hænge frakken på, tung madosluft og herremeget dug på ruderne. Men men men det skaber en virkelig hyggelig stemning især fordi betjeningen var ligeså god som vi husker den. Young and cute, men stadig styr på vinen, tak for god guidance. <br><br>Kørte menuen til 400 per pige, og lagde ud med snacks, som basically var 2 forretter: rejer m burrata og syltet grønt, som vi var super overraskede over at elske, det lyder som en wierd combo men trust os det spiller max. Så lidt fried fish m tartarsauce, altid en vinder. At kalde de her for “snacks” svarer til at kalde vores appetit for lille - niveau allerede value4money! Nødder og oliven go fuck urself. <br><br>Fældede en lillebitte tåre da vi så de ik havde deres sammenpressede blæksprutterullepølseting på kortet MEN til gengæld baccala m zucc blomst på toppen, helt perfekt, seriøst hvorfor ka man ik købe baccala alle steder til sin boring Office lunch? Jomfruhummertartar, rigtig dejlig, ku dog godt ha brugt lidt flere crisp elementer, blev meget mushy konsi. Dernæst en spinatdelle i tomatsovs som var ret undersaltet og smagte mest af græsplæne, sorry, måske også fordi sovsen var ekstremt mild. Hj lavet pasta m hjertemuslinger sad dog lige i skabet, dejlig smøret og al dente, men vinderen blev altså slethvaren på bønnepure og en eller anden italiensk mælkebøtteting vi ik fattede (stiv sorry) men det smagte SÅ godt og var stegt til perfektion. <br><br>Last one en italiensk kage der smagte af en kæmpe mælkesnitte drizzlet med amaretto, Jesus Kristus, husk for Guds skyld at efterlade plads til den! <br><br>🐠 8/10 fandme meget god mad til god pris. Put on the big girl pants<br><br>🕯7/10 bliver næsten ik mere kbh restaurant agtigt med høj luftfugtighed og partysoundtrack og smarte semi kendis klientel. <br><br>Lidt nedtur at der altid lugter så meget af sure tæer på toilettet dog, whyyyyy. Ku heldigvis ik lugte længere efter 2 flasker vin 💃💃.   https://www.instagram.com/p/Cao51yYsXGa/?utm_source=ig_web_copy_link]]></description>
      <styleUrl>#icon-1899-9C27B0</styleUrl>
      <Point>
        <coordinates>
          12.5518309,55.6665551,0
        </coordinates>
      </Point>
    </Placemark>
    <Placemark>
      <name>Kanal-Caféen</name>
      <description><![CDATA[Elsker at invitere alle vores ladies ud på kæmpe våd frokost, denne gang @kanalcafeen ved Frederiksholms kanal. <br><br>Blev som det første ramt af klaustrofobisk angst, der er virkelig lavt til loftet og PROP fyldt med mennesker - besluttede os for det nok bare var et spørgsmål om øl og snaps for vi ku adapte the environment, og skyndte os at køre en runde mens vi kiggede på madderne. <br>Vi måtte ikke få tap water wtf?? De sagde seriøst “vi har kun kildevæld her” - æh fik det ærligt lidt cringe u cant sit with us vibe over dén comment, sidste ting vi havde forventet på en dk smørrebrødsrestaurant. + det er da 100 en løgn? Nå whatever, så bestilte danskvand i glasflaske og en snaps. <br><br>Fik forskellige madder a 2 omgange. De kommer på et fælles fad til bordet, turisterne elsker det, vi ville nok have foretrukket lidt mere bordplads til armbevægelserne. Der var til gengæld ik sparet på maden, holy fuck hvor var der meget. Hver mad var seriøst sledgehammered med fyld, i de fleste tilfælde i overkanten MEN hellere for meget end for lidt. <br><br>Fiskefileten var det bedste vi fik. Smuk panering og dejlig krøllet, remo smagte også godt, vi var lidt uenige om den var hj lavet or not. Laksen var virkelig kedelig, en ultra fersk mad. Æg og rejer kom på pre smurt franner LOL de forstår at smøre til tænderne derinde. Clearly for meget for vores veninde. Selv havde vi nok ik skrabet helt så voldeligt. <br><br>Næste runde hjemmelavet rullepølse, kommer inklusiv dårlig samvittighed over at spise så meget kød på 1 stk rubber, men den smagte faktisk også rigtig godt. Ribbenstegen dumper, det var også tydeligt at rødkålen var fra mikroovnen (cold spots tells the truth). Frikadellerne skrækkeligt undersaltede. <br><br>Men sku tro vi gispede efter luft pga al den mad men nej, der var absolut ingen ilt tilbage i lokalet, så vi droppede osten og tog videre. <br><br>🍞4/10 på mad selvom fiskefilet og rulle trækker lidt op<br>🤯4/10 rummet, det er KUN sjovt hvis du er den der råber højest, og det ku selv vi ik præstere, måske fordi vi ik ku trække vejret<br>💦0/10 dårlig stil med vandet, seriøst. Vi betaler gerne, også for tap, men kildevælds plastikhelvede no thanks 🌱<br>Pris: 79-120 per mad ish 😬.  https://www.instagram.com/p/CaumrZXstyw/?utm_source=ig_web_copy_link]]></description>
      <styleUrl>#icon-1899-9C27B0</styleUrl>
      <Point>
        <coordinates>
          12.5769276,55.6743161,0
        </coordinates>
      </Point>
    </Placemark>
    <Placemark>
      <name>The Caribean Housewife</name>
      <description><![CDATA[@thecaribbeanhousewife laver pop-up rest i kødbyen engang om månedenish, og vi var forbi til en housewife roast menu nede i slagtehusgades fælleskøkken, som de havde forvandlet til en hyggelig omend ret cramped restaurant.<br><br>Prøv lige at læs den menuen omg, talte virkelig til os, måske den mest TSP description ever. Vi var solgte og glædede os som to sultne børn til at sætte tænderne i housewifeys veganske gulten/lactose free meal!<br><br>First up en vandmelonsalat der, well, faktisk var sådan lidt børnehave-agtigt? Kunne ikke smage nogle af de spices der var beskrevet, og den var meget lille og simpel. Så kom en kæmpe bowl cremet suppe, der smagte rigtig dejligt, men vi synes det var en underligt stor portion som secondo. Havde bestilt noget corn bread on the side, og det var fuldstændig fantastisk. Hovedretten var chick waffles på deep fried jackfruit, der er helt amazing kyllingesubstitut. Fråderen! MEN det var virkelig, virkelig en sød dinner. Havde håbet på der var skruet op for hotsauce stemningen, men der var fuld smæk på agavesirup. Fik plantains til, de kedede os lidt. Desserten fortsatte i samme søde spor, helt guddomelig cheesecake på pecans. Tog en naturvinspairing - rigtig gode vine, men ØV at hvert glas kun var halvt fyldt op i meget små glas. waaah<br><br>🧇6/10 på menu - forstod ikke rigtig sammensætning, og manglede lidt smag<br>💕8/10 på vibe, vil gerne adopteres<br><br>Alt i alt så var vi ikke helt oppe at ringe over maden. Men vores host er simpelthen umulig ikke at elske med sit brede smil og misundelsesværdige udstråling! Vi synes menuen var underligt sammensat og manglede smag på nogle af retterne, men vi havde det ægte som om vi var på besøg i privaten. <br><br>Bortset lige fra én ting, der endte med at blive det stærkeste indtryk fra dette besøg. I vores noter står: IS IT A COIN SLOT? Her taler vi om den gigantiske buttcrack der stirrede på os under hele middagen fra nabobordet. Hvad fuck gør man i sådan en situation? Kan man call it out? Det turde vi ikke. Det er alligevel en sjældenhed at se sådan en for fuldt display. Hermed en bøn til alle: please aldrig vis din røvsprække mens andre spiser. Og glædelig kampdag.   https://www.instagram.com/p/Ca1ih9EsD8p/?utm_source=ig_web_copy_link]]></description>
      <styleUrl>#icon-1899-9C27B0</styleUrl>
      <Point>
        <coordinates>
          12.5610315,55.6687295,0
        </coordinates>
      </Point>
    </Placemark>
    <Placemark>
      <name>Camino</name>
      <description><![CDATA[Weekenden er på vej og efter genåbning starter festen bare tidligere så vi kørte vaskeægte fredagsbar stil på camino for nylig. Stort lokale ligesom resten af kødbyen, fuldstændig proppet med babes og suits der skulle varmes op før alle uundgåeligt vælter over på noho.<br><br>Seriøst poppin vibe og en kæmpe smartfyr men på den sjove måde tjener der diskede op med velkomst shots og lige en ekstra omgang shots før vi overhovedet havde nået at bestille - så er vi vist alle med på hvilken stemning man gerne vil have igang ikke? PARTY please og selvfølgelig er der en dj i hjørnet i bedste diplo wannabe stil (skud ud til jer der var på arch igår).<br><br>Jeres a la carte piger startede med en cute lil chorizo slider som var fluffy og kødfuld, skinke/ost kroketter som var gode men skinken forsvandt i mosen, duroc (mere svin) stykker med pico de gallo som også smagte super men savnede un poquito mas jalapeño spiceness.<br>Alle starters så vildt gode ud så vi fyrede også lige op for nogle friterede oliven (fine not mindblown) og deres insta vinder manchego med chilimarmelade. Igen savnede spice :( spis den asap, halvkold friteret ost er ikke en vinder opdagede Pige 2. <br><br>Som sædvanlig kom vi til at bestille alt for meget mad - en lækker pulpo med kartoffel, tartar med chopped oliven i som gav en super lækker salthed og en hamachi ceviche som smagte super men ærlig talt var vi blevet ramt af både vin og shots på det tidspunkt så smagsløgene var ikke de skarpeste.<br><br>Camino er perfekt til en festlig aften i byen med vennerne, vi ville nok ikke vælge det som date sted mest bare fordi musikken er høj så du råber lidt til hinanden. Gode drinks også (glemte billeder). Havde det seriøst lol over at de kalder champagne på kortet for “skumbad”<br><br>🍴7/10 lækker mad, alt er delevenligt snack størrelser. Manglede lidt de sidste 15% wowfaktor smag men et fedt kort. Og til gode priser. <br>👯‍♀️9/10 vil du have fest, så tag på camino (i weekenden). Husk at have en plan for hvad du skal efter for vi kan nærmest garantere du ihverfald ikke vil hjem<br>💸600 per pige ca for drinks, vin, mad.   https://www.instagram.com/p/Ca7P5A6M56G/?utm_source=ig_web_copy_link]]></description>
      <styleUrl>#icon-1899-9C27B0</styleUrl>
      <Point>
        <coordinates>
          12.5575438,55.6682458,0
        </coordinates>
      </Point>
    </Placemark>
    <Placemark>
      <name>uGood</name>
      <description><![CDATA[På jægerborggade ligger UGOOD - en lillebitte sød biks med en endnu sødere ejer der laver ugandanesisk mad til de danske masser. Et sted vi var ville prøve i evigheder (friend of the blog siger det smager just like home ❤️) men af en eller anden åndssvag grund ikke fik taget os sammen til og sikke en fejl. <br>Perfekt starter før bio/byen/livet generelt, menukortet er småt og overskueligt med deres ROLEX som den absolutte hovedperson. <br><br>Og nej, vi snakker ikke monsterdyre armbåndsure her, i uganda er en rolex traditionelt en omelet med grøntsager rullet ind i en chapati. Rolex = rolled eggs. Genialt navn. <br><br>Vi hoppede på en supreme version hvor der var tilsat kylling, tomat, rødkål, persille, peber, gulerødder - tjek lige billedet, ligner det ikke bare noget man har lyst til at spise hele tiden? Man kan bare se den gør godt i maven og det smagte som et friskt, sundere alternativ til durumrullen. What you see is what you get, friske ingredienser og øko kylling fra Lolland. Skud ud til sydhavsøerne ☀️<br><br>Spottede sweet potato fries så selvfølgelig skulle vi også have dem, perfekt friteret og du kan vælge alle mulige spændende dips - fr peanutbutter til okra/smørbønne and you name it. Du kan også få salad bowls, cassava fries, sumbuusa og jackfruit men vi skulle stadig have plads til 5l popcorn så vi kommer tilbage en anden gang og prøver mere. For det var super lækkert @ugoodbgood (fedt insta handle også, positive vibes)<br><br>🍴8/10 Det eneste vi var trætte af er at vi ikke har nået forbi good før nu, lækker mad og dejlig betjening.<br>💸 89kr for rolex supreme, 45 for fritter.  https://www.instagram.com/p/CbFX53Wsz4i/?utm_source=ig_web_copy_link]]></description>
      <styleUrl>#icon-1899-9C27B0</styleUrl>
      <Point>
        <coordinates>
          12.5433864,55.6929287,0
        </coordinates>
      </Point>
    </Placemark>
    <Placemark>
      <name>Flere Fugle</name>
      <description><![CDATA[Virker lidt til at NV har en uprising disse dage? Der åbner ihvertfald en del nye spændende ting på rentemester især og @fovl.nv (fantastiske donuts hvis ikke i har prøvet) har udvidet med @flerefugle i en lagerhal med skandi let indretning. Herligheden ligger i en very happening ende af gaden lige overfor @teknoeatery - et sted der hedder noget så weirdo som Demokratigaragen? Det irriterer pige 2’s blindtarm, men lad nu det ligge. <br><br>Flere Fugle er et bageri MED ALKOHOLBEVILLING, note that my friends, men vi tog dog bare forbi til en lille carbloading breakfast. <br><br>Vild lækker bagværk, bollen var blød og surdejsyummy men uden den der hårde skorpe der ridser i ganen som så mange andre steder. Desværre en ost med lidt rigelig meget udtørret skorpe til. Not okay. <br><br>En citron/birkes snegl fortsatte lux følelsen, som om de havde hældt en citronjuice(?) udover? Citron GLACE tror vi, men what do we know. Meget snasket. Meget lækker. <br><br>En ret stor portion græsk yoghurt, meget gavmildt øset op, m solbærsmask og hj lavet granola MUMS især fordi det var græsk yoghurt med ordentlig fedtprocent, jatak. <br><br>🍞 7/10 solidt, kommer 100 tilbage til sommer for at være med på nordvest beatet. Ost trækker ned. God kaffe<br><br>Det er en lagerhal med institutionsmøbler, men der er en ret fed vibe derinde. MEN vi ku godt blive nervøse for det bliver et “jeg kommer bare i mit nattøj og hiver lige mine tre larmende børn og alt deres legetøj” kinda place - lad os bare sige det var optræk til det under vores besøg. Så måske næste gang vi kommer efter deres sengetid? Lets see 💃💃.   https://www.instagram.com/p/CbNbYwGM7oR/?utm_source=ig_web_copy_link]]></description>
      <styleUrl>#icon-1899-9C27B0</styleUrl>
      <Point>
        <coordinates>
          12.524697,55.7073855,0
        </coordinates>
      </Point>
    </Placemark>
    <Placemark>
      <name>Mangia 3</name>
      <description><![CDATA[Tilbage på @mangia_vesterbro! Har altid været virkelig glade for at komme der men denne aften var sgu lidt underwhelming<br><br>Følte ik lige menuen så gik a la carte og startede med brød med smør og ansjoser. Til 95 bobs synes vi det er en noget skrabet servering, men den smagte dejligt - ægte dårlig ånde hapser dog, beware hvis du er på date. Snuppede en vidunderlig nebbiolo flaske, så det røg lige ned<br><br>Pige 1 gik med calamari strimler i tomat med oliven og kartoffel - noodle vibes på den her, ret mild men dejlig fisket. Pige 2 gik på en aubergine parmigiana begravet i parmesan, tjuhej for en vinder. Sparkede totalt calamarien ud til hjørnet haha. Super creamy og smagte seriøst som pasta. <br>Brødet var en ret sej omgang, lidt ondt i kæberne u know<br><br>Virkelig svært at vælge mellem deres pastaer, men det er 100 år siden vi har prøvet deres bolo, så den gik sen ene pige med. Utrolig kødfuld minced version og rigtig god bid i den brede tagliatelle. Det gik vist lidt hurtigt i køkkenet - indrømmet vi er ik de store fotografer men lol hvor er det bare slammet ugideligt ned på tallerkenen. Ville ha klædt dem lige at tørre tallerkenen eller måske putte et pynteblad på nu de alligevel kræver 165 for den…<br>Pige 2 gik med carbonara, big mistake, den var super runny og sindssygt oversaltet. Pige 2 er saltnarkoman, og selv hun kunne ik følge med her. Vi hapsede kun et par bidder, slugte begge en hel flaske vand, og delte ellers boloen. <br><br>Og så kørte vi all time favorite espresso Martini for dessert, og for at glemme pastaskuffelsen, og så bare videre på kluuub 💃💃<br><br>🍝6/10 puha den pasta trækker langt ned, virkede som en svipser, for de plejer ik at skuffe<br>🕯7/10 som altid er der lidt hektisk derinde, man skal passe på ik at støde ind i en tjener når man rejser sig, but its part of the charm. Akustikken er stadig forfærdelig<br>💸1.530 bobs in total.  https://www.instagram.com/p/CbZqlHZMYQB/?utm_source=ig_web_copy_link]]></description>
      <styleUrl>#icon-1899-3949AB</styleUrl>
      <Point>
        <coordinates>
          12.5546592,55.6734526,0
        </coordinates>
      </Point>
    </Placemark>
    <Placemark>
      <name>Grimal</name>
      <description><![CDATA[Vi har været på @bistrogrimal ! Short version af @frihedsbrevet anmeldelsen som vi anbefaler man også går ind og læser, der er meget mere kød på 🥩🥩🥩 denne gang fra den nye restaurant i Vesterbro vinstues gamle lokaler. <br><br>Startede m scotch egg - en first for pige 2 og en drunk classic 1. Blødkogt æg i medisterkrydret kødtæppe ovenpå (lidt for lille) klat mayo. Super dejlig snack! Vi havde måske ønsket a wee bit more mayo, fordi vi er to fedtepiger, og fordi kødindpakningen i sin natur bliver en smule tør i det. videre til en fluffy kyllingeparfait smukt anrettet i quenelle som en lil køddessert. Terrin m pistacie flex som vi var vilde med. Utrolig wholesome mundfuld! Alt i alt blessed by the snacks<br><br>Oksehalesuppe på consummé med bløde løg stegt med suppebenene. Seriously mørt kød, løg formet som en lille fuglerede med endnu et æg på toppen. Saft, kraft, poetisk og ægte bondsk. Begge piger sad og prustede over al den protein på én gang, med fedtglinsende læber, som kun en god consummé kan være skyld i. Helleflynder stegt i en slags halvpanering, smagte vitterligt som om fisken var blevet født med hvidt brød og smør i stedet for skæl. Vidunderlig sovs!<br><br>Som afsluttende fælles hovedret fik vi en stew m butterdejslåg: tærte af rådyr, svampe, rødder, rødvin og en crispy dej. En rigtig manderet serveret female style: uskyldig on the outside, super heavy indeni med masser af rødvin, mørt kød og endda lidt julestemning i form af svesker! God, smagfuld, lækker og tung i maven – præcis som resten af kortet.<br><br>Ville ik hjem og de spillede Wings på højtalere så kørte lige espresso martinis og sticky toffee pudding WOW hvor var den god, men ku ha brugt et fresh element. Deres Paris brest spår vi en flot IG karriere, se hvor smuk, og den smagte seriøst fråderen ✨<br><br>🥩8/10 for SOLID tung mad. Elsker den gammeldags vibe men ku godt bruge et par fresh grøntsager, der kan rense smagsløgene lidt once in a while.<br><br>🕯9/10 vibe. Nogen vil sikkert mene der er for mørkt. Fab sød service, og playlisten kunne vi ikke have lavet bedre selv. Et rum der passer til alle slags selskaber!<br><br>💸2290 mad, to flasker rød og to drinks. snackretterner ligger til bare 60-65 kroner= value 4 money!   https://www.instagram.com/p/Cbhv6-PMYva/?utm_source=ig_web_copy_link]]></description>
      <styleUrl>#icon-1899-9C27B0</styleUrl>
      <Point>
        <coordinates>
          12.5497272,55.6682833,0
        </coordinates>
      </Point>
    </Placemark>
    <Placemark>
      <name>Bar la Una 3</name>
      <description><![CDATA[OG followers ved vi har været forbi @bar_la_una nogle gange til en lil tilbagemelding, og vi har faktisk i mellemtiden også forbi uden at snappe photos, for believe it or not så spiser vi nogle gange uden at dokumentere 🤫 Men ny menu kalder på ny review!<br>Lagde ud med friteret polenta med ragu og det var seriøst en go start. Normalt synes vi godt frit polenta ka blive lidt melet og boring, men det var slet ik tilfældet her, og da slet ikk med den vidunderlige kødsovs ovenpå. Hurra! <br>Pige 1 røg på klassiker ravioli m spinat og ricotta - ved første øjekast så den lid tør ud i kanterne, men men men det var intet problem som mundfuld. Nothing special men bare en rigtig fin ret også fordi der ik var sparret på smør. 2 fik sin nye italienske favorit ret (siden vi fik den på @casamadrerestaurant) nemlig pølse med linsegryde, seriøst hun ka ta den intravenøst efterhånden, og Bar La Unas skuffede ikke! God bid i salsicciaen. Delte en salat m fennikel, blodappelsin og oliven, og den gik godt til begge retter omend de måske havde tabt olivenolien ned i, der var rigeligt! <br><br>Vi elsker at komme dernede især i hverdagen, for vi bliver ikke ruineret, og de leverer altid nogle flotte retter som tit skiftes ud (smart thinking, sådan får man os åbenbart til at komme igen og igen) - lidt travl stemning derinde, og man sidder ok tæt. Hvis I ka så få pladserne oppe i baren, der er virkelig hyggeligt at sidde og smalltalke lidt med det altid imødekommende personale. <br><br>🍝9/10 well done igen igen igen<br>Ka altså ikke huske prisen sorry, men det står på menukortet og vi drak også noget vin 🍷🍷🍷🍷.   https://www.instagram.com/p/CbpjQh9soKa/?utm_source=ig_web_copy_link]]></description>
      <styleUrl>#icon-1899-3949AB</styleUrl>
      <Point>
        <coordinates>
          12.5501941,55.6679016,0
        </coordinates>
      </Point>
    </Placemark>
    <Placemark>
      <name>Friheden</name>
      <description><![CDATA[Føler os som myg hypnotiseret af @frihedenkbh insektdræber skilt, der lokker smarte unge der drikker naturvin og fadøl, har gjort sig babe og taget det seje outfit på og scanner pladsen for deres næste flirt. <br>Før sommerens massive indtog var vi hurtigt på friheden til en lille hverdagsmiddag. <br><br>Havde frit udsyn over alle tinder datesne der bliver placeret i rundt om spise bordene så vi rigtig kan vædde om det er akavet første eller den endnu mere akavede sidste date vi sidder overfor 💕<br><br>Rummet er super hyggeligt og kan egentlig have en del mennesker uden at man bliver forstyrret af det. Cute med booths!<br><br>Menu til 325 men gik a la carte og startede med en agurk servering med tahin om var fin men ikke så specielt (Det er agurker trods alt og ikke en juicy sommer version). Videre til aubergine med chili og hvidløg “chips” hvor vi måske savnede lidt mere.. af noget? Chili eller kapow, bare et eller andet?<br>Nudlerne var sindssygt oversaltede men svinenakken var fin med god glaze.<br><br>Friteret blomkål med korean bbq smagende dressing. Er der en mikro korean wings mad trend igang? Optur at friheden kører en vege variant og smagte super, men ville nok matche den mere med øl end vin næste gang. <br><br>Nu vi er ved vinene! Friheden har et super prisvenligt og stort vinkort du kan dykke ned i. Umiddelbart er dem på glas ret standard men hopper du i flasken er der guld og sjov at finde og måske derfor anser mange friheden for mere en bar med mad end et spisested med vin🍷🍷<br><br>🍴6/10 intet af maden var dårlig, men måske en lille smule i det kedelige hjørne? Big up for et overvejende grønt hverdagskøkken, men ærligt kommer vi nok i fremtiden mere til vin end til middag. billig middag hvis du deler et par småretter. Har hørt venner rave om torsk, fladbrød og stenbiderrogn - så måske vi valgte skævt<br>🎉 9/10 men er du gal vi kommer igen for der er hygge stemning fra morgen til nat på friheden og det er et perfekt mødested for alle. Ses til sommer på flisen eller på bagterassen med de helt store solbriller på og en orange på køl <br>💸 Ca 700 I alt inkl to glas vin.  https://www.instagram.com/p/CbxIgz_Mo1v/?utm_source=ig_web_copy_link]]></description>
      <styleUrl>#icon-1899-9C27B0</styleUrl>
      <Point>
        <coordinates>
          12.541027,55.6981353,0
        </coordinates>
      </Point>
    </Placemark>
    <Placemark>
      <name><![CDATA[Hverdagen - Spise & Gildesal]]></name>
      <description><![CDATA[Lyder family style dinner og naturvin fra tap som noget? Well theres a new place in town der gør sig i netop det og vi har self været forbi. <br>Husker det som om der tidligere var en ret tarvelig cafeburger/nachos agtig joint der ved onkel dannys plads, men for ik så lang tid siden åbnede @hverdagencph. Gal en fed location, der er selvfølgelig også udendørsservering på pladsen ☀️<br><br>Bestilte lidt af hvert, det hele så faktisk godt ud, synes vi. Først lidt garlic bread, der desværre var virkelig tørt og ikke smagte af hvidløg - rosmarin til gengæld, men det redede det ikke. Men whatever for snart kom vores rillette med dejlig smørstegt brød til som var virkelig yummy. Tror faktisk aldrig vi har fået serveret en slum ret når grisen er fra @birthesminde - svinets svar på laks fra @letzshopcph👍 grønkålen var crisp og med en cheesy sovs/dressing nedenunder og vidunderligt til rilletten. <br>Next up en rapini (tænk morning glory/broccolini vibe) med ansjoscreme og parmagiano, hvor køkkenet igen gav os en dejlig grønsagsret med et lille animalsk pinch til lidt fedme og salt. Virkelig lækkert! Kyllingen var lige som den skulle være, dejlig marinade og så den mest overdrevne creme fraiche vi har fået længe! Jesus den var fed, men stadig syrlig ofc, stod så flot til kødet. <br>Altså hvidløgsbrød aside så var vi både #blessed og impressed - få ingredienser der skabte store smage. Lagde også mærke til der ikke var nogle hype retter på kortet (rip burrata) - måske lige bortset fra det hvidløgsbrød der, men ellers. NICE<br>Drak os naturligvis naturvinsfulde, og glæd jer til at prøve, for de tapper op i de mest cute små kander. Prøvede de 2 hvide og de var helt i orden! <br>Var jo mætte men as usual sku desserten også prøves: FRIED Apple pie med en psyko smagfuld is. MUMS<br><br>🥬9/10 elsker konceptet, vild med maden, kommer helt sikkert tilbage! Styr på råvarerne!<br>💡7/10 flot rum med højt til loftet men der er lige lyst nok synes vi. Men masser af planter og tulipanerne på bordene, ægte forårsstemning! Servicen var rigtig fin, bar lidt præg af de lige er åbnet, og det er der jo ik noget at sige til 🥰Seriøst god playliste. <br><br>Vi var flyvende da vi sku hjem(videre)💃💃 kæmpe anbefaling ✨.  https://www.instagram.com/p/Cb5SI7GMtth/?utm_source=ig_web_copy_link]]></description>
      <styleUrl>#icon-1899-9C27B0</styleUrl>
      <Point>
        <coordinates>
          12.5606486,55.6700663,0
        </coordinates>
      </Point>
    </Placemark>
    <Placemark>
      <name><![CDATA[Albatross & Venner]]></name>
      <description><![CDATA[Morgenbollemissionen har fået en ny contendant i form af freshly åbnede @albatrossogvenner i torvehallerne. En grande bix som endelig bringer surdejshypen (er den der egentlig stadig) til turistfavoritten i indre. <br><br>Som I kan se lå bollerne klar til os, og selvom de var frisksmurte, så ærgrer vi os en lille smule over, at man ik bare smører on the go når der bliver bestilt. Vil ærligt hellere vente lidt længere, for der skal ik mange minutter til at så papirstynd en skive ost bliver tør i kanten. <br>MEN når det så er sagt, så var det faktisk en rigtig god oste-ratio til den lille bolle, og det smagte dejligt da vi lige knækkede milimetertørheden af. Super bolle, blød og morgenganevenlig - til den lille side ift mange af de andre. Kan kun forestille os deres brød er Amazing. <br><br>Filteren havde vist stået til lige et minut i færgekaffe, men der er heldigvis jo andre kaffemuligheder lige rundt om hjørnet (vi kigger på jer @originalcoffee ❤️) <br><br>Morgenens helt store vinder blev the Queen A whatever that means, måske Amazing eller Astonishing eller Alletiders - vi er i hvert fald fans. De har ligesom taget en croissant ish og proppet den ned i en form, bagt og karamelliseret den. Det giver en monkeybread vibe med kan hapse fra, men med smørdejens blødhed fuldstændig bevaret, indeni et suprême delicious ydre. Wow! Og så en lille flage salt på toppen, nice touch. Fedtet omgang, men lå ikke så tungt i maven, så rigtig god som en lille deler post bolle. <br><br>🥐7/10 kommer igen, håber på frisksmurt morgenbolle og skipper kaffen, men har allerede våde drømme og dronningehapseren. <br><br>Gad virkelig også godt prøve en af deres spandauere, spændende om de ændrer dem efter sæson? Exiting 🤓.  https://www.instagram.com/p/Cb9rGXWsh3c/?utm_source=ig_web_copy_link]]></description>
      <styleUrl>#icon-1899-9C27B0</styleUrl>
      <Point>
        <coordinates>
          12.5697655,55.6836899,0
        </coordinates>
      </Point>
    </Placemark>
    <Placemark>
      <name>Lille Bakery 2</name>
      <description><![CDATA[Det er 100 år siden vi sidst har besøgt @lillebakery ude på reffen for ja, blæsevejr og rustne cykler not a great combo. Men en solskinslørdag kom vi endelig af sted sammen i en lille flok girlfriends på mission om at kurere tømmermænd. <br><br>Man skal sgu lige huske at medbringe tålmodigheden, der er nemlig constantly kø hele vejen ud af butikken. Og det er altså uanset om du bare ska ha en kaffe, en bolle to go eller en tallerken frokost. Kæmpe pleeeease om at de vil tage bestillinger ved bordene! Well, jeres piger her måtte sgu ud og stå i 20 minutter, og der var køen faktisk ikke engang speciel lang. På med de allerstørste solbriller og så bare armene over kors. Heldigvis var der en gravhund ❤️ men be prepared!<br><br>Kørte lidt forskellige dishes, og synes især der var god value for money$$ at komme efter på brød/smør/ost/jam tallerken og granola. Alt er hj lavet og det er æk skrabede portioner! We like. <br><br>Brioche med æg og fermenteret chili hold nu kæft en smørmursten, en carbpiedestal, crisp udenpå og moist indeni der gjorde os bløde om hjertet. <br>Fik også lige prøvet kræfter med kikærtegryden med hvidløg yoghurt og dukkah, og den smagte dejligt, men også lidt kedeligt. Dukkahen var virkelig grov, rigtig mange store stykker krydderistykker der gav små forskellige smagseksplosioner mellem tænderne i stedet for en samlet krydderstemning. Bummer… deres foccacia så røv lækkert ud til gengæld! Very instagrammable <br><br>Self et par kager til at slutte på som smagte vidunderligt. Især sneglen med kardemomme var vi vilde med! <br><br>🥖8/10 for bagværk og morgenmadsmuligheder, seriously nogle gode dishes til fair priser! Gryderetten trækker lidt ned. <br>😎8/10 poppin vibe, det er et sted der tiltrækker både ærke smart kbh typen og turisterne. Seriøst også et godt solspot<br>🥱4/10 for den lange kø, især fordi den gør det umuligt at sidde og nyde sin mad ved bordene på nederste etage uden at blive ramt i hovedet af en håndtaske.   https://www.instagram.com/p/CcIy_IKsKnm/?utm_source=ig_web_copy_link]]></description>
      <styleUrl>#icon-1899-673AB7</styleUrl>
      <Point>
        <coordinates>
          12.6131531,55.6900908,0
        </coordinates>
      </Point>
    </Placemark>
    <Placemark>
      <name>Selva</name>
      <description><![CDATA[På N bros hovedpulsåre Elmegade er der for sådan relativt nylig dukket en ny lunch mulighed op, og self om vi to koordinerede arbejdskalendre til en lil business lunch.<br><br>@selvacph serverer sydamerikansk grøntsagslykke ud til leverpostejsfolket, rent mekka for veganere, gluten-laktose intolerants. Vi er jo ingen af delene, men curious eaters! <br><br>Delte lige en rødbedejuice m æble+lime som energikick til at overskue alle mulighederne, og den var virkelig god og slet ik jordet. <br>Pige 1 gik med toast m chili/lime aubergine, grønkål, butterbean spread og ALT MULIGT mere som det ik er plads til at skrive pga IGs tekst-max, lagt ind i en storhullet blød foccacia. Pige 2 fik crowdpleaseren tapioka pancake m citron pulled oksekød, butterbean spread, chunky portobellobidder, kål, dress osv. Begge serveringer kommer med en valgfri salat fra disken som også helt crazy overload på ingredients. På den gode måde vel at mærke!! Lidt porøs pandekage der smuldrede, der godt ku ha brugt mere cheddar on top, men ellers var vi bare imponerede. Så mange ting på tallerknen! Og det hele passer sammen, blev seriøst inspireret til at spise flere grøntsager. <br><br>Derfor blev vi self nødt til også at få lidt fried i form af coxinhas m chimichurry-dyp og smokey eftersmag - brandvarme og juicy, sygt fråderen selvom dip ik var så firecracking. <br><br>Lil desser sku vi også ha, brigadeiros som er brazilian trøfler af kondenseret mælk og kakao, pas på, de er vanedannende og ryger lige ned med en kop kaffe til. Giver stramme bukser. <br><br>🥗8/10 for mad, tasty greens der gjorde os sultne efter mere, især når vi ka sidde ude foran i solen 🇧🇷<br>💸10/10 VALUE FOR MONEY, toast/tapioka inkl salat koster bare 75kr wtf? Kommer man altså ik langt for så mange andre steder. <br><br>Rummet er også super chilleren, og der er både plads til at sidde i grupper og som lone ppl watching wolf i vinduet. Wonderful 💚<br><br>Det her var den ultrakorte udgave af vores anmeldelse for @frihedsbrevet ✨.  https://www.instagram.com/p/CcSaBQoMOrM/?utm_source=ig_web_copy_link]]></description>
      <styleUrl>#icon-1899-9C27B0</styleUrl>
      <Point>
        <coordinates>
          12.5587785,55.689857,0
        </coordinates>
      </Point>
    </Placemark>
    <Placemark>
      <name>Atelier September</name>
      <description><![CDATA[Hip hippere @atelierseptember seriøst alle de års top placements på bloggerguides til kbh kan ses på køen ude foran som vi ærligt ik kunne overskue til at starte med. Men den ene pige er stor havregrødsentusiast og på insta ser deres version seriøst god ud, så det opvejede både for kø og at vi godt ved det ik ligefrem er et bang for the buck kinda place. <br><br>Deres claim to fame er jo avokadomadden, well, de her to plain janes gik altså med grød og brød/ost/æg tallerken.<br><br>Havregrøden var på grovvalset, som vi normalt synes bliver lidt for uncreamy og bulky, men her fungerede det. Lækre kerner iblandt, der smagte som om det havde ligger i blød forinden, utroligt lækker med en slags soft tidligere crunch struktur der gav fylde. Der var kanelsukker og smør i perfekte mænger, store skefulde blåbærkompot og pyntegrønt. Shit der var altså kræset for den grød. Hvis din hubby nogensinde serverer sådan en omgang på sengen, så ved man bare man er elsket. Den var virkelig godt. Eneste aber dabei var at det var en ret flad dyb tallerken, ku godt ha spist det dobbelte tbh. <br><br>Classic morgentallerken med et perfekt blødkogt æg, yummyum, og en eller andet form for fashionsalt der var meget pulveriseret men gjorde hvad det skulle. Brødet var desværre ret sejt, og det er altså en bummer, når det spiller hovedrollen på tallerkenen. Skorpen var tør og svære at tygge i, og selv ikke med pisket smør og comté ku det ægte reddes. Osten sku i øvrigt stackes dobbelt op for man kunne smage den. Og til 95kr ku de måske godt ha fyret en lil skefuld af den der blåbærkompot på on the side? Ikke tilfreds<br><br>Kaffen var filter og smagte dejligt, og vi var imponerede over yummy matcha<br><br>🍞6/10 på maden, grød trækker op og brød trækker ned <br>☀️9/10 på selve rummet, fantastisk flot og lyst med gigantiske buede vinduespartier og chamerende royal highness loft, are u kidding, ville slå ihjel for at bo et sted med den her indretning og atelier stil. <br>Desværre er viben derinde virkelig touristy, det virker ærligt som om folk mere dumper ind og at snappe photos til insta (guilty as charged) end at sidde og nyde maden. <br>💸290 bobs - man føler sig top smart fAnCY treat-myself, men måske mest af alt ret snydt.   https://www.instagram.com/p/CccnjKas8Ep/?utm_source=ig_web_copy_link]]></description>
      <styleUrl>#icon-1899-9C27B0</styleUrl>
      <Point>
        <coordinates>
          12.5829892,55.6821581,0
        </coordinates>
      </Point>
    </Placemark>
    <Placemark>
      <name>Café Lindevang</name>
      <description><![CDATA[Turn back time og smut til tidslommen Café Lindevang ved sløjfen på FRB. Duft af svedne smørpander og servietter i viftefold, og efter eget udsagt “byens dårligste madsted” Well hva fuck taler I om, det smager fuldstændig som det skal! <br><br>Kørte begge to en overdådig laksemad at starte på, ferskrøget og med hj lavet rygeostecreme. No shit 4 cm stackede lakseskiver på den hvideste hvide franner, yes baby. <br><br>Pige 1 gik med wienerschnitzel, pige 2 med engelsk bøf, og vi røg begge i snapsefælden - kan man andet når man sidder der bag de gule gardiner på sølvrævenes svar på Jagger? Nope, og der røg mange ned. <br><br>Maden er virkelig god og der er VIRKELIG meget af den. Tjek sidste billede for at se hvor lidt pige 1 kom igennem. Er hun overhovedet halvvejs? Pretty lame af hende, men i forsvar så er det altså en hel bakke per person der kommer ind. Elsker i øvrigt hospitalsbakke viben, sjældent man ser den nu til dags, og det kalder jo bare på mere fadøl og snaps. Kvalitjek på sådan et sted her er altid lige at lure om de hjemmesylter deres garniture. Helt tydeligt non-maskinhakkede rødbeder og augurker, og de smagte fresh derefter. Mums. <br><br>Hovedetter ligger til omkring 200 bobs og altså man kan faktisk easy blive mæt ved at dele én meeeen når det nu skal være, så synes vi altså man skal bestille en hver og se, hvem der kan klemme mest ned #bikiniseasonherewecome <br><br>🥩9/10 wounderful lille perle, vil gerne tilbage og spise frikadeller også <br>Det er lidt pricey umiddelbart men det er altså også nogle helt gigantiske portioner <br><br>Husk at ringe til dem og reservere bord! Da vi sad der var vi vidne til en hel masse walk ins der gik forgæves, så pas på med det. <br>Man kan vistnok også bestille som take out? Så i hvert fald et par tilsyneladende stamgæster droppe ind og hente en plastikpose fuld af greasy goodies. Life goals.    https://www.instagram.com/p/CcnQlmhMkyp/?utm_source=ig_web_copy_link]]></description>
      <styleUrl>#icon-1899-9C27B0</styleUrl>
      <Point>
        <coordinates>
          12.5126864,55.6792506,0
        </coordinates>
      </Point>
    </Placemark>
    <Placemark>
      <name>Tutten på Mellemfortet</name>
      <description><![CDATA[Hvis du mangler et sted at gå tur her i solskinsvejret kan vi kun anbefale dig at tage ud på sydhavnstippen, hvor du selvfølgelig også skal ha en lil frokost med. Tutten ligner ik noget der ligger i cykelafstand fra Enghave plads MEN DET GØR DET. Fantastisk med et sted hvor man stadig siger “fedtstifter” i stedet for pommes. <br><br>Godt nostalgisk kort med rørende bajerpriser fx, og vi havde et par venner under armen der sørgede for vi kom godt rundt om menuen. Smørrebrødet er ret standard højtbelagt på købe rug og med masser af smør. Havde det ret lol over lime på æggemad, den var ny!!?<br>Dunserne smagte ok, ren kødball lige i face, og et par skiver der vist var blevet ramt af en anden tallerken. Det ka jo ses i tandsmør. Som madderne smagte det helt fint men jo så heller ik mere end det. Fiskefileten var faktisk rigtig god, pommes ret slatne dog, syyyygt meget remo. men dagens helt store vinder var flæskestegssandwichen som vi KLART anbefaler man går med, hvis man dropper forbi. <br><br>Har ikke super optur over maden tbh men den location er fandme amazing. Sol hele dagen, udsigt til vandet og dejlig rolig lystbådevibe. Kan godt forstå vores nabobord kørte en flaske rose, med køler og det hele, hva siger du så? <br><br>7/10 🍔 for er stykke med Sydhavnen hvor burger trækker op og resten var lidt slattent. Men det er ik for den store kulinariske oplevelse man skal tage af sted, det er for ude-bodega og havnestemning. Og eventuelt for deres High tech ismaskine som vi havde det rimelig vildt over. Gad godt ha sådan en fætter derhjemme.   https://www.instagram.com/p/Cc0TE_8M6Jd/?utm_source=ig_web_copy_link]]></description>
      <styleUrl>#icon-1899-9C27B0</styleUrl>
      <Point>
        <coordinates>
          12.5424718,55.6380846,0
        </coordinates>
      </Point>
    </Placemark>
    <Placemark>
      <name>NENI Copenhagen</name>
      <description><![CDATA[Euro-successen @neni.copenhagen i @25hourshotels er endelig kommet til kbh. Kæmpe boutiquestemning derinde, gal hvor er det flot. Restauranten har en sydeuropæisk baggård vibe med gadelamper og lyskæder over hovedet på os, og kæmpe krukker i alle hjørner.<br><br>Startede med en lil drink hver. Sicilian Spritz var god men meget sirupy og til den søde side. Basil Code – alcoholic frisk have-stemning! Dog lidt kedelig så snart alt skummet var suget op. White girl at the club drink. <br><br>Kørte dagens kødmenu til 445 bobs. Startede i måske lidt for rask tempo – det fløj ind med alle forretterne oveni hinanden, havde næsten ik plads på bordet. Først hummus m tahindressing og grøn persille/chili-olie drizzlet on top. Hvidløgschok til næsebor! thank god vi ik sku ud og kysse på nogen bagefter. Vidunderlig spiselig ske af friskbagt pitabrød, fjerlet og ultra blødt. Havde det lol over at servere i mini-mulepose. <br><br>Popcorn-koriander-falafler var VIRKELIG GODE, og mouth dripping labneh m en ordentlig portion syrlige syltede citroner, grøntsager og oliven i midten af skålen. Krydrede kebabfrikadeller m tahin-dress, denne gang m et smukt mønster af rødbede, smør, pommegranate og citron. Man sku tro vi havde fået tahin nok til at sportsbrokke by now men nope, hver eneste ret havde sit eget lækre særpræg. Store lammekroner smurt med chimichurri var helt lyserøde indeni og smukt anrettet, og hver mundfuld var blessed juicy <3 Kom med freekehsalat, fin m kanelpinch, og en uheldig kartoffel, overbagt og oversaltet, øv. Aiolien var god!<br><br>Basquecheesckae, yummy brændt smag og blød midte, men havde måske fået lige lidt for meget. Muscovadois med shredded halva, wowow rigtig god men man skal elske sukker og sesam. Kaffen var skrækkelig og det beklagede de mange gange! Fik en ny, men den var også virkelig brændt - der må have været noget med de bønner de var virkelig brændte. <br><br>🧄8/10 for skøn mad smæk på krydder, minimal slinger i valsen. Ønsker os et bedre vinkort med mere israelsk, nu vi er på de breddegrader! Men ellers følte vi os transporteret direkte til Middelhavet. <br>💐9/10 viben sygt gennemført maksimalistisk colourful, ses på toi til selfies 🤳🤳<br><br>Læs hele anm på @frihedsbrevet ❤️.   https://www.instagram.com/p/Cc7l7diMssn/?utm_source=ig_web_copy_link]]></description>
      <styleUrl>#icon-1899-9C27B0</styleUrl>
      <Point>
        <coordinates>
          12.5772574,55.6817923,0
        </coordinates>
      </Point>
    </Placemark>
    <Placemark>
      <name>Bistro RK</name>
      <description><![CDATA[Vi fejrer lige fire år mere med le macarons 🇫🇷og var forbi @bistrork der nok tager prisen for byens mest overraskende placering midt på nørrebrogade ved siden af fuldkorn og sukkertoppen. Gad vide om ydre nbro bliver fancy nu? sejt at få upscale dining herude også.<br><br>Fancy indretning, klassisk med hvid dug, stearinlys og fransk flettede stole, tog nogle dates med for at mærke romance viben💕 god flette fingre stemning på trods af det meget store rum<br><br>Lille brød/ansjos snack til start som var ok men ikke så speciel. Brødet var lækkert men ville gerne have haft mere smør det røg meget hurtigt 😭 videre til forretterne:<br><br>Vi kan ikke spise fransk uden foie gras og de havde tilsat svesker/sherysauce hvilket var en VERY nice surprise, kammuslingerne var fine men ikke helt vores favorit.<br>Til gengæld kom der gang i festen da vi fik agnolotti med peberfrugt/ndjua (lækkert!) og morkler og svampesauce. Vi eeeelsker shroomies og den var fandme også god her. must order 100% 🔥<br><br>Mains - fantastisk tilberedt rødtunge m toast top amazing og asparges amazing og drømmesovs. Damn den var god. Man skal virkelig bare altid bestille fisk når man er ude. Pige 2 fik vagtel m hasselback og svampe, smagte dejligt men måske ikke så spring feeling. Sad lidt tungt i stolen efter.<br>Les copains fik self tournedos med trøffelsauce og mere foie gras på toppen, man bliver virkelig forkældet med råvarerne herinde. Stegt perfekt selvfølgelig👌👌<br><br>Creme brûlée med blodappelsin til dessert og en masse dejlig rødvin og vi havde en vidunderlig aften.<br><br>🍴8/10 super mad, super råvarer. Så klar på at komme tilbage igen. Ville ønske vi kunne spise mere - deres frokost kort ser også stærkt ud, ratatouille, rørt tartar, laks m hvide asparges? Keep em’ coming baby<br>💸 Lidt under 900 per person med snacks, forretter hovedretter og en dessert til deling. + to flasker vin. Heeelt i orden.  https://www.instagram.com/p/CdF7NxCM0ee/?utm_source=ig_web_copy_link]]></description>
      <styleUrl>#icon-1899-9C27B0</styleUrl>
      <Point>
        <coordinates>
          12.54691,55.695761,0
        </coordinates>
      </Point>
    </Placemark>
    <Placemark>
      <name>Souvlaki Stories</name>
      <description><![CDATA[Bag containere og vejarbejde ligger en lille hidden gem på sølvgade @souvlakistories der serverer græsk to stay or go gyros og fritter til rørende priser. denne dag var vi i take out mood, så snuppede en pose med goodies med tilbage i privaten. Næste gang bliver vi for ku sagtens se os selv høvle en gang græsk snasky business i den der lidt punkede kælder.<br><br>du ka få et fladbrød for 75 bobs #hurra og for bare 15 kroner oveni får du fritter og dip. Gik med en classic med gris, tzatziki, tomat, salat, rødløg, persille og self fritter indeni + en “hangover”, som vi ik helt forstår navnet på, men den er med krydrede meatballs, feta og alt det andet også. Yes baby, det smagte vidunderligt. whoever fandt på det her med at putte pommes ned i wrappen, we salute you, blessed mundfulde hele vejen igennem. Brødet var blødt og lækkert, tzatzikien og svinekødet var seriøst godt. kødbollerne var en smule tørre i det, men de havde en super nice chruncy kant, mistænker dem lidt for at ha været en tur i fritøsen. Måske dér tømmermændskuren kommer ind i billedet? <br><br>Selvom det er hvad man måske kan kalde en medium sized wrap, så blev vi altså begge mætte. (Vær lige opmærksom på at det altså er FROKOSTTALLERKERNER og ikke de gigantiske RC dinner plates som vi har placeret aftenens måltid på.) En carbkejle med både kød, fried og dress har som regel en heavy landing. Også denne gang 🤰🤰<br><br>Den ene pige havde også upscalet til en fritter-menu, og de var dejlig varme og sprøde, dog en smule melede indeni. Spicemix drizzlet henover, mere paprika end chili, men det gav et nice touch. den hjemmelavede chilimayo var seriøst god. <br><br>🌯9/10 på maden, ik sidste gang vi spiser derinde<br>💎20/10 value for money, det er satme godt nok lang tid siden vi to er blevet mætte for 175 kroner whaaat. Helt perfekt til de dage hvor man ik lige føler sig lavet af penge, hvis man da egentlig nogensinde gør det.<br><br>Der er self også drikkevarer nede i biksen (kan man også upgrade sin menu med) men fik ærligt ik lige tjekket dem ud, for som de bougie bitches vi er havde vi naturvin på køl hjemme på matriklen.   https://www.instagram.com/p/CdK_1uQM1il/?utm_source=ig_web_copy_link]]></description>
      <styleUrl>#icon-1899-9C27B0</styleUrl>
      <Point>
        <coordinates>
          12.5731822,55.6897943,0
        </coordinates>
      </Point>
    </Placemark>
    <Placemark>
      <name>Rangoli</name>
      <description><![CDATA[Vi fortsætter jagtens på byens bedste indiske, og denne gang ramte vi @rangolicph på st kongensgade. der er indrettet ret modern med skiftende farver i loftet på toilettet, en fake plantevæg og lidt dimser der er lidt cutesy. Lol med en Tesla foran indgangen så er vi i indre 😂 hvis bare vi havde råd til en el karet ❤️<br><br>To tørstige piger havde lyst til drinkksss så hoppede på et par indian style cocktails, boozy mango lassi, passionfruit martini og tamarin mojito lidt senere som alle smagte fint omend ret søde til mad 🍹måske bedre efter<br><br>En omgang onion bhajee som smagte super og en tandoori chicken (lidt tør) til forret var en fin start + papadums of course.<br><br>Den ene pige prøvede for en gangs skyld at tage en vegetar hovedret - en sag paneer, spinatret med den bløde paneer ost som smagte helt fint men blegnede naturligvis ved siden af den lamme takatak curry med peberfrugt og løg. Lækkert!! Vi bestilte indian spicy og endnu engang udeblev svedeturen 🥵kan stadig mærke at der bliver holdt en del igen selv når man prøver at presse på.. sad<br><br>Fik ris + garlic naan og måtte som altid lidt knappe øverste bukseknap op. mådehold og overspisning er åbenbart noget vi stadig skal have lidt styr på for kulhydrater kommer snigende og rammer som en betonklods.<br><br>Alt I alt en hyggelig hverdagsmiddag hvis man alligevel slentrer rundt omkring marmorkirken, især hvis man lige skal gå en tur efter man har haft fingrene lidt for langt nede i naan brødet. We’ve all been there! <br>Ikke helt oppe og ringe på kbhs bedste men helt solidt niveau. Der er en god chance for lovende retter på menukortet, vege var lidt blah og savnede chili varme men stort potentiale. Vi kommer 100% igen, rummet var også ret nice at sidde i. <br><br>🍴6/10 for smagfulde retter der stadig lige manglede lidt. Lam var igen vinderen men der var også en del andre spændende ting. Lidt stenet at ris/naan ikke er inkluderet i hovedretterne. De har et børnekort hvis man er med kiddos opkaldt efter junglebogen 🐻<br>💸 929kr for to forretter, to hovedretter, to sides, 4 drinks.  https://www.instagram.com/p/CdXpslEMNpZ/?utm_source=ig_web_copy_link]]></description>
      <styleUrl>#icon-1899-9C27B0</styleUrl>
      <Point>
        <coordinates>
          12.5881269,55.6846257,0
        </coordinates>
      </Point>
    </Placemark>
    <Placemark>
      <name>Brasserie Prins</name>
      <description><![CDATA[There’s a new prince in town, @brasserieprins på gl Kongevej lige overfor irma 👑 <br>Utroligt hyggeligt sted hvor man ka ha det ret privat i mængden. Geniale loftslamper sørger for spot på hvert lille tomandsbord – eminent belysning. Der er også en lille gårdhave in spe, What a hangout, vi håber godt nok, at FRB borgerne er klar på rødvinstipsy stemning i baggården. Potentielt årets sommerspot.<br><br>Predinner fik vi en fresh absinth champagne cocktail og en rialto spritz, god spruttet start på kødorgiet. <br>Svinerilletten var fuldfed, salt og slippery, mmm som vi ka li den, svært ik allerede at spise sig mæt i første starter når man ka stacke SÅ lækre madder. <br>Mælkebøttesalat med smilende æg og crispy bacon, pas på den hvide skjorte der kommer dress over det hele! Salt version af tarte tartin m karamelliserede løg, hurra hvor var den god, en sand contender til prototypen på en 2022-æstetisk servering med sit chunky og afbrændte ydre og en fin lille klat råcreme med vaskeægte svirp i midten. Ret kompakt dej dog. <br>Porcheret quenelle af sandart og et par giga jomfruhummerhaler i en sovs i den lyse ende af bisquespektret. Vidunderlig! <br>Check out the big brain on Brett, fik nemlig kalvehjerne og ku konstatere at det ik lige er noget for os, men den var tilberedt helt som den skulle. Sådan en udskæring er ultra blød og salt, så helt Perf med crunch kapers on top. <br>En tur i ostekrausellen straight fra favoritten @gourmand_le sikke en gavmild servering til 1 pige, og et slice af citronhimlen til pige 2. Ultra syrlig og superb følgesvend til en kop sort med calvados YES<br><br>Hvis man craver fordybelse og catch up med en long-time-no-see-person er det et oplagt sted. Indbyder til gode samtaler, en meget voksen vibe. Bliver aldrig stift eller kedeligt men gn snit gæst gemmer shots til afterhours på Amigo Bar tror vi.<br><br>🇫🇷9/10 for vidunderlig grundfransk mad fra øverste hylde<br>🖼8/10 på rum, der er umiddelbart ingen dårlige borde, imponerende koordineret<br>👨‍🍳9/10 service bliver hverken stift eller try-hard, for det er gjort med store smil, gode historier og generelt bare en åbne-arme-vibe ❣️<br><br>💸2005kr hvoraf 750 er for vinen, som vores fab host valgte 🙌<br>Forkortet fra @frihedsbrevet.  https://www.instagram.com/p/CddS58ZsY-W/?utm_source=ig_web_copy_link]]></description>
      <styleUrl>#icon-1899-9C27B0</styleUrl>
      <Point>
        <coordinates>
          12.5534012,55.6736523,0
        </coordinates>
      </Point>
    </Placemark>
    <Placemark>
      <name>Wagamama</name>
      <description><![CDATA[@wagamama_dk har lige siden den legendariske frokost med mor video været mejslet i hukommelsen som stedET i 00erne der bragte fancy asian til det danske folk. <br><br>Ikke et synderligt hyggeligt rum, mange langborde og lidt kantine stemning men vi var sultne og bestilte nogle bajere og drinks til en kyllinge gyoza starter som var fin men vi kunne have lavet lige så godt derhjemme.. 🫠 fik gyoza før drinks, en svipser? Viben var lidt for få tjenere til lidt for stort et gulv og ret fraværende. <br><br>Til hovedretten kørte vi en enorm bunke nudler der ikke smagte af noget med oksekød virkelig krævede en del chewing før det røg ned og en niko curry med kylling som også var flad og kedelig. Wahhhh<br><br>De har måske været forudseende for allerede fra start var der soya og chiii olie på bordet hvis man havde lyst til mad der smagte af noget, men hele oplevelsen var sgu lidt spild af kalorier??? Virker til at wagamama går benhårdt efter det safe publikum der spiser daloon når de skal have asiatisk derhjemme og være lidt spændende. Spring over og gå 500m ned bag hovedbanegården hvor du med garanti får mere autenticitet og spice. <br><br>🍴3/10 en kedelig og intet smagende oplevelse. Øv<br>💸 730 kr i alt i kl drikkevarer.  https://www.instagram.com/p/CdvlFx5MeDD/?utm_source=ig_web_copy_link]]></description>
      <styleUrl>#icon-1899-9C27B0</styleUrl>
      <Point>
        <coordinates>
          12.5690741,55.6723505,0
        </coordinates>
      </Point>
    </Placemark>
    <Placemark>
      <name>Italo Caffé</name>
      <description><![CDATA[CIAO! Det er vist ingen hemmelighed at de her to piger er fans af @italodisco.cph så self var nyt skud @italocaffe_ en oplagt frokost. <br>Indretning er super simpel italian med spejl, høje barstole og øl/amaro som eneste pynt. <br><br>Menuen er simpel og lige foran dig i disken, der bliver vist udvidet efter dag/tidspunkt men da vi kom stod den på panini m tyndskåret pulpo rucola peberfrugt som var divineeeeee 😇<br>vi har været lidt overdosed på sprutte BUT baby WE’RE back i sandwichform 100%! Den skal man bare have igen og igen wow hvor lækkert 💕💕<br>Fik også et lille glas salsa picante (ik så spicy mere smag) så man kunne dynge lidt ekstra oven i. Damn thats delicious. <br>Er du mere til det traditionelle kan du få en sanner m skinke ost Dijon pickles og mere rucola som surprise OGSÅ var skøn. Men ville dog sige at pulpoen tog prisen. Der var også en croissant men vi sprang over. <br><br>En tærte på kikærter??Med grønne asparges i serveret med en burrata, fangede ikke hvad retten hed men det var super fråderen og føltes meget lux med lidt cheesus✨<br><br>Så stod der lige en kæk fyr og pressede appelsiner så haps den tog vi også lige i en appelsin/granat/grape blanding🍊<br><br>Har man nogensinde været i Italien forstår man hurtigt at de elsker sød morgenmad. Lidt weird for os salt danskere men især på Sicilien gør de sig meget i granita (en slags sorbet) med brioche boller formet som bryster og flødeskum til lige at starte dagen. Granitaen stod gudhjælpemig og kværnede on the side så vi tog 1 jordbær og 1 citron som var friske og lækre palate cleansers. Ingen bryster denne gang men mon ikke de dukker op. Og tjek lige de flotte glas! Og hvis de får mandorla granita så køb asap <br><br>Værnedamsvej er så forkælet i sit madudvalg og her har de bare fået sig endnu en vinder. Vi kan allerede se os selv som stamgæster 🇮🇹👯‍♀️<br><br>🍴9/10 perfetto!! Brava!! Simpelt og super. Glæder os allerede til mere, den ene fyr bag disken sagde han havde været til pasta kursus og var snart klar til at vise sine nye skills frem <br>🇮🇹10/10 på vi elsker Italien vibes anno 2022 vi er så klar på at hænge ud i den cute biks eller på et par skamler udenfor<br>💸 glemte det så snart vi swipede kortet men tror det var ca 350kr.   https://www.instagram.com/p/Cd_HAP1MwHH/?utm_source=ig_web_copy_link]]></description>
      <styleUrl>#icon-1899-9C27B0</styleUrl>
      <Point>
        <coordinates>
          12.5500875,55.6736742,0
        </coordinates>
      </Point>
    </Placemark>
    <Placemark>
      <name>La Carmela</name>
      <description><![CDATA[Hvasså Valby er i KLAR? Til DM i pizza fik @pizzerialacarmela en fornem 2 plads, og alle vinderne er fra smilets by ergo må det her være kbhs finest, og self om vi sku forbi og prøvesmage. Klip til 4 pizze senere og to oppustede piger, bravissimo, følte ligesom vi måtte gå all in + er der noget bedre end en slice køleskabskold dagen derpå, we think not. <br>Man ka sidde inde og beundre stenovnen, men der var ik plads, så vi tog dem med hjem. First of all præsenterede de en kæmpe gamechanger i form af kasser der kan stables og hvor låget kan tages af!! Fuldstændig genious så har du easy en lil plate at spise fra og der var ingen fare for at tabe en pizz på vejen hjem. Big ups. <br>Margherita og quattro var vores favoritter, stærkt efterfulgt af ortolana. Quattro havde en spot on gorgonzola amount, tænker den er god at starte på hvis man lige skal lære voksen-pizza m blå ost. Heavy satan der ku tage pusten fra selv os. Brilliant. Tomatsovs versionerne skreg til himlen af sol, dyb og intens, clearly tomater der er nurset om helt fra spæd, please please må vi købe den på glas? 😍salciccia var også virkelig lækker men blegnede en smule ift de andre, ku ha brugt lidt ekstra Spice måske. Overall var dejen self både sprød og blød og der blev endda springlet lidt olivenolie henover inden pickup. Som i øvrigt også var helt genial, de puttede først pizz ind da vi kom hentede!? Fresh out the oven på en måde vi aldrig har oplevet før. Præcis som i moderlandet 🇮🇹<br>🍕9/10 pizze, chi la dura la vince, det trofæ ska til kbh asap. Eller vi må tage til Aarhus igen seriøst hvor må de være gode der<br>Ekstra point for gode kasser<br><br>Så når i nu alle sammen ska til @bloom.festival og @sydforsolen lige omelet og bliver metaltrætte af foodtrucks og fadøl, så anbefaler vi at stikke ned til Valby downtown og holde en italiensk spisepause, c ya 🍕🍕🍕🍕🍕🍕🍕🍕.  https://www.instagram.com/p/CeGWz8jMMw2/?utm_source=ig_web_copy_link]]></description>
      <styleUrl>#icon-1899-9C27B0</styleUrl>
      <Point>
        <coordinates>
          12.5175203,55.6663052,0
        </coordinates>
      </Point>
    </Placemark>
    <Placemark>
      <name>Pølsevognen på Højbro Plads</name>
      <description><![CDATA[Var ved at gå fuldstændig kold over at shoppe med den bedre halvdel på strøget hvor byens dyreste (?) pølsevogn reddede os med en ristet med det hele. <br>God bless hvor er det en guddommelig spise at få pølse i luftbrød, det er jo et kæmpe kram at sluge sådan en 😇😇😇<br>Kulinarisk er der jo ikke meget at komme efter, og vi fortrød da også lidt da vi kom 50m længere op af strøget og så den DØP. Ups!<br>Husk den varme Cocio❤️‍🔥<br><br>🌭 6/10 for selve maden, smager blessed men næringsmæssigt ikke noget at komme efter (who cares)<br>🇩🇰 10/10 for nostalgi og Yussef poulsens manglende dannebrogs flag i baggrunden 😅<br>💸 37kr for en ristet med det heeeele inkl dårlig ånde resten af dagen.  https://www.instagram.com/p/CeTE1fnsISu/?utm_source=ig_web_copy_link]]></description>
      <styleUrl>#icon-1899-9C27B0</styleUrl>
      <Point>
        <coordinates>
          12.580046,55.6784295,0
        </coordinates>
      </Point>
    </Placemark>
    <Placemark>
      <name>Berlin Döner Kopenhagen - Originale Berliner-Dönere</name>
      <description><![CDATA[Guten heute leute, vi har endelig været forbi @berlindoner_kph som vi er blevet tippet om SÅ mange gange - ur wish is our command so here it goes 🇩🇪🇩🇪🇩🇪🇹🇷🇹🇷🇹🇷<br><br>Havde frem til at få et ægte tysk flashback nu hvor der er reklameret for at det skulle være præcis som i Berlin, så var ærligt lidt skuffet over man ik ku få dem mit gemüse som ellers er vores favorit. Til gengæld var de vigtige tyske dressinger der, og vi kørte begge en combo af krauter og scharf, som fungerer sygt godt. De skriver den er stærk, men det er den altså ikke, især ik i mix med urtedressingen, så bare go nuts. De er også ligeså rundhåndede med den, som vi havde forestillet os og det giver ekstra point🏅<br><br>Rigeligt med lækkert juicy as fåk kalvekød, og en for en gangs skyld god fornemmelse for, hvor mange rå løg man egentlig ku tænke sig! Ellers var det self kål og det traditionelle agurk/tomat/persille show, yummy yummy yummy af fed dress+kød og fresh salat. Brødet var luftigt (plads til meat juice og dressing YES) og varmet til den hårde og lidt brankede side, men det ku vi egentlig meget godt lide. God mursten af en aftensmad, husk servietter og tandstikker!!<br><br>Liiiiidt en skam at deres vege version bare er minus kalvekødet, man ku godt ha ønsket sig en falafel eller halloumi version. Mener at ha læst et sted, at de har haft så sygt travlt med meterlange køer hver dag (+ manglende personale ligesom seriøst alle andre steder i kbh) at det ikke lige var prioriteret endnu. Fair nok men håber det kommer sometime 🤞<br><br>🥙8/10 smagte godt selv uden gemüse, og der var RIGELIGT til en vaskeægte god sidst på måneden/for trashy til at tage på restaurant søndag. God value for money!<br><br>0/10 point til enghaveparken for at have stompkoncert(??) mens vi skulle spise og nyde søndagssolen, are u fucking kidding me 🤯🤯.   https://www.instagram.com/p/Ced-nwlM87X/?utm_source=ig_web_copy_link]]></description>
      <styleUrl>#icon-1899-9C27B0</styleUrl>
      <Point>
        <coordinates>
          12.5451656,55.6694238,0
        </coordinates>
      </Point>
    </Placemark>
    <Placemark>
      <name>LAMAR</name>
      <description><![CDATA[FRB har fået en ny n-bro restaurant nemlig @restaurant_lamar som er del af big menus for small price-fam, der os har safari og omar. Der var føller så vi var 10 sultne piger afsted! <br><br>Vibey rum med bangin old school hiphop vinyler og kultfilmsplakater på vægge + en hel masse polaroidpix af friends. Det er rollin with the homies mere end det er candle light romance. <br><br>Gik menuvejen med 8 retter family style til 385. First up helleflynder med østers emulsion, grønne tomater og basilikumsolie - fisken blev overvældet af basilikum, og de ti piger ku ik blive enige om eftersmagen af hav var skøn eller mysisk. <br>Asian style grov tartar med rejechips on top, god spiselig ske, bravo. <br>Øv bøv for pescetarerne for de fik bare lov til at sulte mens omni-piger spiste tartar, that was wierd og ik særlig 2022. <br><br>DK kartofler med asparges og hollandaise, vidunderlig sommerstarter (har slettet pic sorry) Svampet foccacia som vi kender det fra søsterrestauranterne, but it got a lil funky med saffranaioli med kartoffelstykker i der seriøst lignede en kæmpe klat remo. men smagte fino!<br><br>next up en tallerken slethvar, en bunke meget lidt kogle brocollinier der sejlede rundt i ostesovs. instant flashbacks til kantinebuffet broc salat m bacon, når de var så rå. Kødpiger fik brisler m peberfrugtsovs - dejlig varm og basic, det var vores favorit (igen har vi ingen pic, dunno why) Pescepiger måtte bøjes med forkullet, kold blomkål med tahin og mynte. Super meget plate envy going on på det her tidspunkt. <br><br>Den skål der ligner en stor klat skum er der en mazarinkage under, og det blev hvinende sødt. Dessert 2 var creme anglaise, ananassorbet pernod og jordbær, og den var bedre balanceret. men bærene var smagsløse og køleskabskolde. <br><br>Stres at det hele kom lidt oveni hinanden og ik rigtig passede sammen. Mange retter var bygget op efter samme opskrift m sovs som primær smag, og vi manglede lidt noget fresh. <br><br>🍴6/10 mad, de super råvarer blev gemt under for meget flydende og en ærgerligt oplevelse for pesce piger<br>🎼8/10 vibe, masser personlighed 👏<br>Dog var service sløv og der var fuld af mados derinde men de var også LIGE åbnet så det er måske bedre nu. <br><br>Short version fra @frihedsbrevet.  https://www.instagram.com/p/CeiqCihM0N3/?utm_source=ig_web_copy_link]]></description>
      <styleUrl>#icon-1899-9C27B0</styleUrl>
      <Point>
        <coordinates>
          12.5554427,55.6735377,0
        </coordinates>
      </Point>
    </Placemark>
    <Placemark>
      <name>Fu Hao</name>
      <description><![CDATA[En klassiker på Vesterbro, vi havde brug for lists ordentligt dim sum efter magasasa fadæsen for lidt tid siden og gik fire piger ned bag hovedbanen til FU HAO. <br>Det går altid helt galt når vi skal spise dimsum ihvertfald mængde wise men med en af hver på kortet strategien går man næsten aldrig galt 🥟🥟🥟🥟🥟<br><br>Vi skulle vinke flere gange, tjenerne virkede nærmest ihærdige i at ignorere os? En mystisk oplevelse når man prøver at bruge nogle $$$ i biksen. Efter 20 stive minutter blev der placeret en overkogt portion bok choi med østerssauce på bordet hvilket blev slugt hurtigt. <br>Og så ventede vi<br>Og ventede og ventede og ventede? Efter næsten en time (!!) efter vi satte os og den ene pige halv/heldigt fik fanget en og spurgt hvad der foregik med ventetiden kom der endelig dimsum på bordet, rygende varme dampede med svin/reje/fisk/svampe, dejligt crispy sesamkugler med rød bønne paste, stegte bønneruller med grøntsager, og soyabønneruller. Bønne rullerne var ikke vores favoritter, man skal tygge lidt mere i dem og som konsekvens spildte vi soya overalt #whitegirls <br><br>🥢 6/10 smagte fint, har fået bedre og værre. Oplevelsen blev virkelig ødelagt af at vi følte os decideret ignoreret (på trods af vink og fagter). Måske en uheldig dag? We dont know<br>💸 812 kr - Kvitteringerne blev bøvlet helt vildt med, pludselig kom der en ekstra bon og det er umuligt for os at vide om vi har betalt det rigtige.   https://www.instagram.com/p/CevizadM6PA/?utm_source=ig_web_copy_link]]></description>
      <styleUrl>#icon-1899-9C27B0</styleUrl>
      <Point>
        <coordinates>
          12.5627495,55.671678,0
        </coordinates>
      </Point>
    </Placemark>
    <Placemark>
      <name>Restaurant Levi</name>
      <description><![CDATA[Er I klar til en gigantisk anbefaling? For lidt tid siden besøgte vi @levi_cph med @frihedsbrevet og her kommer forkortet version:<br><br>Er du til metropolitan indretning og babe hostess i matchende rotate kjoler er du kommet til det rette sted. Holy moly her er lækkert, og vi glæder os allerede til at se cOnTeNt fra det pudderfarvede badeværelse. Sygt flot. <br><br>Gik a la carte of dreams med levis fusion af japansk og italiensk cuisine. Normalt er vi lidt trætte af forsøget på at mixe to forskellige køkkener der fungerer så godt hver for sig men her var det gjort med en elengance vi sjældent har set lignende. Tunsashimi med bagna cauda (ansjossovs), gyoza med salciccia/reje-fyld, og er par skiver ristet brød m havtaskecreme - hold da kæft et lykkeligt tvangsægteskab mellem de to stolte køkkentraditioner! Bravo! <br><br>En arancino i waygu, barbeque asparges og en nuddelstyle sprutte bunke med favabønner, nori-pulver og hasselnødder. Arancinoen især var one for the memories, en umamieksplosion der voksede for hver lille mundfuld. Det hele var så gennemtænkt, at vi sad helt målløse tilbage og nød soundscapet af berliner-techno på denne sene fredags reservation. <br><br>Næste foodgasm kom i form af en caviarspaghetti og en tortelli med tomat og dybstegt blæksprutte. Shit fuck hvor var der meget kærlighed i den sovs, pure plate love #blessed<br><br>Self om vi lige skulle prøve deres pistacieis m olivenolie, fik også et par espressos at skyllede efter med. Men omg den is behøvede ingen chaser, it was like eating a cloud ku godt ha brugt en dejskraber. <br><br>Klientel primært nft spekulanter på date med LV-flashin midlife babes, hvilket blot gav os noget at snakke om 🤠<br><br>🍴9/10 seriously flotte serveringer. Få tricks kombinerede det bedste fra 2 verdener. Sex on a plate u guys 🤤<br>7/10 service - sød men lidt uopmærksom. Ku egentlig godt lide slow stemning, men vores glas var tomme lidt for længe også selvom vi spottede ejeren på gulvet! Et sjældent syn, respekt! <br>💎10/10 for indretning. Visuel point of reference i de store heliumballon lamper får væggene til at ligne de er mid sci-fi hotstone behandling, og det giver super belysning i det store højloftede rum. Very smart thinking. <br>💸2.406kr.  https://www.instagram.com/p/Ce020m1MLBh/?utm_source=ig_web_copy_link]]></description>
      <styleUrl>#icon-1899-9C27B0</styleUrl>
      <Point>
        <coordinates>
          12.5822924,55.6817918,0
        </coordinates>
      </Point>
    </Placemark>
    <Placemark>
      <name>Pasta Mania</name>
      <description><![CDATA[Verdens mindste anmeldelse fra date night forleden hvor vi post-empire skulle have noget andet end popcorn i maven. <br>@pastamaniakbh har åbent til 22 og vi bestilte begge nr 4 som vist er almindeligt kendt som Verdens Bedste Pasta (ihvertfald i vores vennegruppe) og er et mangeårigt langt kærlighedsforhold for pige 1. Vi har prøvet andre pastaer på kortet but gotta say, true love is calling ❤️<br>Trøffelsovs og super møre kødstykker med gulerødder og store chunky champignon. Smager som en drøm og et kram. Så comfort. <br>Kærester kommer og går men pasta mania består 💕💕 og så har de udeservering om sommeren til de ultimative kbh vibes. Portionerne er ret store så det er satme en god deal<br><br>Normalt er det rigatoni men det var de løbet tør for. Fik også en cola til fordi de i grand kun har Pepsi. Sad<br><br>🍝 10/10 fuld plade for nr 4 specifikt<br>💸 99kr.      https://www.instagram.com/p/Ce5_k0AMLI-/?utm_source=ig_web_copy_link]]></description>
      <styleUrl>#icon-1899-9C27B0</styleUrl>
      <Point>
        <coordinates>
          12.5583558,55.6896816,0
        </coordinates>
      </Point>
    </Placemark>
    <Placemark>
      <name>TheVan</name>
      <description><![CDATA[Its the swim season! Og vi brugte lige en (lidt for lang) frokostpause på at springe ned til vandet og hoppe i. Lige på den anden side af den hvide gå/cyklebro ved blox spejdede vi en blå van med folk siddende omkring så vi cyklede over ☀️☀️☀️☀️<br>@thevandk er en van og denne var meget kaffeorienteret med lidt sandwiches og bagværk som næsten alt sammen var udsolgt pga turister MEN vi scorede den sidste rugbrødsklemme. En vegansk version med chili mayo, ristede mandler, masser avo, spinat og rødløg pickles. <br>Simpelt og drønlækkert, især tricket med de ristede mandler var en fed lille detalje, må vi lige huske næste gang vi skal lave blæremadder. <br>ISkaffe fordi hvorfor ikke og wow den var lækker. Kunne godt blive lidt farligt :) de har kun vaniljesirup fyi<br>Hvis man lige er i området skal i bare hoppe derned! Vi kunne dog ikke finde ud af hvorfor isterningerne var SÅ bling? Er det fordi vandet var kogt da det var på frys eller hvordan? Very disco<br>☕️ 8/10 for god og billig mad og kaffe. Vi skal klart forbi igen og prøve deres toast <br>💸 90kr for 1x kaffe og en mad. Vi fik faktisk to kaffer men indser lige nu de må havde glemt nummer to.    https://www.instagram.com/p/CfEVWRAMUwq/?utm_source=ig_web_copy_link]]></description>
      <styleUrl>#icon-1899-9C27B0</styleUrl>
      <Point>
        <coordinates>
          12.5816906,55.6708543,0
        </coordinates>
      </Point>
    </Placemark>
    <Placemark>
      <name>Ripotot</name>
      <description><![CDATA[Y’all, sidste uges anmeldelse på @frihedsbrevet var business&plesasure i skøn forening, for der var fuld plade til spritnye @restaurant_ripotot ✨ her er den korte version:<br><br>First of all geni menukoncept: fem serveringer til 475kr, 2 valgmuligheder i hver MEN som man må godt vælge hver sin og dele - hvordan det lige løber rundt ved vi ik med damn elsker vi ka få så meget forskelligt. <br><br>First up Hart baguette, ristet brød m torskecreme og chili MUMS røget eftersmag, sendte fynboen til himmels i rygeost nostalgi. Grøntsager i tempura m ærtecreme, også sygt lækkert. Fik at vide de får veggie mysterybox hver uge, og vi havde ik prøvet grøn asparges tempura før. Så syndigt ud men wow smagte wonderful. Tilfreds pige, god start 👍👍<br>Next level oksetartar med persille, peberfrugt og på en torsk/kapers creme og raddichio og bløde rødløg on top. FINALLY en tartar der vil lidt mere end classic m estragonmayo som alle andre steder. Det var how to tartar anno 22! Watch and learn! Tunsashimi m ærte/peberrod pure i bunden, soja ovenpå, nye dk ærter (DE ER TILBAGE!) og thaibasilikum. Så spændende, så lækkert. <br>Løgtærte med den fedeste comtesovs udover og et par grønne fallos m mandelcreme og pastacios. Stønnede af fryd. <br>Måtte knappe bukserne op for at få plads til resten: juicy vagtel, lørdagskylling gone fancy, og smuk havbars, blomkålspure og hjertesalat i en intens mørk hummerbisque der sparkede stolebenene væk under os. <br><br>Sku lige ha en plate cleanser aka drink, og det var det eneste semi-oplevelse, den var noget tynd. Men så ankom desserterne, og bedst som vi troede køkkenet ik ku blive bedre røg de altså direkte i førertrøjen til årets dessert!! Chokotærte med earl grey, creme fraiche, citron og olivenolie - perfekt kombo af bitter, blød, sød, fed ALLES Jesus hvor smagte det godt. Paris brest var også tiptop men klart til dem med en sød tand. Cremen, u guys, én til scrapbogen. <br><br>Virkelig dejligt rum, hvor vin, Coffee table books og levende lys sætter stemningen. Big ups for tampax på toi 🥹<br><br>🍽10/10 All in all! Maden var vidunderlig, overraskelser på de tallerkener, prisen var fandme i orden, og service var skøn. <br>💸1715kr for al den mad, flasker og drinks.<br>Ses derhenne!    https://www.instagram.com/p/CfMPU3Fsybr/?utm_source=ig_web_copy_link]]></description>
      <styleUrl>#icon-1899-9C27B0</styleUrl>
      <Point>
        <coordinates>
          12.5872546,55.6834821,0
        </coordinates>
      </Point>
    </Placemark>
    <Placemark>
      <name>studio x kitchen</name>
      <description><![CDATA[Har været på @studioxkitchen af 2 omgange for at smage os gennem så meget som muligt, service til folket 😇😇<br>Ligger lige i dronningegården og har kæmpe namaste stemning med lyse træmøbler, rolig belysning og god bred vindueskarm til ppl watching, yes please. Du bliver mødt af “hi love” “dear” osv, kæmpe vibe, så pænt er der aldrig nogen der ellers taler til os<br><br>Første besøg: kaffe, æg, græskar/raddichio salat og en muffin som slutter. Gal nogle gode æg, de her var med gl knas og nduja smør, helt bløde og masser smør pizzaz. Til 125kr er de fandme os betalt. Nduja og gammelknas er jo begge attentionwhores, så lidt voldsomt for nogle smagsløg måske, men alt i alt en elevated eggs-perience, som vi ik har spist for sidste gang, det er helt sikkert. Salaten perf for the gram, var overraskede over den var kold. God men simpel. Æble/kanel muffin very cute og tilpas sød. <br><br>Næste besøg stod på hårdt ristet granola og æble/solbær kompot på skyr. Virkelig god granola, wonderful, men ku godt ha brugt en federe skyr til at lægge morgenbunden. Når det kommer til skyr er vi altid fuld Bitz fornægter: vi vil ha store skåle og høj procent! Evt bare en græsk yoghurt tbh. <br>Den anden pige fik havregrød med bløde kerner, kompot, æbleslices, citronskal og olivenolie. Less is more, og det var en mild omgang der heldigvis havde lidt ekstra i olie og citron. <br><br>🍳7/10, simple lækre smage, lidt for dyrt men sød betjening hiver opad<br>💅8/10 vibe, virkelig rart rum. Ret mange pæne it-babes og designermøbler, så følte os self lidt malplaceret MEN jo mere vi spiste des mere følte vi os i et med omgivelserne 🥰<br><br>💸 okay 220 den ene dag for grød, granola, to kopper filter. 405 for æg, salat, kage og hele 3 americanos hehe var tørstige. Så det bliver altså to sultne piger og en sugardaddy næste gang.<br><br>(Og det var den korte version fra @frihedsbrevet 💎 i den lange rambler vi meget mere over priserne).    https://www.instagram.com/p/CfGh4woMutb/?utm_source=ig_web_copy_link]]></description>
      <styleUrl>#icon-1899-9C27B0</styleUrl>
      <Point>
        <coordinates>
          12.5835836,55.6846875,0
        </coordinates>
      </Point>
    </Placemark>
    <Placemark>
      <name>Frankies</name>
      <description><![CDATA[SÅ er vi landet fra rossen og i fuld gang med restitutionen og what better way end med en omgang pizze. 100 år siden vi har besøgt @frankiespizzapizza og tog forbi den ved torvehallerne. Pizzariaernes svar på Joe and the juice stemning. Altså, indretningsmæssigt er det sgu ikke lige noget for os. Super girly, pink cava i buckets og lidt for polterabend stemning til vores smadrede hoveder kunne overskue det. Så tog dem to-go. <br><br>stakkels stakkels medarbejdere. det lignede der var 4 mennesker på arbejde den her aften, hvor der var masser take out og i hvert fald 4 store selskaber, der alle ville have pizz samtidigt. ej men fik helt ondt af de stakkels unge mennesker<br>svært at spå om vi bare besøgte på en dårlig aften, og vi er jo ik arbejdstilsynet, men gal hvor så de pressede ud. <br>om ikke andet var det stadig super super søde, så vi stemmer for lønstigning no matter what. <br><br>de ka jo ikke gøre for at pizzaerne ikke kom helt op at ringe. det er kædepizza som man kunne forvente, men til de priser de skal ha for dem (som der btw ik ryger noget af bare fordi vi tog dem med) måtte de altså godt kunne lidt mere. <br><br>Først en meatball som var helt i orden, rimelig spicy og lækkert med confiterede hvidløg. Margeritaen var ikke super spændende, mozz gummi style 🤒 bianco med kartofler, også ret kedelig, her var vi glade for crust sovsen, som jo er lidt haram ift Italiano traditioner, men altså det virker jo som det skal. Porky med mortadella var rusket ret meget rundt og sovsen var spildt, men det smagte fint nok, altid glade for ekstra pistacios. <br><br>🍕5/10 det er altså ikke helt godt nok til det prisniveau synes vi. Pizza konkurrencen er hård i KBH og der er rimelig lang vej før frankies kan lægge sig i førertrøjen…. Tror til gengæld de kan fyre op for en god sådan lidt Bones style polterabend, hvor alt er lidt mere pink. Det kan også noget!     https://www.instagram.com/p/CfqmvBHscFe/?utm_source=ig_web_copy_link]]></description>
      <styleUrl>#icon-1899-9C27B0</styleUrl>
      <Point>
        <coordinates>
          12.5699731,55.6833247,0
        </coordinates>
      </Point>
    </Placemark>
    <Placemark>
      <name>MUJI Illum</name>
      <description><![CDATA[Var ved at gå lidt kold i illums sko udsalg og trængte til en lille snack hvor vi kom i tanke om muji teahouse på fjerde sal og tænkte om den kunne noget. <br><br>Til 45!!!! kr får du en menu med onigiri, vi valgte med blomme og det var perfekt med lidt saltet sødme i midten. <br>Til den fik vi en miso suppe med gulerød, kål og forårsløg. Mild og virkelig dejligt smagende. <br>Det er jo ikke verdens største måltid men hvis man skal have en hurtig bid er det en kæmpe anbefaling. <br>Man kan også få masser te og kage og der er bænke udenfor så du kan få sol i hovedet til en rigtig københavner udsigt ☀️☀️☀️<br><br>🥢 7/10 helt vildt glædeligt overrasket over det sunde og delikate frokost tilbud <br>💸 45kr du. Postevand er gratis.   https://www.instagram.com/p/CfwVXTTss1v/?utm_source=ig_web_copy_link]]></description>
      <styleUrl>#icon-1899-9C27B0</styleUrl>
      <Point>
        <coordinates>
          12.5805661,55.6794028,0
        </coordinates>
      </Point>
    </Placemark>
    <Placemark>
      <name>Pauli</name>
      <description><![CDATA[KBHs Venedig aka Sydhavnen har fået en ny perle i form af @pauli_restaurant - en af ejerne er vist capo for @bkfremofficial HURRA FOR 2 DIV btw. <br><br>Man ka køre a la carte eller kokkens valg, som vi gjorde til + en nakkefilet oveni, for why not. <br><br>Først en flydende kickstarter, Paulis version af spritz, helt selvlysende kryptonisk flyversjus that did its job. Festen var i gang.<br><br>En omgang pallette af frisk fisk, som vi ku lave grønne taco hapsere af med kosho, ramsløgsmayo og lime. Vidunderlig kombi af Japan og Sydhavn! Lækker og super pretty ligesom alt andet, og tjeneren fandt en fab orange til at skylle efter med. <br><br>I round 2 var der perfekt juicy pink lam, tempura og svampe på menuen med små tykke fladbrød så vi igen kunne sidde med fedtefingrene og hapse! Spidskålssalat med squash, estragon og blå kornblomst som nogen i køkkenet vist havde været ude at sanke, Big ups. Nakkefilet + padrons, en true and tried kombi der smager godt hver gang også på Pauli. Hvis i går a la carte vejen er det et must try. <br><br>Frisk sommerafslutning i form af en citron curd med saltede kumquats og granite on top. Er granite det nye sort or what, ser det alle steder! Vi elsker en syrlig dessert og denne skuffede ikke med sin icy vibe. <br><br>Pauli har i høj grad potentiale til at blive et sommer hotspot, der er hjemme-i-stuen-hyggeligt og masser af personlighed. Hvis i er mange så få det store runde bord i midten, hvor er der god plads og easy access til baren yes. Og så er der markise! Og flot vinkort. Need we say more? Oplagt lige at pause ind her når man har været ude og klappe lamaer på tippen. <br><br>Playliste kører alt fra gamle enya tracks til kruangbin, og der er bind på toi! Som at være derhjemme jo bare med super god mad og service ❤️ #blessed<br><br>🥬8/10 lækkert, et køkken der ik var bange for at mixe forskellige traditioner. Frisk, sommerlig mad, og vi glæder os allerede til at komme tilbage en anden sæson og se hvad Pauli drengene finder på. Godt til både store og mindre selskaber. <br>💸825kr per pige i selskabet inkl drinks, 3(4?) flasker og mæthedsfornemmelsen! Fab aften<br><br>Kort version fra @frihedsbrevet ❤️.    https://www.instagram.com/p/Cf3aUIeMmWX/?utm_source=ig_web_copy_link]]></description>
      <styleUrl>#icon-1899-9C27B0</styleUrl>
      <Point>
        <coordinates>
          12.5379066,55.6517684,0
        </coordinates>
      </Point>
    </Placemark>
    <Placemark>
      <name>The Roe Bar</name>
      <description><![CDATA[Self om vi skulle forbi og teste hvad en interiørbutik kan finde ud af i et køkken aka @theroebar som vi har holdt øje med her på the gram. Classy breakkie here we come. <br><br>det er et sygt flot sted faktisk. om man så er til den der lidt bougie stemning eller ej, så ka man altså ik lade være med at lade sig inspirere til at indrette sin lejlighed i matchende farver/materialer. Så altså hvis du sidder med en interiørsyg spouse on the side, så pas lige på med at tage forbi, just sayin. Vi gik i hvert fald direkte hjem og Googlede beige lertøj<br><br>Morgenkortet er ret standard og var egentlig lidt kede af det ik var en frokost vi var kommet til, for gad godt smage de smukke serveringer, vi har tjekket ud her på IG. Det må blive en anden gang. Denne dag snuppede vi en brødtallerken, og den skuffede bare overhovedet slet ikke. Lækkert brød, lækkert pisket smør, god ost vi ik kendte i forvejen, men som hedder fyrtårn, og så ekstrabestillingen i form af en skinke på fransk. Mmmmh, det smagte præcis som det skulle og en god salt start hvis man er til det som fx pige 1.<br><br>pige 2 derimod, det er hende der er sukkergrisen, og hun var 100 klar på overnight oats med brombærkompot og ristet kokos. Hvis man nogensinde har spist overnight oats fra 7/11 og er blevet skræmt væk, så skal man altså bare herind, for de kan godt finde ud af det med temperatur og konsistens. den var virkelig god! men også super duper sød, brombær er jo nærmest ren sukker og med de tykke fede kokosflager blev det en lidt heftig omgang. Fed vibe at flagerne var så tykke og slet ikke supermarkedsagtige. Svær at komme igennem portionen alene, selv for os, den var virkelig gavmild. <br><br>Ku sagtens forestille os det her som stedET man ka sidde og Low key humbelbragge om sit travle liv til veninderne, så måske en arvtager til Atelier sept, som turisterne jo har overtaget. Det her er også lige en del billigere, men ikke de store overraskelser i smagene. I hvert fald ikke om morgenen. <br><br>☕️7/10 for en fin og wholesome fashionish start på dagen. Husk lige at køre (Mason pearson) hårbørsten gennem håret inden du dukker op. God til alene start med com også 4 sure<br>💸 230kr for det hele.    https://www.instagram.com/p/CgG-lxjMcW-/?utm_source=ig_web_copy_link]]></description>
      <styleUrl>#icon-1899-9C27B0</styleUrl>
      <Point>
        <coordinates>
          12.5781101,55.682482,0
        </coordinates>
      </Point>
    </Placemark>
    <Placemark>
      <name>Nansensgade 30. 3</name>
      <description><![CDATA[Lever for sommer nætter og summer lovin i øjeblikket, og skulle selvfølgelig ned forbi @nr30nansensgade for at se hvad de havde på kortet. Som altid, et overvældende stort vinkort - vi anbefaler man altid bare lader tjeneren tag styringen, og en fiskebaseret fem retters til 345. <br>Første servering en omgang kulmule ceviche med stikkelsbær. Så lækkert. ELSKER stikkelsbær, de kan virkelig noget magisk med fisk 🐟<br>Derefter cougetter, beder, salt urt på en østerscreme som smagte dejligt men blev måske lige lidt for havsaltet. De søde beder stod rigtigt godt imod men resten druknede en smule i vores mundfuld🦪🫠<br>Fladbrød med ristet kål, blomsterblade og svampecreme var en fantastisk lun carby ret som tit er på kortet. <br><br>Vi sad ude og det blev sgu lidt chilly, så husk en varm trøje og ellers tag et tæppe indenfor. Kæmpe hej stemning, vi løb ind i venner både på restauranten og gaden (sindssygt godt is sted længere nede), så det blev festligt og vi tog en flaske vin til🍷🍷🍷<br>Kartofler, oste sauce og friteret løg var Så lækkert, oste saucen giver en helt syndig vibe. <br><br>Sidste ret var pigvaren med grøntsager og smør sovs hvor vi selvfølgelig skulle have en chenin blanc fra Loire (fordi nu var vi så godt igang) og så blev der bare HELT spise stille, Hele bordet sad og sagde kun “wauw” “omg” “wow” helt mindblown over hvor fantastisk fisken var tilberedt. Perfekt sprød med smør overalt, smagen trukket heelt ud og mindede os endnu engang om at hvis pighvar er på kortet skal man bare tage den Every time. Hvordan er det overhovedet muligt at få så god mad til 345??<br>Nansensgade did it again ❤️ kæmpe kæmpe perle i kbh. Se lige hvor smukke og simple de serveringer er. Delicious<br><br>🍴9/10 vidunderlig mad, kyndig vinservice. Hvis du kan lide lette retter, fisk, krydderier, naturvin kan vi garantere du får en dejlig aften. Både god til dates, venner, forældre.     https://www.instagram.com/p/CgMd51BMvWs/?utm_source=ig_web_copy_link]]></description>
      <styleUrl>#icon-1899-1A237E</styleUrl>
      <Point>
        <coordinates>
          12.5634124,55.6818955,0
        </coordinates>
      </Point>
    </Placemark>
    <Placemark>
      <name>Janice</name>
      <description><![CDATA[@janice.vesterbro er nærmest lige åbnet og vi har self været forbi - her kommer short version fra @frihedsbrevet 💅<br><br>Kørte en a la carte for at smage lidt af det hele, og lagde ud med en iberico som janice får leveret straight from the bone fra @tapadeltoro i hallerne. Blødt som smør ofc 💕 svampet brød fra @albatrossogvenner, rigtig god lille starter. <br><br>Norsk kammusling med strandurt, agurk, friske ærter (lovin the season) og blomster drysset ud over. Synes det er lidt tricky business at skære den ud i skiver, for den mister sin fedme, men Well den varer jo også lidt længere sådan. <br><br>Babymajs med persille, bønner og fluffy kimchi sovs - mangler pic sry, men var en nice kombi af sprød, blød og kimchi tingling. <br>Janices svar på dk sommerfavoritten nye kartofler var let brasede og m morkler, ristede mandler + fermenteret og lidt syrlig aspargessovs. Blev lidt for salt selvom vi appreciater et bold move i at parre sin kartoffel med noget andet end rund smørsmag. <br><br>Tartar m sprøde boghvedekerner og harissa, savoy grønkål og østerscreme. Fed gimmick med surprise havskum kick, pudsigt og lækkert, ramte klart et sweet spot. <br><br>Kylling med karamelliseret løgsovs, bladbede og syltede sennepskorn - elskede sovsen men ellers en meget mild omgang. Kartofler med ramsløg on the side. <br><br>Oste og knæk, superduper gavmild og nok bedst til deler, og pisket creme fraiche m abrikoser og hj lavet bastognelåg. Fråderen! <br><br>Ret imponerede over hvad de kan præstere i det lillebitte køkken derinde! Og havde optur over at alting kom hver for sig og ik oveni hinanden, sådan som de gør så mange andre steder. Virkelig søde bois bag disken, de gør sig umage det kan man mærke - også på soundscapet, spottede alt fra eran dd til shaggy LOL<br><br>Vi sad ude under markiserne og nød vesterbroerne cykle forbi (+ udsigt til dates på Luderen lige overfor). Også virkelig hygge indenfor, classic kbh skødesløs mismatch indretning med forskellige borde, forskellige stole, masser af stearinlys og god belysning. <br><br>🌽7/10 - enkelt og overordnet set flot eksekveret menukort, der tager højde for sæsonens råvarer og alligevel formåede at overraske os et par gange. <br><br>💸1740 for al maden + to flasker. We will be back ✨.    https://www.instagram.com/p/CgcKS_0M-2k/?utm_source=ig_web_copy_link]]></description>
      <styleUrl>#icon-1899-9C27B0</styleUrl>
      <Point>
        <coordinates>
          12.5435711,55.671242,0
        </coordinates>
      </Point>
    </Placemark>
    <Placemark>
      <name>Cafe Stadion</name>
      <description><![CDATA[Glædelig mandag 💦😭<br>Så kommer der en anmeldelse fra cafe stadion hvor vi var forbi med frihedsbrevet.<br>Vi er klar over, at det jo så ikke er et spritnyt spisested, men hver eneste gang vi spontant har prøvet at komme ned på @cafestadion har der var fyldt til randen. Vi ved ikke, hvad de har puttet i vandet, men man må virkelig sige, at der er et stamklientel, der er klar på at komme tilbage og ryge smøger under markiserne og varmelamperne. Perfekt til en sommeraften<br>Akustikken er ret svær, man sidder tæt og ender med at råbe lidt så måske vent med den helt store sladretur til et mere stille øjeblik.<br><br>375kr for en menu hvor vi fik straciatella, smagte fint ikke så beautiful, en hjertesalat med østersdressing, en bunke asparges og bladbedeblade og ostesauce.<br>En orangevin som smagte perfekt til vores grøntsager.<br>Videre til grillet jomfruhummer som vi har fået lidt for mange af, men her var de så smukt lynsvitset med ndjuaolie.<br>Videre! Til hvide asparges med olivenoliesovs og revet bottarga og til sidste le grand finale en bagt rødspætte i spinatsovs som smagte fint men vi må være ærlige og sige at vi allerhelst bare vil have den badet i smør.<br>Og så kørte vi self lige en dele dessert som var en bærsymofi med sabayonne creme.<br><br>Altså, vi kan sagtens forstå, hvorfor Stadion har fået den your-friendly-neighbourhood-neighbor-spisested-status, som den har fået. Både for de superlokale på Nørrebro, men måske også for resten af Kbh. De fleste, vi kender, der har været forbi og spise, har kun rosende ord og glade minder. <br><br>Stadion er nem, ukompliceret mad der smager godt, og hvor alle kan være med. Det er et oplagt sted til en hyggelig fødselsdag, forældre-besøg i byen eller bare en mandagsmiddag. You name it – der er god stemning i alle hjørner.<br><br>🍴7/10 for en dejlig oplevelse. Det smager, men vi fik vist ikke serveret noget, som vi ikke selv kunne have kreeret i hjemmekøkkenet. No bad vibes, men hvis vi skal højere op på karakterskalaen, må vi gerne blive overrasket bare en enkel gang eller to.<br><br>💸2.365 kr for en stracciatella, tre menuer, en dessert og to flasker vin. <br><br>(Fuld anmeldelse på @frihedsbrevet 💕).   https://www.instagram.com/p/CgtuWPYMeZ8/?utm_source=ig_web_copy_link]]></description>
      <styleUrl>#icon-1899-9C27B0</styleUrl>
      <Point>
        <coordinates>
          12.5609843,55.6939096,0
        </coordinates>
      </Point>
    </Placemark>
    <Placemark>
      <name>Hip Hop</name>
      <description><![CDATA[Kender i det når man har sovet over sig og køleskabet er tomt (fordi det regnede igår) og man ikke lige magter dagen? Pige 1 havde sådan en morgen, og hvis man alligevel er forsinket så fuck it lets do breakfast 💕<br>Har hørt fra nogle kaffenørdevenner at der er åbnet en ny bangin kaffebiks @hiphop.cph lige ved Frederiksberg alle metro så vi cyklede forbi og fik kæmpet os forbi hele barselmafiaen - just kidding der var kun tre barnevogne, low turnout alt relativt 👼<br><br>Du kan vitterligt kun få kaffe, vi tog en colombiansk filter til 35kr i et stort glaskrus som var frisk uden at være alt for syrlig. Gratis vand self 💦🥰<br>Manglede mad i maven og det eneste semi måltid på kortet er en yoghurt med granola i en weck skål som vi ELSKER, har vildeste obsession derhjemme med at have alt i glas i stedet for plastik men yoghurten var sååå fråderen vi blev nødt til at spørge hvor den kom fra - @soetoftes.gaardmejeri selvfølgelig ☀️ Hjemmelavet perfekt gyldent honningristet granola med mandelsplitter, valnødder akaciehonning tror vi og kanel goddamn det smagte godt! Må hjem og lave selv. Portionen ser ret lille ud men er større end vi lige troede den mættede totalt så vi lige skulle stene fem min før cykel<br>🤎🤎🤎🤎🤎 Brown is King på hiphop og det har vi absolut intet imod 🤎🤎🤎🤎🤎🤎<br><br>Øver os i ikke at tage kaffe to go men lige at nyde de 5-10 min det tager at få den hældt ned, og kigge på alle de lejligheder vi ikke har råd til 💔 skulle have været borgmester/ejendomsspekulant på Frederiksberg med alt for mange kvadratmeter💔<br><br>☕️8/10 fandme en god kop. Vi kommer igen bare for den. Yoghurten var super og egentlig meget fedt at der ikke er det store udvalg da det bare er et hul i væggen. Du kan også få scones og cookies and that’s all folks <br>💸 90kr for kaffe og morgenmad.    https://www.instagram.com/p/CgypZissTkY/?utm_source=ig_web_copy_link]]></description>
      <styleUrl>#icon-1899-9C27B0</styleUrl>
      <Point>
        <coordinates>
          12.54063,55.673688,0
        </coordinates>
      </Point>
    </Placemark>
    <Placemark>
      <name>Restaurant Sundby Sejl</name>
      <description><![CDATA[Nu kommer vi jo desværre ikke så meget på Amager men den anden dag var vi i selskab med en ægte lokal og da frokostsulten meldte sin ankomst tog vi forbi sundby sejlklub hvor alle bare kan dukke op til en frokost på @restaurantsundbysejl . Det er kanonhyggeligt og (angiveligt) en meget usnobbet sejlerforening og hvem skulle lige have troet det hva ⛵️🛶🚤🛥<br>Til de priser der var på tavlen troede vi at det var små madder men er du gal de kom på hver deres tallerken og så bare BANGINNNN ud<br>Fiskefileten havde den vildeste crisp altså overvej lige det tværsnit!!! og varm dampende varm, god remo (måske lige lidt meget karry i men no probs), hønsesalaten på franskbrød havde så meget klasse kylling i at vi fik åndenød og enorme stykker champignon, frikadellerne var ret klassiske juicy og med en vildt god agurkesalat til💕<br>Avocadomaden var jo fandme en hel Avo på et halvt stykke brød og karrysild stykkerne gled ned med masser æg. <br>Så sidder man bare der og chiller under parasollerne og kigger ud på alle de både man ikke har råd til, men der er godtnok hyggeligt så afsted med alle til en lille sensommer frokost i det grønne. Så kan man jo passende kaste sig i vandet efter. De har også aftensmad og en ret stor indeservering. <br><br>🍴7/10 altså det er jo ikke fine dine smørrebrød men det er solidt og frisklavet. Kør!<br>💸 glemte helt at kigge på dk maskinen men madderne stod i ca 80-90 Per styk. Overvej at start med en af gangen just saying.   https://www.instagram.com/p/Cg6Nl4SsE_K/?utm_source=ig_web_copy_link]]></description>
      <styleUrl>#icon-1899-9C27B0</styleUrl>
      <Point>
        <coordinates>
          12.6316383,55.6645115,0
        </coordinates>
      </Point>
    </Placemark>
    <Placemark>
      <name>Tekno Eatery</name>
      <description><![CDATA[Kender I det når man er hjemme hos nogen første gang og deres lejlighed er fyldt med så fed kunst at man får lidt mindreværdskomplekser og trang til at følge alle kunstgallerierne i kbh? Sådan havde vi det da vi trådte ind i @teknoeatery for at spise morgenmad i sidste uge, vi er klar til at købe ALT (hvis vi havde penge tilbage selvfølgelig).<br>Bolle med ost og pisket smør ❤️‍🔥 smagte som det skulle. God hjemmebagt bolle.<br>Videre til græsk yoghurt med pærekompot, pærestykker, blåbær, granola OG en halv pocheret pære på toppen. Altså overvej lige en smuk servering, vi sad helt og lagde strategi for hvor meget vi kunne spise uden at ødelægge glansbilledet. Og så var det oven i købet vildt lækkert🍐🍐🍐<br>Men stjernen idag var der super friskbagte vaffel med kardemomme i dejen (skud ud til norges 🇳🇴vafffler), mere græsk yoghurt, æblekompot og de tyndeste slices æble ever. Med lidt sirup i bunden. Den ene pige er ikke til sødt om morgenen men der var virkelig kamp om tallerknen for det der var for sindssygt jo. Og så til 35kr??????? Vi er fandme langt fra indre by og gudskelov for det. <br><br>Frisk appelsinjuice, frisk granatæblejuice blandet med danskvand og iskaffe og vand. Så har man alle de liquids man skal bruge efter lidt for meget vin dagen før. Ham der prøvede at bilde os ind at man ikke får tømmis af naturvin var en kæmpe løgner, men på tekno var der kun smil og glade dage ☀️💕<br><br>De har en kantine ordning åbenbart for de lokale firmaer, og nu vil vi også være med!<br>Absolut rørende morgenmadspriser, sød betjening og smuk kunst. Og så kan du sidde udenfor i al byggeriet og kigge løs 🏗 <br><br>Tekno - vil I ikke dele i kommentarsporet hvem der står bag alt jeres flotte art? 💯💯💯💯<br><br>🍴8/10 kæææææmpe value for money ihverfald på morgenmaden, vi banker os selv i hovedet over vi ikke har været der før. Stamgæster fra nu af <3 <br>💸 210kr for alt det mad + kaffe og to drinks??? Vi skulle lige tjekke en ekstra gang men den var god nok. Og vi kunne ikke engang spise op.   https://www.instagram.com/p/Cg_rLrushe1/?utm_source=ig_web_copy_link]]></description>
      <styleUrl>#icon-1899-9C27B0</styleUrl>
      <Point>
        <coordinates>
          12.5253611,55.7075865,0
        </coordinates>
      </Point>
    </Placemark>
    <Placemark>
      <name>Delphine (morgenmad)</name>
      <description><![CDATA[Nogen kan måske huske at vi for godt et års tid siden tog et smut forbi @delphinerestaurant til en træls blæksprutte men praiseworthy service, og at vi var vilde med rummet og ik mindst deres photo booth gimmick som vi ik fatter de andre restauranter ik har kopieret endnu, kæmpe wtf. Men men men vi er jo også sultne om morgenen, og da de skilter med en breakkie skulle vi self også forbi og prøve dén. <br><br>Well lidt hårde odds lige efter besøget på Tekno, indrømmet. Også fordi vi, altså måske fordi vi bare er to dumme piger, men vi havde ærligt regnet med en middelhavsstemning på morgenbordet. Not really, det var mere standard dk café udvalg, men det er vi jo også ok med. Lidt wierd at der var disket op med hotelbuffet på disken?? altså den slags med skiveskåret ost og spegedrenge på rad og række, men der er vistnok et hotel i nærheden der sender sine gæster derhen. Tror vi 🤷‍♀️🤷‍♀️<br><br>Nå whatever! Nuppede en gang scrambled med brød og smør, og de smagte helt fint har dog fået bedre (læs: mere smør) i byen. <br><br>Sweets for my sweet, en lille vaffel med jordbær, græsk youghurt og basilikum, hvor de havde glemt basilikum og puttet vanillesukker i deres Low fat youghurt så den smagte PRÆCIS som den der cheesy skyr 0,2 som altid er på tilbud i superbrugsen. Æh lidt en tynd sødestofish omgang synes vi. Selve vaflen var lidt tør også. <br><br>🧇 5/10 for en so-so og lidt for dyr start på dagen<br><br>Æg til 85 og vaffel til 95 og så lige to kopper sort til 45 stykket. Så er vi satme godt nok ik i NV længere hva. <br><br>Dog skal de stadig have props for fantastisk flot lyst og lækkert lokale hvor man næsten ik kan undgå at føle sig lidt bloggerlækker. Hvis man ka undgå at panderynkerne, that is.    https://www.instagram.com/p/ChFHYjuDb-H/?utm_source=ig_web_copy_link]]></description>
      <styleUrl>#icon-1899-3949AB</styleUrl>
      <Point>
        <coordinates>
          12.5558178,55.6725121,0
        </coordinates>
      </Point>
    </Placemark>
    <Placemark>
      <name>Avernakø</name>
      <description><![CDATA[Sommereportage fra Avernakø! Totalt misundelig på dem der er til @avernax lige nu. Heldigvis var vi forbi det sydfynske øhav tidligere på sommeren, og bliver altså ik sidste gang. <br><br>Lagde ud med færgekaffe og en sejltur forbi Lyø, inden vi satte os til rette på @avernakoehavnecafe med en burger og risotto. Thumbs up til den moppedreng af en burger, lige som vi ka lide den og bigboned fritter var også crisp og varme - hurra! Risottoen var ret vandet og manglede parmesan, så gå med murstenen! Virkelig hyggelig stemning med udeservering lige ved havnen 🌊 SÅ sød betjening!<br><br>Besøgte også @avernakoe_landhotel hvor vi fik pandekager mormor style, fabulous, og hang en hel masse ud i hængekøjerne i haven. De har virkelig mange kaniner, som er super søde, men vi glemte lige at se os for og kom hjem med en del lort under crogsne ups ups. <br><br>På @avernakoegaardbutik fik vi et kæmpe charcuteribræt, rigeligt til to, og måske den bedste rulledreng vi nogensinde har smagt!? Seriøst den røg hurtigt ned. Gulerodskagen var en lille smule tør. Virkelig cute doggo der render rundt i haven og hygger om gæsterne. <br><br>Havde faktisk også lidt gang i hjemmekøkkenet så vi smuttede forbi røgeriet på Korshavn, gal nogle gode priser, tror vi gav 25 for en hel?? Jesus! Og igen, sindssygt søde folk derinde. <br><br>Eneste minus på vores lille ø tur var en tur forbi skovtrolden ved svanninge bakker på vej hjem, hvor der var seriøst dårlig stemning bag disken, og vi måtte flygte over i bakkerne med vores pause-fritter. Super træls altså, godt vi havde tanket op på great vibes på øen. <br><br>🇩🇰8/10 får Avernakø alt i alt for bare at være smuk, skøn og nede på jorden. Lige hvad vi havde brug for med alle de vodka/dk vand der er røget ned i løbet af sommeren. Kæmpe ø zen og super fin mad ❤️ <br><br>husk at købe marmelader med hjem, de er nærmest i alle vejboder. På landhotellet købte vi en med figen og lime, gal den tager kegler på ostemadden hjemme i brokvarterne.    https://www.instagram.com/p/ChJ2zj8skd1/?utm_source=ig_web_copy_link]]></description>
      <styleUrl>#icon-1899-9C27B0</styleUrl>
      <Point>
        <coordinates>
          10.2645949,55.0224739,0
        </coordinates>
      </Point>
    </Placemark>
    <Placemark>
      <name>Corsa Pizza</name>
      <description><![CDATA[Buongiorno amores! <br>Kort anmeldelse fra Nordhavn hvor vi var ude og bade igår for ærligt talt hvad kan man ellers i den her varme 🫠 havde det super optur over 29 grader indtil vi hørte genstart pod og blev helt doomsday depri. Anyway, alle ved at efter dyp skal man have mad og helst masser hvor Nordhavn leverer helt ok i form af Lidl - mindre kø, gode jordbær og de helt billige chips til 7kr. <br><br>@corsapizza er leverandøren til dine tømmermænd/frokost hangries, vi tog en halvtør og ret ufotogen mortadella, ost, pistacie spinat pizza som var ok men ikke den bedste omgang og en pepperoni, frisk mozz og tomat som var super fråderen. Cute indpakning men så lang ventetid, tricket er vist at bestille (lang tid) i forvejen og mærke forventningens glæde mens du prøver at ignorere teen skrig og soundboks. Og så må du forresten ikke gå ind og hente din takeaway pizza i badetøj så tag lige en t shirt med. <br>God søndag og husk solcremen 🔥🔥🔥<br><br>🍴6/10 altså pepperonien var super fin og normalt har de været ret gode men ikke mindblowing<br>🍴125 Per pizza så man får også lov til at betale for den 😅.    https://www.instagram.com/p/ChO4d_7MOMq/?utm_source=ig_web_copy_link]]></description>
      <styleUrl>#icon-1899-9C27B0</styleUrl>
      <Point>
        <coordinates>
          12.5964694,55.7067129,0
        </coordinates>
      </Point>
    </Placemark>
    <Placemark>
      <name>Gorda</name>
      <description><![CDATA[Klar på en hidden gem? Følte i hvert fald vi ramte et sweet spot flere burde tale om, da vi tog forbi @gorda.cph på Enghavevej til en lil middag. WHY har ingen tippet os noget før? <br><br>Gorda betyder FED KVINDE og det er en vibe vi er nede med, og vi faldt pladask for deres mix af kitchy lyskæder og feriestemning/amatørporno familiebilleder på væggene. Især fan af portrættet på endevæggen, tjek sidste pic. Det er præcis sådan vi tror vi ser ud med vennegruppen når vi spiller smarte nede på badebroen 🌊 <br><br>Der er streetfood stemning på menuen, men når man sidder der føles det mere som en sviptur sydpå mere end et foodtruckbesøg. Så slå jer ned, menukortet er også større onsite end som take out. <br><br>Først en stor portion sygt lækker torskeceviche med poppede majs, Nice lille trick med lidt crisp, og der var virkelig meget. Yucca fries er seriously obligatorisk derinde, gal en vinder og perf med lime og chilimayo. SÅ LÆKRE! <br><br>Delte empanadas med okse og creamy corn, og de smagte sgu også godt. De er ret store, pic snyder lidt, og gode til deling. Chimmichurrien ikke så spice som vi ku ha ønsket, så ret ufarlig 😇<br><br>Sidst men overhovedet ik mindst calamari med supertynd panering, så den stadig var helt friskspruttet og skilte sig ud fra dem vi har fået så mange andre steder. En frisk calamari, hva siger i så, og med forårsløg og lidt syre ovenpå blev vi mætte på den helt gode friske måde (hvor vi ku fortsætte ud og drikke vin i solen that is) <br><br>Gorda ligger faktisk virkelig godt ift aftensol disse dage, men indenfor er der skruet op for aircon og sambastemning på anlægget, og solen når helt om til bagerste væg, så no worries hvis de pladser allerede er snuppet. De har en god naturvin på kortet (glemt navn sorry). Rygtet siger der er god partystemning i weekenden, det kommer vi 100 tilbage og afprøver. <br><br>Virkelig søde bois i baren, og maden kommer helt overdrevet hurtigt, aner ik hvordan de bærer sig ad. Pasha har fået sig en skarp contender til vores foretrukne præ Vega show dinner, just sayin. <br><br>💃9/10 for kæmpe value4money sommerstemning, håber virkelig ik de har tænkt sig at holde vinterlukket we know we gonna need it! <br><br>💸ca 300 kroner per pige det er fandme i orden. https://www.instagram.com/p/ChU09zts0qY/?utm_source=ig_web_copy_link ]]></description>
      <styleUrl>#icon-1899-9C27B0</styleUrl>
      <Point>
        <coordinates>
          12.5462163,55.6712103,0
        </coordinates>
      </Point>
    </Placemark>
    <Placemark>
      <name>RASCAL</name>
      <description><![CDATA[Ej ej ej hvor handler det bare om at suge de sidste stråler til sig asap, solstressen er på sit højeste og vi får allerede lidt angst over udsigten til lukkede sko og striktøj.<br>@rascal.cph har om eftermiddagen et kæmpe solspot og en relativt stor udeservering til os tørstige midt i det der mystiske fberg stress kryds. <br>Vi mødtes efter arbejde, hvor vi fik et glas husets orange og hvid som var ice cold og lækre. De kostede ca 70-75kr, og var nogle virkelig dejlige og gavmildt glas som vist klares fordi de hældte på fustage og så sparer lidt i den ende. Delicious🍷🍷<br>Startede med en cheese toast med nduja, dejligt men savnede lidt mere chili eller måske en salsa on the side? <br>Til gengæld var burattaen virkelig yummy og drysset med espelette (fransk chili krydderi) på toppen og en god portion brød som man kan sidde og smovse rundt i mens man catcher up på kontor sladder efter ferien 💅<br>Sidste servering var paleta (skulder af svinet) i tynde skiver og smelte i munden fornemmelse, kunne sagtens bare køre den hver gang vi tager forbi (og vi kommer 100% tilbage for det var så hyggeligt) <br><br>Største salgspointe disse dage er klart deres eftermiddags/aftensol. Man sidder og koger i krydset med sine haterblockers på hvilket både er godt for humøret og bar omsætningen. Det er så cute at ejeren havde hans mor med bag baren og deres krydrede popcorn smager bare af MERE👼👼👼👼<br><br>🍴7/10 for dejlig nem snack middag og billig men god vin. Tror godt det kunne være et nyt hangout spot og super potentiale til date og veninde sniksnak aften. Kæmpe stamsted for alle de lokale kan vi 100% se allerede<br>💸 435.- for mad og vin.  https://www.instagram.com/p/ChZaVuUMdSQ/?utm_source=ig_web_copy_link]]></description>
      <styleUrl>#icon-1899-9C27B0</styleUrl>
      <Point>
        <coordinates>
          12.548716,55.680008,0
        </coordinates>
      </Point>
    </Placemark>
    <Placemark>
      <name>Restaurant Juju</name>
      <description><![CDATA[Der er korean craze i kbh i øjeblikket, og er der en i spidsen må det være kristian baumann og hans @koancph pop up på jægersborggarde der har fået sig en baby på øbro @juju.cph . Letsgoooo<br><br>Startede ud med pil selv rejer med syltet hyldeblomst og yuzu mayo og en hvid kimchi som var meget mild og frisk.<br><br>Næste var friteret mandu med brune champignoner og shiitakesvampe som var lige så olierede og mundvandsfremdrivende som de ser ud. Fik 2x sauce - en sesam/soya blanding og en super sexy chilisovs på gochujang. De vil ikke ud med hemmelighederne derinde så vi sad og gættede ingredienser som self altid var forkert. Lol 🫠🫠<br><br>Nu blev det serious bizz for den überfotogene fried chick på insta skulle vi have, served kongekrone style midt på bordet. Lad os lige starte med at sige wow. That’s a damn fine chicken. To sultne dronninger værdigt.<br>Det lukkede ihvertfald kæften på begge piger der kastede sig over benene som to små gribbe, og vi kunne skrive mange lange kærlighedserklæringer til det kød. For satan, det var lækkert. Helt dampende og kødsaftigt og blev ret hurtigt enige om, at den servering er en skarp kandidat til best wings in town – watch out 🔥<br><br>Fries for life, på Juju er pommes drysset med nori-tang og eddike, som vi normalt er tilbageholdende overfor, da det jo dræber smagsløg som intet andet (og afskrækker selv den mest forelskede date), men alt godt her🍟<br><br>Bukserne var sprængt for længst men vi skulle også prøve deres tyndskåret svinebryst i mere secret sauce, serveret på en kulgrill og salatblade og en ny gochuchang dyp og en miso dressing til at lave små wraps. for lækkert altså.<br><br>Dessertkortet så virkelig lovende ud, men vi havde simpelthen ramt madmuren for hårdt. vil dog nævne, at bingsu er must try, når man er ude at spise koreansk.<br><br>🍴8/10 Det er ret tydeligt, at det er en Michelin-bestøvet kok, der står bag gryderne, for alle retterne vidnede om et kendskab og håndværk, man ikke bare sådan lige kan kopiere<br>🤩 9/10 service. Så søde , friske vådservietter kom flyvende i et væk og de vidste virkelig hvad de snakkede om<br>💸 995 for 6 deleretter, 2 kopper te og boblevand.<br><br>fulde anmeldelse på @frihedsbrevet for der er alt for lidt plads herinde 💔.   https://www.instagram.com/p/Chj-NZqMmmN/?utm_source=ig_web_copy_link]]></description>
      <styleUrl>#icon-1899-9C27B0</styleUrl>
      <Point>
        <coordinates>
          12.5750572,55.6898642,0
        </coordinates>
      </Point>
    </Placemark>
    <Placemark>
      <name>H table</name>
      <description><![CDATA[Gyldenløve/Å/HCA boulevard gaden har vist aldrig været kendt for hyggefaktoren men ikke desto mindre ligger der ved enden af nansensgade en i nogle, måske mange? kredse en legendarisk kinesisk kantonesisk restaurant @htable_restaurant <br>Vi havde kæmpe cravings og bestilte nærmest det halve af kortet, crispy fresh gyoza, ok ik mindblowing dumplings, sesam reje toast der smagte godt og ramte hårdt og til sidst vinder forretten and med pandekager og hoisin sauce var DIVINE 🦆🦆💜<br><br>So far so good! Vi sad udenfor i tidlig aften solskin og havde det helt sommer dejligt med vores tsing tao øl 🍻🍻<br>Hovedretterne kom hurtigt på bordet og først må vi sige at alt var lækkert men når der er nogle retter der stikker så meget positivt ud smagsmæssigt så blegner det andet jo lidt - uden at det er dårligt. Giver det mening? På hele linjen smagte det super frisk, intet var over eller undertilberedt og der var hurtigt og sød service og restauranten var faktisk mega hyggelig så man kan sagtens tage ned en vinteraften og have det ligeså skønt som os er vi sikre på.<br><br>Stegt oksekød med grøntsager i en sort peber sauce blev lidt steakhouse agtig, og den røde karry med kylling var en klassisk sød curry ret man absolut ikke kan brokke sig over.<br><br>Lige siden “the rickshaw rickdemption” afsnittet (iykyk) har vi ikke kunne holde os fra noget hvis der var Szechuan peber i så vi fik mere wokstegt okse med grøntsager og sad med lamme læber og bedøvede munde, vores all time yndlings peber og så lækkert at man ikke stopper med at spise overhovedet og selvfølgelig var Gong bao chicken også rundhåndet med spice så vi smaskede til tallerknerne var tomme. kan ikke finde på en intelligent måde at beskrive hvor fråderen de to retter smagte, så vi slutter bare af med at sige fuck thats delicious<br><br>Alle de mennesker som slid into the dm med tips til h table TAK og sorry vi ikke kom tidligere ❤️‍🔥❤️‍🔥❤️‍🔥❤️‍🔥❤️‍🔥❤️‍🔥❤️‍🔥❤️‍🔥❤️‍🔥❤️‍🔥<br><br>🥢 9/10 måske er resten af retterne en solid otter men de to sidste var bare så tiptop comfort cooking<br>Kan ikke huske det fulde beløb men vi betale <br>💸 260 ca pr person for masser mad og endnu flere bajere. De fleste hovedretter ligger på omkring 140kr.    https://www.instagram.com/p/ChpR1G2MBGI/?utm_source=ig_web_copy_link]]></description>
      <styleUrl>#icon-1899-9C27B0</styleUrl>
      <Point>
        <coordinates>
          12.5629186,55.680421,0
        </coordinates>
      </Point>
    </Placemark>
    <Placemark>
      <name>The Artisan Copenhagen</name>
      <description><![CDATA[My god cykelturen tværs af søerne er THE WORST hvis det regner, og det gjorde det den dag vi skulle krydse kbhs favoritcykelsti på vej til jobbis. Så vi var lykkelige da vi faldt over en ny (?) kaffebar @theartisancph hvor vi ku holde pause og få tørre bukser. Perf timing ift second breakfast. <br><br>Virkelig cute dude bag disken der fortalte vidt og bredt om bønner osv, og vi er ikke de store connaisseurs men både americano m havre og dryp var kæmpe godkendt. Læg lige mærke til hvor gigantic en balje man får med dryppen: 45 bobs ladies and gents, der er nok til en deler. <br><br>Bolle m ost smagte fino, 35kr rimelig standard pris, hurra for gl knas det gør den altså lige lidt bedre. <br><br>Den anden pige fik overnight oats med toppingsymfoni af youghurt (som vi altid synes er lidt wierd tbh, men måske fordi havregrynene bliver lidt tørre og bastante af at stå natten over) creamy PB, müsli som var sygt god, blåbær, mandler og til sidst frysetørret hindbær som O.G. followers vil huske vi afskyr. Det er et levn fra kellogs summer special K eller hvad den nu hed, og normalt udtørrer det munden, men sammen med alle de her andre ting fungerede det faktisk rigtig fint. Den kostede 55 og der var rigeligt. <br><br>☕️ 7/10 for god start på dagen. Virkelig god location og når solen skinner er der sikkert brandhyggeligt udenfor på terrassen. Indretningen kan give sådan lidt kædevibes men nope, når man først lige får snakkeren på med kaffebryggeren kan man tydeligt mærke personligheden 💖.   https://www.instagram.com/p/ChuP6YQsXfA/?utm_source=ig_web_copy_link]]></description>
      <styleUrl>#icon-1899-9C27B0</styleUrl>
      <Point>
        <coordinates>
          12.5688717,55.6919995,0
        </coordinates>
      </Point>
    </Placemark>
    <Placemark>
      <name>Barabba 2</name>
      <description><![CDATA[Ifølge industry pros er @barabbacph et kæmpe hang out for tjenere og kokke. Rygtebørsen siger at der er mødepligt ved langbordet post arb og kører pasta og vin ind like there was no tomorrow. Vi var forbi med @frihedsbrevet og her er resume: <br><br>Opkaldt efter en af synderne fra the holy bibel og med soundtrack af funky pornomusik (og live opera på toi dvs inkl klapsalver haha) er viben sådan lidt Golgata og edens have kombi. Pretty nice. <br><br>Tog tasting menu til 600 og deres claim to fame caviar pasta oveni. Det skal man passe på med for vi ramte totalt madmuren til sidst og gik i carb coma, menuen er RIGELIGT! <br><br>Startede med tre hapsere i mellemfornøjet smileyform og dernæst en hel spruttearm m courgetteskiver med crispy blomster ovenpå og en slags røget ostecreme indeni, som ikke var en ost, hvilket mindfuckede os, for det smagte blødt og fedt, som kun ost kan. Vi forstod ikke hvad ikke-osten så i var, men det hele smagte vidunderligt, så no more questions asked.<br><br>Syndefald i fuld gang: pastamania ku begynde. Først den berømte m caviar og ansjossmør. Kæmpe musttry, fuldstændig vidunderlig. Næste pasta m østersauce og med kumquats der var sådan lidt poppers ish i munden, very sexy. Og en tortelli med aubergine og miso, der lå i en krydret peberfrugtsauce. Endnu en wauw-oplevelse! Peberfrugt og aubergine er jo match made in heaven, men miso gav den noget ekstra. <br><br>Videre til ko-ribben med fermenteret blomme, grønne bønner og babymajs. Ultramørt, og hvis vi ikke var overvældede af de mange smagsindtryk i forvejen, så blev vi det nu. Gispede efter vejret efter alt for meget lækker mad, og vi måtte tage tre-fire pauser og lade tyngdekraften gøre sit arbejde. Et pro tip er lige at faste lidt før middag og ik gå for meget amok i brødkurven, for der kommer mange tallerkner, og hver enkelt servering er så god, at man får lyst til at slikke tallerkenen. <br><br>Tongabønnebrownie m creme og sukkerlage + petit fours. Og limoncello m overfladespænding ofc. <br><br>🍝9/10 mad, classic Italian på en fresh måde. <br>🎶9/10 lyd, svært at sidde stille<br>🧚‍♀️10/10 vibe, hele den syndige del er gjort med en elegance der nok kun opdages, hvis man er på udkig efter den. Siger vist bare lidt om os to.   https://www.instagram.com/p/Ch4WF51Mw2T/?utm_source=ig_web_copy_link ]]></description>
      <styleUrl>#icon-1899-3949AB</styleUrl>
      <Point>
        <coordinates>
          12.5864333,55.6826053,0
        </coordinates>
      </Point>
    </Placemark>
    <Placemark>
      <name>nihao YAO</name>
      <description><![CDATA[Vi har egentlig været lidt (meget) tilbageholdende omkring at dele en af vores halv hemmelige hverdagsfavoritter herinde fordi det kan være svært nok at få bord i forvejen på den mikroskopiske taiwanesiske @nihaoyaocph but gatekeeping is not cool, so this is from us 2 u💕 der er måske 10 siddepladser i alt så vær tålmodig og spis hurtigt op eller køb takeaway<br>Menukortet er relativt småt og ændrer sig ikke, det meste kan fås med forskellig indhold (okse, grøntsager, reje, and osv) og det er super comfort food dejligt. <br>10 blandede potstickers var brandvarme og lige så crispy men bløde som de skal være, boy choy i mindre stykker så det er lidt nemmere med spisepindene, var mild i smagen og god palate cleanser. <br>Nudel suppen var måske den vi var mindst glade for men ærligt bare fordi det var så varmt 🥵 den er god i efteråret!<br>Stegte nudler med and smagte så hjernedødt godt at vi overspiste totalt og vi gik helt kolde efter måske i vores optik byens bedste bao? Fluffy Beautiful bolle med flæskesteg, syltede agurker og koriander. Synes bao kan virke lidt mystisk, hele den kogte dej del er lidt underligt men når det er gjort godt er det a truly blessed experience 😇<br>Ooog så tog vi sgu også lige en popcorn chicken for det er altid bare perfekt ❤️‍🔥<br><br>🥢9/10 for bare god hverdags luksus. Det er så friskt og lækkert det hele. Elsker<br>💸 873kr for alt maden + tre øl og en cola (vi var 4)<br><br>Man kan ikke reservere bord! Ring evt i forvejen og hør om der er plads så i ikke går forgæves. Lad for guds skyld være med at tage hvidt tøj på 🥲RIP<br><br>Deres mapo tofu er også guddommelig<br><br>Overvej lige hvor lækkert alt maden ser ud, for en gangs skyld har vi ikke været helt håbløse bag kameraet (bortset fra facade billedet but what to do).    https://www.instagram.com/p/CiACDAUMtUk/?utm_source=ig_web_copy_link]]></description>
      <styleUrl>#icon-1899-9C27B0</styleUrl>
      <Point>
        <coordinates>
          12.5473338,55.6874679,0
        </coordinates>
      </Point>
    </Placemark>
    <Placemark>
      <name>Tandoori Masala Indisk restaurant og take away</name>
      <description><![CDATA[Har nok cyklet på nørrebrogade 10.000 gange efterhånden, og @tandoori_masala på førstesalen ved busstoppestedet har vi af en eller anden årsag dømt ude på forhånd uden grund? Cravede spice og at snøfte lidt i servietter og vi sagde til os selv, come on der må være en grund til at det har ligget der forevigt og stadig eksisterer.<br><br>I vores quest for the best indiske kbh skal vi altid lige starte med pappadams lige for at mærke stemningen, her får du hele tre dip! yoghurt med mynte, chili tomat, mangochutney OG en skål med pickles og chili. Helt sikkert! <br>Til pappet fik vi aloo pakora - dybstegte kartofler i en krydret kikærte panering som var en overraskende optur.<br><br>Men videre til mains og er du gal hvor var vi glade for der kom en ENORM tallerken (fad?) chicken biryani ind, spicy, krydret og på ingen måde tør. Delicious. Selvom vi var sultne blev vi nødt til at tage lidt med hjem og alle ved at indisk takeaway er da bomb (og bliver lige 10% mere stærk i mikroovnen) 🔥🔥🔥<br>Lamb achar masala havde varme og nice spice i en skøn forening i saglige smil og brændte læber og rigtig meget vand. Elsker lam smurt ind i sovs.<br><br>Oven i det hele fik vores GARLIC NAAN hele rummet til at dufte af hvidløg ❤️ whats not to love <br><br>Som vores søde tjener advarede os “aldrig udfordre en indisk kok” og for en gangs skyld blev der hørt efter da vi sagde make me cry please<br><br>Ærligt, vi var begge helt oppe og ringe over at vores nye indiske favorit lå lige der på nørrebrogade og lovede hinanden at smide cyklen og stoppe forbi til de næste mange cravings<br><br>🍴8/10 for krydret, lækker, MEGET mad som ikke var bange for at gør det stærkt<br><br>💸 450 for alt maden. Fik spandevis af postevand oven i og en enkelt mango lassi + husets rød til 60 kr<br><br>Ps friends of the blog siger at Nørrebrogade restauranten klart er bedst 😎<br><br>Sidder og bliver helt sulten af at skrive det her 🤤🤤.     https://www.instagram.com/p/CiR_B-fsEAf/?utm_source=ig_web_copy_link]]></description>
      <styleUrl>#icon-1899-9C27B0</styleUrl>
      <Point>
        <coordinates>
          12.5587178,55.6883549,0
        </coordinates>
      </Point>
    </Placemark>
    <Placemark>
      <name>Diamond Slice</name>
      <description><![CDATA[Kæmpede os ned på blågårds plads med dødstømmermænd til nyligt åbnede @diamondslicecph 💎💎💎Ægte new york stemning med seks forskellige valgmuligheder der var lidt overvældende i øjeblikket mest fordi alting så så godt ud🇺🇸🇺🇸🇺🇸<br>Startede med en red & White, en rigtig rigtig god marinara sauce og en klump burrata og hvidløg. Ville måske gerne have haft osten lidt mere fordelt men tomaten og den crispy bund var kæmpe ja tak. <br>Men dagens hungover win = canadiana slice <br>Canadiana som i Canada? Eller prinsesse Diana? 👑💍 hvis der var en tydelig reference der gik den 100% over hovedet på os ihvertfald 😅<br>En Hawaii pizza med extra jalapeno og ost gik rent ind men ramte godt nok også hårdt da vi var halvvejs igennem - MEN så trak Diamanten sgu lige et es op af ærmet fordi de havde Crust toppings (ægte amerikaner stil) så det hele gled selvfølgelig ned med en spicy marinara og blue cheese dressing. Hver pige havde sin favorit så thumbs up på hele linjen. <br>Fritz kola til hovedpinen og vi var kureret. Overvej lige hvor meget fedt der var på papiret 🤤 måske ikke lige a slice a day men når du trænger til feel good (then heavy) så er det lige noget for dig. <br>❤️ tak for slice ❤️<br><br>🍕8/10 og hvis de to vi fik var en indikator så er resten af kortet lige så godt<br>💸 178kr for to slice to dressing 1 cola. Gratis vand <br>Høj grease faktor!! Husk servietterne.    https://www.instagram.com/p/CiXZID5sENy/?utm_source=ig_web_copy_link]]></description>
      <styleUrl>#icon-1899-9C27B0</styleUrl>
      <Point>
        <coordinates>
          12.558026,55.686169,0
        </coordinates>
      </Point>
    </Placemark>
    <Placemark>
      <name>Rbabarrab - Vitalian</name>
      <description><![CDATA[Så blev det mandag og tid til at se tilbage på weekendens indtag, sende mobilepay requests osv hårdt hårdt hårdt. Især fordi vi i weekenden var forbi pop up pasta party på @rbabarrab til en skuffende omgang. <br><br>@vitalian.cph stod bag gryderne, og vi havde glædet os til at smage deres plant based pastaretter. Nice initiativ synes vi, og pasta er jo faktisk super nemt at køre vege version på. <br><br>Det gik ret langsomt med at få maden, men virkede også som om flere bag baren havde første dag på en fully booked aften, so no worries i den sammenhæng. Men da vores mad kom var den lunken og klasket sammen, som kun overkogt pasta kan være det. Stemningen omkring bordet blev lidt som når en ny date har gjort sit virkelig bedste men det stadig bare slet ikke er lykkedes 🥺 det var en klæbrig omgang på alle tallerkener desværre. <br><br>Første pasta med hvidløg og cherrytomater kunne godt spises, selvom den var ret klistret sammen. Men der var ingen hvidløgssmag whatsoever, boring. <br><br>Den anden var er fresh take på a la norma som ellers normalt er en sand favoritti hos os. Ik den her version, den var meget eddikeagtig i sovsesmagen og smagte ærligt af den der ketchup fra Lidl :/ puuuh. Ristet løg stemning i form af lidt for oliestegte brødkrummer på toppen gjorde ikke noget godt for hotdog associationerne. <br><br>Nummer tre var alligevel den værste, her havde de forsøgt sig med at blande både lavendel og appelsinsmagen i pastaen. Det blev helt utroligt parfumeret, og kunne faktisk ikke spises. “Feels like eating a soapbox” sagde den stakkels pige, der havde bestilt den. <br><br>HELDIGVIS var rødvinen god, og vi har altså også tidligere været inde på baren og få yuzu shots og de slår hårdt. Kun 1 toi derinde så beware. <br><br>🍝2/10, overkogt og ikke rigtig smagt på? Ved ikke lige hvad det er sket i køkkenet, men hvis man vil lave plant based pasta kan man så ikke bare køre en vodka med en form for flødeerstatnning eller noget i den dur? <br><br>Pris inkl vin ca 312 per person 💸💸💸.   https://www.instagram.com/p/Cir0tAuslsk/?utm_source=ig_web_copy_link]]></description>
      <styleUrl>#icon-1899-9C27B0</styleUrl>
      <Point>
        <coordinates>
          12.5520696,55.6665322,0
        </coordinates>
      </Point>
    </Placemark>
    <Placemark>
      <name>Schønnemann</name>
      <description><![CDATA[Findes der noget mere dansk end at drikke sig lidt snalret til over et stykke smørrebrød? Not really, og vi har været på traditionernes højborg @restaurantschonnemann til boozy lunch for sæsonen for alkofrakken er endelig startet! 🍂🍁🌧<br>Vi havde en ekstra pige med idag, startede med en dagens sildetallerken til deling (egentlig til 2 men ok til 3 også hvis man ikke er den store sildespiser) med rugbrød og fedt og med en god kydder m kapers+løg, Pouls sildesalat med rødbede, æg og karse. Ved sgu ikke lige hvor meget salat der var over det men lækkert var det og dagens vinder en hybensild med en god 38’er på toppen som smagte helt vidunderligt til den søde sild. Den skal vi bare have hver gang fra nu af.<br><br>Til fisken sejlede vi rundt i op Andersen og classics, men der er selvfølgelig et meget større udvalg hvis man har mod på det, og ja - alle snapsene var kyssesnaps 😘<br><br>Videre! Til hhv en norsk (med krabbesalat) og en dansk (med demo) fiskefilet med god crunch og brandvarme og REJEPYRAMIDEN måske schønemanns insta ret? Beautiful med shrimpy shrimps væltende ud over det hele og TO mayoer til at dyppe herligheden rundt i. <br><br>En kartoffelmad med laks og løvstikkemayo smagte fint, men tror sæsonen er ved at være slut.<br>Tartelet med kylling var lidt kedelig og undersaltet dsværret, men til gengæld fik vi også en omgang med svampe og BRISLER!! Deep fried brisler 😍 smukt og genialt, we are in love!<br><br>Vores 2x kyssesnaps hver var gået lige i kraniet så vi tog lige en portvin for at sømme kisten helt fast og en deepfried camembert bc why not. <br><br>What a way to spend the day 😇<br><br>🍴8/10 I mean, the classics are there for a reason <br>🎩 9/10 på schønemanns er servicen helt som den skal være med tjenere som er stolte af hvad de laver og fyrer jokes og røvere af så man føler sig som en stor (stiv) familie<br>💸 800kr per dame som tog god fra sig på både mad og drikke fronten.   https://www.instagram.com/p/CixO9AfsE2a/?utm_source=ig_web_copy_link]]></description>
      <styleUrl>#icon-1899-9C27B0</styleUrl>
      <Point>
        <coordinates>
          12.5761141,55.6827805,0
        </coordinates>
      </Point>
    </Placemark>
    <Placemark>
      <name>Donda Deli</name>
      <description><![CDATA[ENDELIG kom vi på nok en af de restauranter vi har glædet os mest til åbnede i 22, nemlig @donda_deli på Dybbølsgade. Dont let the name fool you, deli er ikke chill deli er BABE så vi tog glimmerstøvlerne på og kom ind i en jordfarvet/lummer 70’er soul/luksus lækker lille restaurant💕<br>Tog menuen, fik pink bobler til start og en mindblowing første ret - fersken sousvide tilberedt med tequila, dyppet i chamoy og sukker og var et velkomstshot i spiseform uden at blive sprittet men med varme i kinderne. dios Mio! 😱<br>Allerede ved første bid vidste vi at we were in for a good time.<br>Pasa de queso med brombærsala var en fødselsdagsbolle gone crazy, torskeceviche I leche de tigre var beautiful og ramte alle smagsnuancer, kæmpe fest i hele munden.<br>Så en hamachi/tuntartar med purløg, confiteret æggeblomme og tapioka chips med nori tang. Måske den mest donda agtige servering af alle, med store guddommelige fiskestykker og smagstilbehør der slog os helt i himmelen. De har så meget tjek på spice, smag, balance derinde at man bliver helt rundtosset. Tipper aldrig over, er ALDRIG kedeligt og man glæder sig til hver eneste ret for det er ren kulinarisk gavefest.<br>Vi blev ved, med byg selv tacos med jomfruhummer og knoglemarv og afsluttede med oksefilet med chichilo mole, pak choy med valnøddemole og havde stjerner i øjnene mens vi straks begyndte at søge billige billetter til mexico👯‍♀️<br><br>Sluttede aftenen af med cocktails, og jordbæris med misokaramel - en meget sød afslutning.<br><br>🍴9/10: Det latinamerikanske køkken har været lidt underrepræsenteret længe, kæmpe tak for at Donda Deli lige tog teten og plantede et frø på Vesterbro. Det er svært at vælge favoritter men den smukke tequilafersken og fisketataren glemmer vi nok aldrig. <br>😍 9/10: optur service på drinks og servering på alle retter, fik os til at føle os forkælede og som små luksusdyr. <br>💸790kr pp<br><br>Donda Deli serverer ikke bare mad, som er forskellig fra alt andet, man kan spise her i byen -de har også formået at skabe deres egen stil og personlighed seperat fra Donda-storesøsteren. Ja, de er i familie, og ja, man kan sagtens spise begge steder b2b (been there, done that) 😏<br><br>✨Fuld anmeldelse via @frihedsbrevet ✨.   https://www.instagram.com/p/Ci2FDEmMHqu/?utm_source=ig_web_copy_link]]></description>
      <styleUrl>#icon-1899-9C27B0</styleUrl>
      <Point>
        <coordinates>
          12.5498629,55.6668858,0
        </coordinates>
      </Point>
    </Placemark>
    <Placemark>
      <name>Psyche Café</name>
      <description><![CDATA[I de gamle relæ (rip ❤️) lokaler er @psyche.cafe rykket ind som pop up cafe. Der er røgelse duft og stearinlys, meget hippie 2022 luxxet og nogle meget zen laver-lige-en-solhilsen-før-job typerne. Vi sad med burgerøjne og havde bare brug for kaffe.<br><br>Og lad os lige starte ved kaffen for først og fremmest havde de kun filter (fra april) helt fint, men der var GRATIS REFILLS?? Yes people i hørte rigtigt, så du kan vælte direkte ud af sengen og tappe energi til kun 30kr. får man uendelig gratis kaffe andre steder? Vi kunne ihverfald ikke komme i tanke om noget☕️☕️☕️☕️☕️<br><br>Menukortet er ikke så stort, for en gangs skyld mere salty ende end sødt, og vi tog en fransk omelette, favabønne mos med brød og en skål salat. <br>Salat kl 8.30 lyder helt vanvittigt men vi blev grebet af stemningen og den übersøde tjener.<br><br>Fransk omelet kan vel bedst beskrives som en slags meget fin rørægmasse vendt til sidst så når du skærer den skal den være lidt i lag? Giver det mening? Hvis ikke så tjek Jacques pepin yt guide. Either way så havde kokken på Psych styr på sagerne og den var præcis som den skulle. Parfait 🤌<br>Salaten var salatblade med agurk, grønne bønner og boghvedekerner- easy peasy nice side.<br>Favabønne cremen var humus konsistens med paprika sprinkles, olivenolie og dild (nemt at fjerne dild hvis du ikke er fan som pige 1) og brødet man fik til var så snacky lækkert. Vi fik sgu også lige en skål olivenolie som psyche selv importerer fra grækenland, sikke et flex.<br><br>Kaffen kaldte på sukker så vi hoppede på et slice walnutbread som var kompakt men samtidig svampet og honning. Kunne måske godt have brugt lidt cf eller yoghurt men ellers very nice.<br><br>Interiøret har ikke rigtig ændret sig siden relæ/koan dagene, så der er flotte træmøbler, planter og frama sæbe på badeværelset.<br>En meget kurateret og skødesløs lækker morgenmad.<br>De har forresten også frokost og aftenservice fre+lør <3 morgenmaden lovede godt!<br><br>🍴 8/10 for morgenmad som var lækker og kaffe i drop var virkelig et plus point oven i<br>💸 330kr.   https://www.instagram.com/p/Ci7V5XTMOsV/?utm_source=ig_web_copy_link]]></description>
      <styleUrl>#icon-1899-9C27B0</styleUrl>
      <Point>
        <coordinates>
          12.5432638,55.6929946,0
        </coordinates>
      </Point>
    </Placemark>
    <Placemark>
      <name>Ali Bakery</name>
      <description><![CDATA[Nu skal det hele jo ikke altid være så smart, fancy eller nyt og når vejret er med os så elsker elsker vi at sidde og spise en über lowkey omgang mad hos @alis_bageri ❤️‍🔥<br>Og før i alle råber op omkring at den på Heimdalsgade er O.G og bedre, så slår vi lige et slag for people watching potentiale beliggenheden på Nørrebrogade for det er vel klart et af de mere kaos/stene mens du ser trafikken cykelkryds (nr 1 er selvfølgelig Hillerødgade overgangen som er definitionen på stress). Heimdalsgade har så det kørende for sig at det faktisk er bageriet så du kan købe kager og brød amok og måske er der lidt mere ✨vibes✨ (og bedre mad) indenfor. <br><br>Moving on to Food - tog en brunch med æg, humus, græsk yoghurt m olie/zataar, syltede grøntsager, rå løg, tomater, fladbrød og to slags ost. <br>Og så selvfølgelig en fatteh on the side, en kikærte yoghurt gryde ting med friturestegt fladbrød som smager som et kram føles og en fatayer for den råbte på os i montren (som desværre var lidt tør). Deres foul og manaish (vi kan godt lide zataar mix) er også stjerner på kortet <br><br>Altså, come on. Hvis ikke man knuselsker Alis bageri er det udelukkende fordi man ikke har været der. Der er plads til alle, om du har tømmermænd, hjertesorger eller bare sulten. <br><br>Især en by der bliver dyrere og dyrere, er Alis en god lille perle til når du får en gangs skyld vil trække “bare rolig jeg giver” kortet 😘<br><br>🍴7/10 havde håbet at bagværket var lige lidt mere fresh men måske bare uheldigt. Resten var tiptop<br>💸 150kr FOR DET HELE FOR TO PIGER! Svær at slå og virkelig mættende og hyggeligt at sidde og spise med fingrene og vinke hej til dem der cykler forbi 🚲💨.   https://www.instagram.com/p/CjAcvTlsXUu/?utm_source=ig_web_copy_link]]></description>
      <styleUrl>#icon-1899-9C27B0</styleUrl>
      <Point>
        <coordinates>
          12.5414464,55.6989811,0
        </coordinates>
      </Point>
    </Placemark>
    <Placemark>
      <name>Restaurant Gemini</name>
      <description><![CDATA[Har længe haft @restaurant_gemini i kikkerten for god knows we love en restaurant med udsigt og det må man sige de har. Lige ned til søerne, perfect placement til en gang stopfodring midt i arbejdstiden aka business lunch. Med andre ord vi holdt en lang frokostpause for at prøve efterårsmenuen #blessed<br><br>Først en kalvetartar med pebermayo og jordskok både i chipsform og nogle der både var tørrede og… syltede? Smagte sygt fråderen. Kom med et form for mini grydebrød (corona flashbacks, are u with me?) i sin egen lille container, med shitload af smør, porre og persille. Ægte vinder, og der er rigeligt af det. <br><br>Den ene pige røg derefter på farseret vagtel med svampe, et dejlig lille efterårskram. Den anden snuppede oksemørbrad, der var flot stegt men vi undrede os over de ik spurgte hvordan vi ville ha den? Hvis man ka se på det blotte øje vi er medium rare kinda girls så kan vi vist dø lykkelige, men igen who isnt? Den havde Karl Johan og skorzonerødder på siden LÆKKERT! Meget sådan traditionel frokostanretninger, ik noget med family style, og der var da også 90 % silverfox stemning derinde, hvor de sidste 10 var barselsmødre. Vi er nok ik lige målgruppen, men ud fra klientellet at bedømme er stedet godt til svigerfamiliebesøg. <br><br>Sku lige ha en kande kaffe til at motivere os tilbage bag skrivebordet, og til den kom en virkelig lækker hj lavet ferrero rocher serveret på sten? Lidt lol. <br><br>Desserten var som snupper ud af bagedysten med en chokokugle der skulle hældes varm sovs udover, så der kom is til syne - very fancy, men lignede lidt en so-so choko/bær servering. MEN sovsen var med kardemomme og det gav virkelig et ekstra smagskick der gjorde den interessant og med ét højnede oplevelsen. Well done! <br><br>🍴8/10 på maden<br>🕯5/10 vibes<br><br>Maden fejler absolut ingenting inde på gemini, location er god og personalet søde. Men viben derinde er ret anonym, og kunderne en heeeelt anden målgruppe end os (som i hvert fald føler os evigt unge slash udødelige, u know the vibe, alder er bare et tal) Savner personlighed og den der special something der gør man ka mærke menneskene bag, stemningen bliver lidt flad i det. <br><br>Pris: menu 325 + 100 for mørbraden, kaffen er oveni.    https://www.instagram.com/p/CjN9dYBsY-f/?utm_source=ig_web_copy_link]]></description>
      <styleUrl>#icon-1899-9C27B0</styleUrl>
      <Point>
        <coordinates>
          12.5581635,55.6745315,0
        </coordinates>
      </Point>
    </Placemark>
    <Placemark>
      <name>Oberra</name>
      <description><![CDATA[Skjolds plads aka byens urbane restaurantørken har fået en ny mad/vin/kaffe/bajer hybrid aka “eatery” hvor man ka spise alle døgnets måltider HURRA og velkommen @oberra_bar. Vi to var forbi med @frihedsbrevet lige da de var fresh åbner, her kommer et resume:<br><br>Førstehåndsindtryk: flot rum i forskellige farver med gulv til loft gardiner og sådan lidt luks spice til hverdagsfølelsen. Elskede de havde malet institutionsakustikpladerne i loftet mørkegrønne, det hjælper selvom de aldrig bliver ægte kønne.<br><br>Apparently så var vi late to the game selvom vi troede at vi easy kunne lave en walk in, men fik alligevel en god plads ved vinduet. <br><br>Hoppede på chefs choice til 250, satme en god pris, og lagde ud med svampet foccacia og oliventapenade. Mistænker den for at være grydebrødsversion: sprød udenpå og blød indeni. Hamachi cevichen med grape blev meget fersk og føltes ubalanceret, den manglede citron. <br><br>Gazpacho med lil kaninblanding til, super rich men savnede peber. Heldigvis en stærk parmesan kiks på siden, det hjalp. ✨Can u ever just be whelmed?✨ if u know, u know, og det var lidt den følelse. <br><br>Stratiacella i balsamicomarinade med endive og sorte puffede ris - yummy mix med bitter, fedt, sødt og sprødt. En full blown god ret! <br><br>Så en bagt helleflynder med hollandaise og kartofler og maaasser af dild. Smuk og dejlig var den. <br><br>Det hele kom i rask tempo, måske lige lidt for hurtigt, men de var jo også helt nyåbnede så fred være med det. Men vi følte at vi skulle hænge ud lidt mere så røg på to af kortets desserter: citrontærte med 50/50 creme og marrengs. Bunden føltes lidt overbagt. Pige 2 (chokoladegrisen) fik en choko mousse klattet voldsomt op og med kirsebær og crumble. Jule vibes og heavy, ku godt ha brugt en klat creme fraiche, men hun kom fint igennem anyways. <br><br>🥔7/10 fine dejlige retter, et par svipsere uden vi blev helt kede af det<br>💡8/10 indretning - flotte farver og hyggestemning, tirzah på anlægget og god til alle slags selskaber. <br><br>Kan sagtens se os komme igen til sympatiske menupriser og lokale n bro hygge vibes med alle rullekraverne. ER DER NOGEN DER VED HVORDAN MAN UDTALER NAVNET? Help ur girls out please.   https://www.instagram.com/p/CjVQmpXM8uK/?utm_source=ig_web_copy_link]]></description>
      <styleUrl>#icon-1899-9C27B0</styleUrl>
      <Point>
        <coordinates>
          12.5499553,55.7034712,0
        </coordinates>
      </Point>
    </Placemark>
    <Placemark>
      <name>Thai Pan</name>
      <description><![CDATA[Instagram vil ikke lade os skrive lang tekst 🙃<br>See screenshots for anmeldelse ❤️<br>@thaipan1997 <br><br>🥢 9/10 for amazing dinner. Ved nærmest ikke hvad de kunne have gjort bedre<br>💸360kr for maden for to personer LOL virker helt sindssygt, kunne have betalt dobbelt så meget og stadig havde følt vi havde haft en god aften.  https://www.instagram.com/p/CjkFt6JM1Co/?utm_source=ig_web_copy_link]]></description>
      <styleUrl>#icon-1899-9C27B0</styleUrl>
      <Point>
        <coordinates>
          12.5593676,55.6909424,0
        </coordinates>
      </Point>
    </Placemark>
    <Placemark>
      <name>3100</name>
      <description><![CDATA[@3100_cph er åbnet lidt under the radar, føler i hvert fald ik vi er blevet ramt af noget promo nogle steder fra, men girrrls det er et oplagt partystartersted med cute bois bag baren og pladsespiller i vinduet YES. <br><br>Menu koster 320 og skifter vistnok fra uge til uge. Denne aften fik vi brød, med to slags smør, dreams do come true HVIS det ikke var fordi brødet desværre var helt sindssygt tørt. Man ku jo lige have stegt det i, well, smør for eksempel? Oliventallerken med figner og brombær nice touch, ansjoser fra dåse og en salat med zucchini tomat og fennikel. Lækre simple retter, all bread aside. <br><br>Næste omgang var hårdt grillet butternut, its the season, og den her havde fået en fiskesovs hældt ud over sig. Umiddelbart lignede det lidt en upser med den sorte kant, men det gav sgu lige den bløde græskar lidt tiltrængt kant så thumbs up. Lions mane, eller pindsvinepigsvamp hvis man vil kløjes i det, med creme fraiche (?) og trøffel høvlet ud over, virkelig lækkert, en servering torskekraver og grillede majs med en auberginedip (tror vi). Torskekraverne tog prisen for bedste servering, gal hvor var de møre. Helt perf tilberedning.<br><br>Prøvede selvfølgelig nogle forskellige vine, hj lavet snaps og drinks, altså de diskede op med aaalt muligt, mens de fortalte om hvordan de har startet stedet helt fra scratch. <br><br>Looket dernede er super kbh mismatch stil på den virkelig gode måde. Vi blev hængende virkelig længe, for det føltes som at være til en rigtig god middag hjemme hos nogen, mere end det føltes som en restaurant, hvis det giver mening? Toi har endda lyserødt silkepapir omkring loftslampen, det trick har vi også selv benyttet os af haha. Og det er fully equipped med bind og tamponer HURRA! Så ja altså havde det lidt som om vi var inviteret på dobbeltdate nede i hyggekælderen. Skal vi ses igen, ja det skal vi 100<br><br>🫒7/10 mad, fine retter men få lige styr på brød<br>🍁9/10 stamstedspotentiale, så rart at være<br><br>Og så er vi fandme også ude i et value for money sted, vi kom af med ca 750 bobs per pige og kid u not vi sad der i 5-6 timer!? Der kan vi altså nå at høvle en hel del naturvin indenbords og alligevel sprængte det ik budgettet #blessed.   https://www.instagram.com/p/CjxEoJls3Ux/?utm_source=ig_web_copy_link]]></description>
      <styleUrl>#icon-1899-9C27B0</styleUrl>
      <Point>
        <coordinates>
          12.5478271,55.671969,0
        </coordinates>
      </Point>
    </Placemark>
    <Placemark>
      <name>Juli Pizzeria</name>
      <description><![CDATA[Friends of the pod vil vide at vi har prøvet deres pop op og har nu endelig været forbi @juli.pizzeria hvor der er blomster, naturvin, pizza OG sides i lange baner. Og udeservering!<br>Fik en hjernedød karl Johan pizz m noget urtedressing. Så fråderen, det burde være lovpligtigt at bestille shroomie slices når det er sæson og de klarer det så godt på juli <3<br>Margarita was nice to meet yaaa perfekt bund og masser af cheesy goodness 🤤🤤<br><br>Disclaimer vi har været her to gange og Pepperoni pizzaen blev til gengæld lige lovlig våd med en top lækker tomatsovs men umulig at spise. Tror dog det var en svipser da resten sad i skabet og de virkede lidt tømmermændsramt i lørdags 😅💔 (men det var vi også no worries mate)<br><br>Der er også “salater” tog en græskar m ndjua som smagte godt men ikke så spicy måske savnede vi lidt trylleri og vi havde bare travlt med at hælde slices ned men KÆMPE UP for ar have flere ting på kortet hvis ikke man lige er den store gluten girl. Kiggede lidt misundeligt til vores sidemand for alt så yummy ud. <br><br>Pizzaerne er ikke super store, men hvis du er til mere snack kan man stadig godt dele. kommer der alko servering snart?? Please??<br>perfekt ydre nørrebro sted, vi spår dem stor fremtid og pige 1 kan allerede ny mærke at hun måske er klar på at gå de ekstra 100m efter mad selv i en koger <br><br>🍕8/10 god bund god crispy crust men hjernedød god tomatsovs ❤️‍🔥❤️‍🔥❤️‍🔥<br>💸 75-95kr pr pizza, 75 for salater og billige drikkevarer.   https://www.instagram.com/p/Cj3SWX7s_fW/?utm_source=ig_web_copy_link]]></description>
      <styleUrl>#icon-1899-9C27B0</styleUrl>
      <Point>
        <coordinates>
          12.5430396,55.6984486,0
        </coordinates>
      </Point>
    </Placemark>
    <Placemark>
      <name>Brasserie Saigon</name>
      <description><![CDATA[Tror nærmest alle har været forbi le le på et tidspunkt, der virkelig kørte lækker pho og forårsruller til masserne.<br>But mass no more for de har åbnet @brasseriesaigoncph på Vesterbrogade som er en klassisk viet møder Frankrig fusion og vi tog to ekstra piger under armen til en hverdagsdinner.<br><br>Først og fremmest, omg har de lige københavns sødeste tjenere? de er som om de alle har læst “how be a great waiter” selvhjælpsbog og vi elsker det!<br>Havde brug for lidt friture så delte en wonton/forårsrulle med dip tallerken (lux og smagte fresh) og en spicy papaya salat som smagte dejligt men vi havde måske håbet på lidt mere chili.<br><br>Tog self a la carte som altid da vi ville have tusind forskellige ting, to piger tog hhv en fried tofu og en svinkeskank med bok choi som havde den samme ingefær/teriyaki sauce som ja var super lækkert, men det er jo også bare den altdominerende smag på tallerknen. But who cares når det smager så godt jo!!<br><br>Lam curry var meget East Asian fine dining lækker og sidste dame ved bordet fik pho med æggeblomme i, den var ny?? Gav en helt andet creamy konsi til suppen som sgu var meget lækkert<br><br>Vi sad egentlig alle og vibede ret meget over maden og tjeneren men er du gal hvor er akustikken svær derinde. Kunne INTET høre, sad og endte med at råbe til hinanden og der var ikke 100% fyldt op så kan forestille os den virkelig bliver hård for ørerne en fredag aften.<br>Sindssygt ærgerligt for alt andet spillede virkelig og det var opturs finer asian dining men hvor man måske sidder lige for tæt på hinanden på nogle ikke super gode stole. <br><br>🍴7/10 kan du li fransk, kan du li vietnamesisk, så får du en god aften på tallerknen<br>🥺4/10 ideen om casual brasserie er god, men please find en løsning på larmen, måske lidt færre borde :(.   https://www.instagram.com/p/CkGGbQhMjmb/?utm_source=ig_web_copy_link]]></description>
      <styleUrl>#icon-1899-9C27B0</styleUrl>
      <Point>
        <coordinates>
          12.5549179,55.672554,0
        </coordinates>
      </Point>
    </Placemark>
    <Placemark>
      <name>Alouette</name>
      <description><![CDATA[In times of crisis TREAT YO SELF så vi tog på @restaurantalouette for at tage den nærige piges michelinmødom. Menu er altid 5 retters sæsonbaseret (1195kr) og self om vi nuppede vinmenu nu vi var i gang. Ik den eksklusive dog men den til 845. <br><br>Over the top dekorerede snackskåle: øverst ses blæksprutteskewer smurt i lardo og et bjerg fermenteret kvæde on top. I midten en mikrotærte i m saltet blåbær og lam, og nederst en vandbakkelse med solsikkecreme og gelélignende trøffellåg. Stopfodrede os selv med den blødeste brioche og helt geni disneyprinsesseblødt æble-baconsmør WOW bare WOW #blessed<br><br>Cherrytomater med stikkelsbær og umodne blåbær lå på en habaneropuré og tomatvand, ren kærlighed til sommertomater. Fik jo psyko meget lækker vin til, men IG har for lidt plads, I skal dog lige se den ene: duftede af egetræstønder, smagte af buttery popcorn + at få smidt saltvand direkte i face. Den drak vi til røget og pureret hokkaido med et lag blærerøvs black label rossini caviar og en blåmuslingemulsion-champagne-sauce ud over. Holy jesus! <br><br>Next up en slags chicken triffle hvor en gel og en glaze halvt skjulte en creme og en crumble, der alt sammen var lavet på kylling – og selvfølgelig én af dem, der er vokset op hos en hønemor langt ude på landet 🐓❤️<br><br>Så kom der gris på bordet, helt tynde møre og nærmest sashimiish skiver svin der lå på en misosauce. Havde kogt i intet mindre end tre dage på komfuret 🔌💸totally worth it, så fråderen. <br><br>Hurra for efterår og latterligt gode danske æbler og til dessert fik vi discovery på bund af en vanvittig helt hvid choko agtig æblesmør og med creme anglaise hældt udover. Faktisk ik så sød, mere et savory palate cleanser, men så kom vinen og gjorde sit med sødlige dråber. En spændende dessert, så meget saltpotentiale. Til sidst skrub af fyldte choklader og en espresso. <br><br>🧈9/10 mad, manglede lige sidste mindblowing ret før fuld plade, men vidunderligt var det.<br><br>💃9/10 service. Tidsplanen skred og vi var på early seating, så blev skyndet lidt på inden desserten.<br><br>Der er self sygt smukt derinde, og det er helt fab at blive fulgt ind gennem øvelokale og morgenfest stemning ✨ must try i kbh, synes vi. Men gå med sen seating!    https://www.instagram.com/p/CkLQcOVMZGf/?utm_source=ig_web_copy_link]]></description>
      <styleUrl>#icon-1899-9C27B0</styleUrl>
      <Point>
        <coordinates>
          12.5758204,55.6624752,0
        </coordinates>
      </Point>
    </Placemark>
    <Placemark>
      <name>La trinacria / Taste of sicily</name>
      <description><![CDATA[Ciao ragazzi så er det ved at være weekend THANK GOD. vi starter ud med den sygeste optur for vi gar fundet vores ny fav sandwich sted 💕💕💕💕 @latrinacriacph ligger på en sidegade til strøget i en kælder med verdens sødeste mamma italiana (+ cute kiddos der leger rundt). Vi har faktisk været her hele tre gange fordi vi ville anmelde deres arancini som har været udsolgt :( men så er det godt der er panini heaven 🥪🥪🥪<br><br>Du vælger selv din variant, om det er mortadella, alm skinke, pølse, vegetar, u name it we got it er mottoet og husk at sige ja til pecorino, ekstra spread, oliven for det hele smager himmelsk!! Brødet er sååå fråderen, salaten er frisk, du får bunker af basilikum. Så meget optur proppet i en sandwich fuckin eyyy man bliver helt mad høj 🤩<br><br>Der er croissanter (tjek lige det puddersukker lag!) og cannoli til sukkergrisene og en espresso maskine til de kaffetørstige til helt ok priser indre by taget i betragtning og du kan self få en pellegrino sodavand også<br>Om sommeren er der baggård med hyggestemning og du kan købe alt det italienske limoncello lir og gift baskets du kan bære 🇮🇹🇮🇹🇮🇹<br><br>Vi havde SÅ sød og dejlig betjening og mad hver gang vi kom ned og til 65kr (!!!) for en top kvali sandwich der smager af good times og sommerminder fra sicilien kan vi ikke andet end at anbefale. en lidt gemt skat, men fantastisk når sulten rammer på strøgturen og du ikke gider endnu en ligegyldig kæde oplevelse 🫠<br><br>Dog er der liiidt koldt/åben dør stemning så husk en trøje <br><br>Grazie mille!💚🤍❤️<br><br>🍴10/10 there’s a new panini princess in town <br>💸 65kr for en sandwich er så så fair synes vi.   https://www.instagram.com/p/CkQmO0QsDZa/?utm_source=ig_web_copy_link]]></description>
      <styleUrl>#icon-1899-9C27B0</styleUrl>
      <Point>
        <coordinates>
          12.5766659,55.6779742,0
        </coordinates>
      </Point>
    </Placemark>
    <Placemark>
      <name>Cafe Gammeltorv</name>
      <description><![CDATA[Noget af det allerallervigtigste i disse tider er jo at bestemme sig for hvor man ska indtage sit smørrebrød henne. Julefrokost season is coming up og man skal til at have fingeren ud hvis man vil ha et bord. Believe it or not der er smørrebrødsrestauranter vi ik har besøgt endnu og det dur self ikke, så tog forskud på juleglæderne med et par warm up madder på @cafegammeltorv 🎁<br><br>Den ene pige lagde ud med klassisk karrysild som blev serveret med hele 3 slags smørelse: smør self og 2 slags fedt, så kender man pigerne. Gode sildebidder og fuld tilfredshed. Plus point for at have et godt nok teeny tiny men stadig eksisterende grønt menukort, som den ene pige følte sig draget af og hoppede på svampetoasten. Maybe she’s stupid men havde forventet sådan en fransk stil flødestuvet satan der lægger en ægte god bund, men æh der var brugt virkelig meget balsamico i svampene og de havde vist kun ristet brødet på den ene side, så det var en virkelig mushy omgang søbemadssurdej når hun skar gennem maden. Sad. <br><br>Håbede sådan at fiskefileten kunne veje op for det, især fordi begge piger var i full on filet mode, og ved i hvad, det kunne den! Sikke en skønhed, frisk sprød og rigeligt af den, HVORFOR kører alle ik 2 fileter på 1 rugbrød, amazing. Et sandt lille vidunder, klar contender til byens bedste. <br><br>Charmerende kælderrum med svikmøllen på væggene (instant flashbacks til mandelgaveskuffelser, er vi de eneste?) og hj lavede ting i krukker, men det er et ret tætpakket og psyko varmt rum. Så kør lag på lag, damer, ellers ryger hele partymakeuppen i svinget. Vi havde det fint nok derinde, men savnede charm fra personalet - det hele gik ret hurtigt bortset fra vores vand som de blev ved med at glemme, men altså sød betjening var det da. Bare ik var den der kække kromåtter/fatter vibe, og den savnede vi ret meget. <br><br>🧈8/10 på mad og her er det altså særligt en fiskefilet vi ku facegrinde der trækker opad<br>🕯5/10 på stemning, tror klart man skal derind som stort selskab før man bliver lullet ind i den glade danske køre madder ind stemning. Vi var i hvert fald færdige med at være der efter bare en enkelt øl. Wtf<br><br>💸652 for 2 fadøl og 4 madder.   https://www.instagram.com/p/CkX26xcMp9E/?utm_source=ig_web_copy_link]]></description>
      <styleUrl>#icon-1899-9C27B0</styleUrl>
      <Point>
        <coordinates>
          12.5714555,55.6780222,0
        </coordinates>
      </Point>
    </Placemark>
    <Placemark>
      <name>Vaest</name>
      <description><![CDATA[I slutningen af sommeren var vi forbi Janice på den del af vbrogade vi aldrig kommer og spottede flere dates der høvlede espresso martinis og andet spændende på naboen @bar_vaest <br>Girls gotta eat og efter en ekstraordinært irriterende arbejdsdag ringede vi til hinanden og aftalte at vi skulle se hvad det gik ud på.<br><br>Ok lad os lige starte på indretning. Den er .. spraglet to say the last. LPer som vægpynt, en kæmpe lysekrone gren ting?, vintønder, rattan lampeskærm, old school malerier, u name it. Et .. interessant mix af alt muligt på en gang.<br>Hvis du gerne vil ud og drikke drinks men ikke gider influencer Chanel taske se mig segmentet i indre by er VAEST et ret sjovt sted at sidde 100%! Det er klart mere lowkey uprætentiøst end det er københavner ✨smart ✨<br><br>Priserne er der til gengæld ingen forvirring omkring, vi lægger os helt klart i den billigere ende af skalaen og hurra for det nu vi alle venter i skræk på elregningen🥶🥶#rip<br>En frisk lækker basil smash, en whiskey sour der smagte som den skulle og vi fik også lige en rabarber spritz selvom det måske ikke lige er sæson men whatever det er så fråderen og minder os om dengang der var sommer<br><br>Startede med smør ristet brød med ekstra pisket smør og en lille urte olie i midten. Grease me up baby!<br>Videre til de der mini pølser med parmesan som er gudespise med sprit i blodet, tre små cute svampekroketter m citrongræs mayo og til sidst den evige burrata med friske og confit tomater🍅 its a classic for a reason <br>It aint rocket science, men det var så hyggeligt at stene over den vanvittige indretning mens vi hapsede klart over standarden snacks. <br>Søde mennesker og god musik!❤️‍🔥<br><br>🍴7/10 solide drinks og småretter. Ikke noget super fancy, men alting behøver jo heller ik være gastronomisk flyvende hver dag<br>💸560kr for snacks + 3 cocktails<br><br>OBS menuen på det sidste billede er noget helt andet vi kan ikke finde ud af at slette 😭😭😭 Sorry, tjek VAEST ig for mad ❤️❤️.   https://www.instagram.com/p/Ckdo3lJMLQX/?utm_source=ig_web_copy_link]]></description>
      <styleUrl>#icon-1899-9C27B0</styleUrl>
      <Point>
        <coordinates>
          12.5433017,55.6711597,0
        </coordinates>
      </Point>
    </Placemark>
    <Placemark>
      <name>Les Voyageurs</name>
      <description><![CDATA[Oh la laaa har været på @lesvoyageurscph aka mini Paris til frokost hvor vi naturellement fik en flaske rose lige til lørdagshyggen det er jo først på måneden så vi living life!<br>Det er lidt synd at stedet måske er lidt overset? Vi har det med at glemme den del af indre by hvilket er så synd for der er virkelig perler. <br>Du træder virkelig ind i ren fransk idyl med kunst på væggene, runde blå borde og stearinlys overalt med smooth jazz på anlægget❤️‍🔥<br><br>Tog klassikeren over dem alle - chevre chaud salat - som var helt fin med stykke ristet brød og en virkelig god vinaigrette. Cute regnbuesalat. <br>En omelet med ost perfekt tilberedt med mere salat og sluttede af med lidt sardiner som var SÅ lækre og fede på den helt gode måde. Kan klart anbefales bare at køre vino og dåsemad det var virkelig top kval fisk og se lige den citron udskæring altså 🤩<br><br>🍴7/10 lækker mad, gode store serveringer. Menuen er ret lille da de kun har et anretter køkken, så det er toast eller salat der er på kortet og det er måske liiidt indre by dyrt <br>✨9/10 le francais vibessssss følte helt vi skulle have taget rød læbestift på og prøvede franske gloser af på tjeneren som var sød og overbærende <br>💸 880kr for salat, omelet, fisk, en flaske rose og en Bornholms danskvand (til 68kr av min arm).   https://www.instagram.com/p/CklgZs9MM57/?utm_source=ig_web_copy_link]]></description>
      <styleUrl>#icon-1899-9C27B0</styleUrl>
      <Point>
        <coordinates>
          12.5884568,55.6781776,0
        </coordinates>
      </Point>
    </Placemark>
    <Placemark>
      <name>Satang Thai Bistro</name>
      <description><![CDATA[Har for alvor ramt comfort food season og ærligt bruger ret mange aftener på sofaen med takeout MEN fik alligevel dusted us off for at prøve @satangthaibistro midt på trafik smackdown Åboulevarden. <br><br>Meget autentisk indretning med fletlamper og thai lyde i loop, som man jo kan sidde og vibe til forever, bortset fra man bliver virkelig thai sulten af den slags muzak. Det nåede at blive kritisk, for vi måtte vente sygt længe på at blive seatet, og så igen for at bestille og endnu længere før det kom mad. Hvis det her havde været en first date kinda night havde det eddermame været hårdt 😩 der var ik rigtig nok personale til både at tage sig af en fuld restaurant og en lind strøm af take aways, øv øv. <br><br>First up snacks: fried tofu med en tamarinsovs der næsten var sirup agtig, og som først ægte gav mening når man tog de små spicy chilier med. Så blev det til gengæld en virkelig nice spice begyndelse. <br>Fermenteret pølse, som var fråderen, men pas på chilierne der var thai spicy!!<br><br>Pluspoint for at have både european og thai spicy på hovedretterne! Vi snuppede en af hver for at ku sammenligne. Kylling i karry på den danskervenlige menu smagte fint nok men ikke af super meget - Spice havde klædt den, men pigen lå jo som hun havde redt. Ret tørre kyllingebites desværre. <br>Pige 2 derimod fik en pad si eiw aka slimy noodles med brocolli soya og gris. Sååå god, blev instant sendt tilbage til streetfoodbod stir fry stemningen. Sad endda også under et lille hjemmefixet halvtag i vinduet, så altså udover det var forfrosne efterårsdanskere og biler med vinterdæk der var udsigt til, så føltes det faktisk lidt som at være der. <br><br>🍛7/10 på maden, her trækker den sådan lidt whatever og tørre kylling ned, så vi anbefaler man går med den ægte thai spice vare, så er man home safe med smag og snøftenæser<br>😩 4/10 på service, altså der var ikke rigtig nogen service faktisk. Ik fordi vi havde behov for at blive nurset helt vildt, men når det bliver helt uoverskueligt at bestille en bajer mere så er der sgu skår i glæden. <br><br>💸516 bobs i alt, må siges at være en fino pris for al den mad og 2 øl per pige.   https://www.instagram.com/p/CkqDXp-siz4/?utm_source=ig_web_copy_link]]></description>
      <styleUrl>#icon-1899-9C27B0</styleUrl>
      <Point>
        <coordinates>
          12.5481599,55.685032,0
        </coordinates>
      </Point>
    </Placemark>
    <Placemark>
      <name>Contento</name>
      <description><![CDATA[Okay venner føles som 1 mia siden solen har været fremme og apparently også vores hjerner for vi har glemt at gi jer resume af vores @contentocph dinner helt tilbage fra august (hence the birkenstocks). Bedre sent end aldrig som man siger, for det er sikkert stadig læksi<br><br>Havde taget en tredje sulten m/k under armen og blev bænket ude på fortorvet men der er altså også pladser indenfor inkl udsigt til the produce i disken, whats not to like. <br><br>Først pinxtos: boquerones, ansjos/oliven/lygtens bazaar stil pebre (ka ik huske navn, men de gode) og en æg-reje-ansjosmad med aioli der mente det seriøst, vi måtte lige hi hinanden 1,5 m breathing room. De kører fuld spansk stil med papbrød på siden, og sådan er det jo, men ber til de KBHske brødguder om nomabagerierne og contento ik nok ka udvikle noget der ka toppe tapasoplevelsen med en ordentlig carb base? <br><br>Ibericoskinke-croissant-klapsammen dejlig greasy, og så kold tortilla med æg, kartofler og løg med en skål røde oliesdryppende svinepølser, holy trinity! Kom i rask tempo, en anden gang bestiller vi hen ad vejen. <br><br>“Stjernemix” af alt godt fra montren, bare gå med kokkens reccos, ægte solsmagende tomatsalat man nok ik ka få mere sorry guys. Og så clame2fame gigantisk basque txuleta (T bone) - mør og saftig på den der måde, hvor man bagefter både lidt føler man ku løbe et marathon eller bør lægge sig til at dø. Fik også lige lynsvitsede svampe m æggblommesovs, som om det ik var nok. YUM! <br><br>Var mætte men altså basque cheesecake, need we say more? Konceptet er stort set det samme som ved txuleta: et brændt nærmest karamelliseret ydre og en smørblød midte. Perf tilberedt, vanillemængde fuldstændig on point, cheesus christ! Selvom vi efterhånden havde åndenød af overspisning, spiste vi rub og stub. Havde Contento haft adresse udenfor brokvartererne og ikke der lige midt i Lille-Aarhus havde vi slikket tallerkenen. <br><br>🥩8/10 for maden. Silberbauer er mester i indkøb af gode varer men det er ik alle, der ka sætte det sammen så flot.<br><br>💃8/10 vibe. Hurtigt ind, hurtigt ud, og på mange måder helt perfekt til rigtig mange slags aftener.<br><br>💸1.750 bobs i alt – altså under 600 per mand!<br><br>Ps der er toi inde ved siden af 😇.   https://www.instagram.com/p/CkvPv5Ns968/?utm_source=ig_web_copy_link]]></description>
      <styleUrl>#icon-1899-9C27B0</styleUrl>
      <Point>
        <coordinates>
          12.543327,55.693325,0
        </coordinates>
      </Point>
    </Placemark>
    <Placemark>
      <name>Sankt Annæ</name>
      <description><![CDATA[Ramte @restaurantsanktannae til en fødselsdagsfrokost for pige 1 nu hvor det er smørrebrødssæson 🥶<br>Startede med en rep cola + Classic og op Andersen, var fire afsted fik klassisk smørstegt spætte, god men måske lidt lille ål/æg (der var 1 skive under så madden ser større ud end den var), Fanø laks med undersaltet stuvet spinat og tavleret som var flødestuvet kantareller obvs Amazing og en virkelig stor portion ❤️‍🔥🍄<br>Der er virkelig hyggeligt og fint på den gammeldags måde med maritime detaljer og folk havde det lidt pæne søndagstøj på. Føltes meget indre by/små rigt (inkl en ældre mand der overhældte sin sugababy med gaver og var diva mod personalet lol) og young boys i WallStreet uniform 🐎 #ingenfestudenhest som man siger 🐎<br>Personalet havde måske liiidt travlt vi skulle selv fange tjenerne en del. <br>Helt fantastisk ribbensteg og frikadeller måske vores favoritter, en hønsesalat vi glemte billede af og en helt flad helt banket klassisk tartar. <br>Alt maden - rigtigt lækkert❤️<br><br>Og så fik vi regningen. Måske vi kunne sagt os selv da der ikke var priser på hverken kortet eller tavlen (ALDRIG et godt tegn) og vi var få dumme eller generte til at spørge selv så vi ligger som vi har redt men hermed info givet videre!<br>285 for ål (ja en dyr spise BUT still), 48 for en 33cl cola og resten af madderne lå i 150-200kr prislejet så vi sprang lige kaffen over og tog på bodega et lidt billigere sted til afterparty ✨<br><br>🍴8/10 gode stykker, to til hver er helt fint. Evt bed om postevand specifikt i stedet for Aqua panna<br>💸 2981 for 4. 2 øl, 2 madder og næsten 2 snaps til hver. <br><br>Vi lægger os derfor i den øverste smørrebrødsprisklasse vi har ramt i kbh indtil nu. Enjoy, luk øjnene og swipe dankortet 👻.    https://www.instagram.com/p/Ck28orJs-0Q/?utm_source=ig_web_copy_link]]></description>
      <styleUrl>#icon-1899-9C27B0</styleUrl>
      <Point>
        <coordinates>
          12.5912541,55.6813882,0
        </coordinates>
      </Point>
    </Placemark>
    <Placemark>
      <name>Et Cetera</name>
      <description><![CDATA[Skjolds plads er åbenbart poppin for der er landet en ny café/minikantine med alt godt korean influenced som vi self har været forbi @etcetera.cph <br><br>Lagde ud med en kraftig limonade, ush for heftig for os men det er nok en smagssag. Tyndede den ud med vand og så spillede det. <br><br>Kørte sharing is caring frokost m en kålsalat med butternut og en helt vandvittig sechuandressing mix vi har drømt om lige siden. Kæmpe thumbs up selvom vi blev lidt wowed over prisen på 90 bobs når det mere lignede en side. Dressing får den dog up there hvor der faktisk giver mening. <br>Spiste den sammen med en Rice bowl med kæmpe vinder krydderblanding på toppen. Det der ligner en klat is er et æg og kombien med tangflager, ris og spices var vidunderlig. <br>Fik også koreanske pandekager med forårsløg og purløg, snakkede lidt om om det mon var rismel eller en form for cornstarch blanding, konsistensen bliver i hvert fald sådan fried tyk rispapir stil, og sammen med soya/chili dyp var det sgu også en vinder. To glade piger. <br><br>Passer meget godt at dele 3 retter, hvis man er virkelig sulten kan man nok godt indhalere 2 selv. Det blev 300 kroner ligeud, og det matcher godt op med kvali synes vi. <br><br>Eneste downsides var at vi ventede ret lang tid på maden, men bear with them, det er et super lille sted og n bro folket har apparently allerede taget den til sig som stamsted, det ligner de har nok at se til. Og så er det åbent køkken, så vi lugtede lidt af mad da vi kom hjem igen. Og så beware of det der sygt trippy bord, der har nogle bordben man kan slå sig på eller rive strømpebuksen i stykker u kno. <br><br>Men der er virkelig sådan Nørrebro-alt-er-vintage stemning derinde, hygge med et langbord, en slags hylde man kan sidde ved og en god vindueskarm. ML Buch etc på playlisten, så bliver det vist heller ik mere ærkekøbenhavns and we are here for it! Klart en lille prodigy af en café, der er god stemning, sød betjening og lækkerrrr koreansk frokost. Vi kommer tilbage, især fordi de har en egg sando der ser så fråderen ud. De har også morgenmad!! Perfekt til morgendate tænker vi<br><br>🍚9/10 satme en god frokost<br><br>Nu kørte vi den fri for procenter men de sælger vistnok også vin derinde til din tipsy lunch 💃💃.  https://www.instagram.com/p/Ck-kUe_se7j/?utm_source=ig_web_copy_link]]></description>
      <styleUrl>#icon-1899-9C27B0</styleUrl>
      <Point>
        <coordinates>
          12.5485459,55.7035213,0
        </coordinates>
      </Point>
    </Placemark>
    <Placemark>
      <name>Amager Gyouza</name>
      <description><![CDATA[Sad på kontoret og blev kl fem sulten efter gyoza hvor en hurtig google søgning sagde bingo på ønskeøen så ringede efter pige 2 og satte kursen mod takeaway biks Amager på Øresundsvej. <br>Der er hyggeligt (men lidt madoset) med et lille rum oppe hvor du kan få en lowkey hverdagsmiddag. Vi skulle hjem og var forresten lige ved at blive blæst af cyklen wtf Amagerbrogade er noget af en vindtunnel!!<br><br>Det ligger vist lidt i navnet at vi skulle prøve gyoza, tog svinekød som var fedtede og heavy helt på den traditionelle måde. <br>Med lidt åndenød åbnede vi vores næste kebab boks (lol) til indbagte stegte kødboller - igen Nice men Damn en mur. Help.<br>Ved ikke lige hvor i hjernen vi havde kortsluttet, men vi havde gudhjælpemig også bestilt Veggie fried Rice on da side, ret teriyaki agtig igen smagte fint men wow tungt både på smagsindtryk og mavesækken. <br>Og fordi vi havde læst at deres egg noodle soup skulle være Amazing var det vores sidste bestilte søm i kisten. Egg noodles var præcis en tagliatelle pasta i en tynd suppe og da pige 1 lige er kommet hjem fra Italien var det måske ikke lige den slags kulhydrater vi savnede. Dog ret optur at der var små ruller omelet i? Sammen med lidt blomkålsstykker. <br>Måske ikke den mest spændende middag men er du gal man kommer langt for pengene! Tror næste gang vi bare går med en ti pack gyoza<br><br>Der gik max 10 min fra efter vi spiste til vi faldt i søvn på sofaen 🧱🧱🧱🧱<br><br>🥟 6/10 fint og hyggeligt. Klart mere olietungt end delikat, men hvis man er i humør til det så er det bare at hoppe i. Vi er blevet for mætte og ik på den helt gode måde måske. <br>💸 394kr for fire retter. Ville have været rigeligt til tre personer endda.   https://www.instagram.com/p/ClGKU4WM8pj/?utm_source=ig_web_copy_link]]></description>
      <styleUrl>#icon-1899-9C27B0</styleUrl>
      <Point>
        <coordinates>
          12.6081781,55.6582048,0
        </coordinates>
      </Point>
    </Placemark>
    <Placemark>
      <name>Andra</name>
      <description><![CDATA[Under et smukt plantforhæng og overfor lille Peter er der netop en ny lille vinbar @andraeatery indrettet ret cute med små borde + skamler, en bar i midten man kan sidde ved og vinduespladser til når man ved sidde tæt med sin babe 🥰<br>Du kan få te, kaffe og brownies men vi kom forbi efter arbejde og hoppede direkte i to gode glas beajolais 🍷 <br>Der er virkelig hyggeligt men sindssygt proppet herinde så forbered dig på at sidde oven i hinanden! Blev lidt sultne så tænkte vi ville prøve mad kortet og tog 4 forskellige schizo “retter”. Første servering var brød med tahin som viste sig at være et halv stykke ristet brød med spread…? Til 55kr? Tror vi måske havde regnet mere med en brødkurv til den pris<br>derefter spicy beans til 70 som smagte fint men måske lidt pricy. <br>Der bliver vist kørt lidt Apollo taktik her med small servings til store priser, men smagte fint og dejligt det hele. Måske lidt all over the place smagsmæssigt når man tog så meget vi gjorde 😅<br><br>Har netop fået scallion pancakes for en uge siden som vi var helt oppe og køre over så selvfølgelig skulle vi også have det og blev ret forvirrede over de dejklumper der blev serveret. Smagte helt fint og dejligt men måske ikke super elegant snack spise? Vi tog den med bestik som faldt på gulvet flere gange - 🫠<br>Kæmpede især fordi bordene er mikroskopiske og det blev vildt akavet at balancere vin vand tallerkner og mad på den lille firkant. <br>Aftenens vinder var med længder med friteret polenta med ost og sauteret grønkål på toppen. Virkelig optur og perfekt til vores vin #2❤️❤️<br><br>What can we say, der er hyggeligt og god stemning, tætpakket og virkelig søde værter! Vi kommer igen, vinene synes vi især var reasonably priced og smagte absolut af flere glas 🥹 og tror der er rigtig god hyggestemning om dagen til kaffe hangout for der er så dejligt indrettet. Kan godt mærke på æstetikken at der er erfarne kræfter fra bla @apotek_57 bag disken. Ses!<br><br>🍴7/10 polentaen trækker virkelig op her. Måske vi savnede lidt mere en rød tråd <br>💸 635kr for 4 glas vin og 4 snacks<br><br>Turde desværre ikke tage flere billeder for der var så mørkt vi skulle bruge blitz (the HORROR) og vi sad lige oven i to andre selskab 🌸.    https://www.instagram.com/p/ClQpf4pMzQG/?utm_source=ig_web_copy_link]]></description>
      <styleUrl>#icon-1899-9C27B0</styleUrl>
      <Point>
        <coordinates>
          12.544143,55.6960248,0
        </coordinates>
      </Point>
    </Placemark>
    <Placemark>
      <name>Aamanns 1921</name>
      <description><![CDATA[Er i kæmpe smørrebrøds mood 24/7 these days men honestly det begynder at tynde ud med steder vi ik har prøvet endnu MEN @aamanns.dk inde i byen, den der hedder 1921, var vi forbi første gang den dag de hængte julegran op #beautiful <br><br>First of all så er det en virkelig smuk restaurant, kæmpe snapsevæg, og de har deres egen sæbe!? Kæmpe flex. <br><br>Lagde ud med en sildetallerken til deling: brombærsild med rødbeder og FEDTEGREVER YES, karrymarineret med æg, æblekompot og en flødeost ting, og en svensk sennepssild. Self hj lavet rubber, krydderfedt og smør til. Kæmpe vinder alle tre, men brombærsilden og karry tog vandt vores små fedtede julehjerter. <br><br>Så hoppede pige 1 på hønsesalat, der var både svampe, jordskokker med bid i og sprød skind på toppen. Yummy yumyum. Ik den bedste vi har prøvet men up there i dem vi godt ku spise igen. Pige 2 kørte fiskefilet på rigeligt smør måden, rrrrreddi lækker men mest ude i kanten hvor den var ægte sprød. Manglede lidt på midten. VIRKELIG god fisk til gengæld og rodfrugtremo did its job. <br><br>Fik en lil mormorstil brunkage til kaffen. <br><br>Virkelig gode madder altså, men money talks: det blev også alligevel 820 bobs med drikkevarerne, så vores anbefaling er klart at hive sugar daddy med derind hvis man skal blive hængende ægte længe fx til julefrokost. Tænker også det er et godt celebration sted, måske en af den slags med forældre for klientellet scorer rimelig højt på silver Fox skalaen u know<br><br>🧈7/10 All round lækkert men er du gal konkurrencen er jo benhård og costumized sæbe er imponerende men giver ikke ekstra point. <br>💸 pricey og worth it, men også ret fancy trustfund/business stemning <br><br>Ikke lige det sted man leger pakkeleg fandt vi ud af.    https://www.instagram.com/p/ClZE7R0st70/?utm_source=ig_web_copy_link]]></description>
      <styleUrl>#icon-1899-9C27B0</styleUrl>
      <Point>
        <coordinates>
          12.5758312,55.6802364,0
        </coordinates>
      </Point>
    </Placemark>
    <Placemark>
      <name>Eat in Time</name>
      <description><![CDATA[Okay venner er i klar på en ægte søndagsbasker! ❤️❤️❤️❤️❤️<br>Begav os over den anden side af søndermarken fordi vi var blevet tippet af en ven om at @eatintime_cph er der hvor det sker, selvom vi normalt aldrig kommer over Valby bakke (det er så fucking pinligt at stå af og træk mens børnefamilierne går i zoo ved siden af) 🙃<br>Startede med Shrimp bbq Chinese style vanvittig krydder blanding, efterfulgt af Fried dried tofu som var Lidt nellike agtigt og lidt spicy på forreste del af tungen. Asian xmas? Elsker!<br>🥟 pandestegte dumplings med svinekød var så fresh, delicious n yummy dem kunne vi sagtens spise en million af NEMT. Der var så kun 5 så vi var hurtige færdige og klar på næste omgang, fried noodles med oksekød (klassiker) og en mapo tofu serveret på en helt andet måde end vi har set før 😅 <br>Blev måske 10% flottere at kigge på men ændrer ikke på det faktum at det så ret tofu blok fra pakken ud. Men shit hvor smagte det også bare luksus, alt på kortet så så sinds ud at vi havde svært ved at vælge og så havde helt pres over vi var så mætte vi ik kunne bestille mere 😭 og så fik vi en flaske rødvin til 350kr (den dyreste på kortet, fantastisk prissætning)<br><br>Det er bare en wife+hubby der styrer showet, meget familie hyggeligt og virkelig fint indrettet til en lovely dinner. De har også takeaway. Og så Overvej lige hvor grineren navne retterne har love it<br><br>🥢9/10 damn close to perfect but fancy comfort. Lettere end meget andet kinesisk og der var bare så god hjemmekøkken stemning ar vi allerede ny har planlagt næste besøg. <br>💸 956kr for 3 pers inkl vin +øl<br><br>Husk at reservere bord det er ret småt.   https://www.instagram.com/p/CldrtI1sKLZ/?utm_source=ig_web_copy_link]]></description>
      <styleUrl>#icon-1899-9C27B0</styleUrl>
      <Point>
        <coordinates>
          12.5167237,55.6665333,0
        </coordinates>
      </Point>
    </Placemark>
    <Placemark>
      <name>Kaffeslabberasen</name>
      <description><![CDATA[Tilbage på Enghave plads aka morgenkaffens Mekka med caféer til højre og venstre og hvilken en skal man snart vælge? Sad med heavy tømmermænd og besluttede os derfor for @kaffeslabberasen for der er lige lidt mere plads end de andre steder, dvs man kan komme langt nok væk til at andre ik ka lugte sprutånden #blessed<br><br>Kørte lige en good morning juice ned som det første i forsøget på at få lidt health indenbords, og den var virkelig lækker, 45 bobs ligger den til og tænker det er worth it for den virker friskpresset. Pige 1 hoppede på classic bolle med ost, og her kommer vi over i den lidt kedelige ende på bmo spektret, ost og bolle er lidt whatever, men det er trods alt en af de der ret dense boller der mætter og lægger sig som en mursten i maven. Müslien var super fin, ret sød og med både chrunch og blød müsli. Croissantbillederne taler vist lidt for sig selv, savnede nogle flere lag, men der var rigeligt smør så helt kede af det blev vi ikke. <br><br>Altså det er jo smackdown morgenmadsområdet det her sted og ka ik komme udenom at nabobageriet @bagerietbrod gør det bedre på bagværksfronten, men det er kaos at sidde derinde, så har man tømse på social angst måden går vi altså med slabberasen. <br><br>🥐6/10 på morgenmaden, juicen kommer vi tilbage efter dog, og der er ret fine ppl watch muligheder i vindueskarmen<br><br>💸 bolle 35kr, müsli 35, croissant 30, filter 30 og juice 45.    https://www.instagram.com/p/CliwJ00saXJ/?utm_source=ig_web_copy_link]]></description>
      <styleUrl>#icon-1899-9C27B0</styleUrl>
      <Point>
        <coordinates>
          12.5462795,55.6668717,0
        </coordinates>
      </Point>
    </Placemark>
    <Placemark>
      <name>Yeerro</name>
      <description><![CDATA[Efter en lang dag på arbejdet og en mere end normalt sukkerkold stemning slæbte en enkelt sulten pige sig ned på Gothersgade fordi vi var blevet blinded by the light af et nyt spændende neonskilt med @yeerrocph <br>Fantastisk blødt fluffy fladbrød og en gyros med svinenakke der var åndssvagt juicy! Den var ikke på rulle som back in the motherland men bliver stegt på en stegeplade så ingen kul men til gengæld overhældt med marinade så der var smæk på kødsmagen 🤤<br>En ret dild og hvidløgsheavy tzatziki og tomater og helt tynde syltet rødløg var brødet også fyldt op med, Fuck thats delicious som action bronson ville sige 🥵🥵🥵 <br>Det er en ret saltet rulle så tag lige noget at drikke med, vi så både bajere, naturvin og sodavand. <br>Chilimayonnaise er en fin standard men virkelig Nice fries. Kunne ikke helt regne ud om de (eller brødet) var hj lavet eller ej men gode var de 100%<br><br>🌯7/10 virkelig dejlig rulle. OG ham bag disken var sød og hurtig. Kunne måske godt have brugt lidt mere mayo men det gik også fint uden. <br>💸 145kr for en combo + en sodavand så ikke helt billigt men det var friskt og lækkert.   https://www.instagram.com/p/ClqrMkOMSFV/?utm_source=ig_web_copy_link]]></description>
      <styleUrl>#icon-1899-9C27B0</styleUrl>
      <Point>
        <coordinates>
          12.5846199,55.6815185,0
        </coordinates>
      </Point>
    </Placemark>
    <Placemark>
      <name>Goldfinch</name>
      <description><![CDATA[ENDELIG er @goldfinch_cph aka vores #1 2022 hype åbnet med @will_king_smith aka dandan noodle king bag roret<br>Rummet er så smukt og Big city vibey med åbent køkken + stor bar i midten af rummet hvor vi sad ✨<br><br>vi går a la carte, så hoppede på en kammusling toast (twist på klassikeren), wontons og sui mai dumplings på svin/shiitake med et goji bær på toppen til at starte med inkl en chili mayo + en chili oil dip skål. Vi er tossede med dips herinde og kunne måske godt have brugt lidt flere eller mere, men hapserne sad sgu lige i skabet og vi var happy.<br><br>dandan famous noodles med spicy sesam dressing, hakket svin peanuts og syltede grøntsager var helt fantastisk men en tung omgang, tag den som en deler! <br>Det blev en ret svinekøds heavy middag for vi tog også char siu - honningglaseret grillet svinenakke med en forårsløgdressing og den var sgu sindssyg lige at køre ned. HAPS!<br><br>Der var nogle ups’ere på service (men 100% fordi de lige havde åbnet) - aubergine blev glemt men dukkede op til sidst. crispy on the outside, soft on the inside med en ægte sliksovs og en kæmpe bunke chili, lækkert og spicy. Special skud ud til tjeneren der fyldte vores vand op 3 gange da pige 1 sad og spruttede med røde kinder og glinsende øjne. 🤩<br><br>Var all over på smagsfronten så tog en beaujolais som røg lige ned og var kold og læsk💕 MEN de har også cocktails og vi elsker drinks så sluttede af med deres version af en espresso martini med laurbær og banan<br><br>Fordelen ved et åbent køkken er jo at man kan se retterne før man bestiller selv, og er du gal deres desserter så for vilde ud så vi sluttede bombastisk af med en hong kong style french toast med custard, kondenseret mælke is OG revet smør på toppen. Gudskelov kalorier ikke tæller når man er tipsy og vi sprang i sukkerbjerget helt høje<br><br>🥢 8/10 virkelig virkelig god mad. Havde måske håbet på lidt mere eksotisk fra det kantonesisk køkken, men kbh har virkelig fået en seriously good restaurant lige her. <br>🎏10/10 ALT er smukt og gennemtænkt og inspirerende og det her er et sted du tager stilletter på<br>💸 Lidt over 2000kr i alt for to. Vi kom også til at betale for en musling ret vi ikke fik (glemte at tjekke regningen så den går begge veje).  https://www.instagram.com/p/Clyqup7MM2s/?utm_source=ig_web_copy_link]]></description>
      <styleUrl>#icon-1899-9C27B0</styleUrl>
      <Point>
        <coordinates>
          12.5864357,55.6813628,0
        </coordinates>
      </Point>
    </Placemark>
    <Placemark>
      <name>Båden</name>
      <description><![CDATA[OBS! Vi har åbenbart været forbi på sidste åbningsdag. V 2.0 åbner næste år @_baaden <br>—<br><br>Vi kæmper virkelig med at stå op for tiden 😔 alt er så gråt og mørkt og vores dyne burrito er umulig at slippe ud af 🌯💔<br>Blev anbefalet af en kollega at morgentræne før arbejde hvilket lød super utiltalende, til gengæld fik vi lige sat et breakfast meeting op med hinanden hvilket er med længder mere motiverende!<br>Christianshavn er nok den bydel vi drømmer mest om at flytte til, ideen om husbåde og brosten er klart mere romantisk i hovedet end virkeligheden men prøvedetestede lige ved at cykle forbi @baadklubben den anden morgen 🥶🚲💨💨<br><br>Carbs is life 💕 tog en morgentallerken hver med hvad der var reklameret som rav ost men var en stand 30+ mellemlageret (til 17kr?? Når en pakke koster en 20er i netto?). Spegen fra hanegal var tilgengæld fin og ægget var perf. Bollerne var hj lavet og helt tunge. Så dejligt og hjemme hos mor i weekenden stemning 🤗🤗🤗<br><br>Fik både flat white, filter og en appelsin/grape juice som alle var gode. Friskpresset juice er så luksus jo og i hjørnet er der alt det gratis vand du vil skylle ned med💦<br><br>Kagemontren stod og stirrede på os så vi bukkede under tog en choko scone med VIRKELIG meget chokolade wowza! pige 2 følte den var for klæg men pige 1 var totalt ligeglad og spiste bare 3/4 helt high on life 🍫🍫<br><br>Virkede überlokalt inkl cute daddy med flyverdragtbarn udenfor og der er brændeovn, kæmpe blomster og hjemmestrik og langborde (stolene var så brede vi fik flashback til folkeskole lærerværelset) og folk der bare chiller med avisen og har det helt sommerhushyggeligt. What a vibe!! har de et baglokale vi kan bo i??<br><br>🍴7/10 god solid morgenmad. Kunne have ønsket en lidt bedre ost og måske en pålægschokolade (vild uenighed blandt pigerne om det skal være lux mørk eller børneversionen men synes tiden er klar til en revival på cafeerne)<br>💸 275 for to morgenplatter + ost + spegepølse + scone + en masse drikkevarer. Du kan også få yoghurt, madder og en enkelt toast.   https://www.instagram.com/p/Cl3WP_jMs11/?utm_source=ig_web_copy_link]]></description>
      <styleUrl>#icon-1899-9C27B0</styleUrl>
      <Point>
        <coordinates>
          12.5948706,55.6755396,0
        </coordinates>
      </Point>
    </Placemark>
    <Placemark>
      <name>Diamond Rice</name>
      <description><![CDATA[💎 @diamond_ricecph 💎 har snart ligget på bredgade i 10 år og har været en fast anbefaling fra vores side hvis du skal ind og have noget god kinesisk i flotte rammer. Var tilfældigvis inde i byen en lørdag uden res (GYS!) men tænkte sgu lige at give den en chance og som et lille julemirakel var der et ledigt fire personers bord i det forreste rum med udsigt til meget udsmykkede vægmalerier og en champagne udstilling 🍾🍾<br><br>Første servering var måske 10 gange større end vi havde forestillet os, ind på bordet kommer der en ENORM skål med varm olie, tørrede røde chili, Szechuan peberkorn, bønnespirer og den blødeste mørreste dejligste hvidfisk. Alt med Szechuan peberet er jo fandme addictive når først man går igang kan man vitterligt ikke stoppe og vi kastede os over det med en masse ris on the side. Dejligt men altså det sejler rundt i olie hvilket måske ikke er suuuper sundt..? 🫣🫣🫣<br>Dumplings er jo egentlig en morgen/frokost spise men vi hoppede på reje/korainder og stegte svin/ramsløg begge gode og brandvarme.🤤<br><br>Stegte nudler med grøntsager med nogle thicc noodles også en helt enorm portion perfekt til deling men meget klassisk/lidt whatever. <br>Kantonesisk grillet and var sååå juicy og vi gik alle helt beast mode og spiste med fedtglinsende fingre indtil aubergine i sursød sauce med svinestykker kom og vi gik amok over den. Lækkkkertttttt <br><br>Afslutningsvis fik vi en dampet risbolle med ost hvilket var.. en interessant oplevelse? Det nærmeste vi kan beskrive er en slags dampet fastelavnsbolle? Ikke lige vores favorit, den var lidt funky (og vi var super mætte)<br><br>Hyggelig mere restaurant agtig oplevelse, fin omend lidt uopmærksom service men er du sulten, lidt broke og befinder dig i området så go for it!<br>💎❤️ Its a classic for a reason 💎❤️<br><br>🥢 8/10 klart nogle gode ting, men vi kom måske til at bestille lidt kedeligt. Menukortet ser ud til at være fyldt med virkelig mange gode og flere spændende ting så vi skal helt klart ind igen og prøve mere adventurously. Tag afsted nogle stykker, så kan man også få de fede runde borde der ruller rundt i midten! <br>💸 1074kr for mad + en masse øl for fire piger. Og vi fik virkelig meget med hjem. Gooooood value 😘.    https://www.instagram.com/p/Cl8g27wMkIm/?utm_source=ig_web_copy_link]]></description>
      <styleUrl>#icon-1899-9C27B0</styleUrl>
      <Point>
        <coordinates>
          12.5884222,55.6822754,0
        </coordinates>
      </Point>
    </Placemark>
    <Placemark>
      <name>Skindbuksen</name>
      <description><![CDATA[Elsker december elsker julefrokost og som OG followers ved så har vi jo en lille dameklubben der selvfølgelig også skulle samles her i den søde juletid 🎄<br><br>Årets decemberfrokost gik til @restaurantskindbuksen hvor vi gik a la carte stilen for ik at dø. Deres julemenu/fad-mad er seriøst en ordentlig omgang, nok er vi sultne men når der også skal suges fadøl og en hel flaske OP Andersen går det bedre med et par madder. <br><br>Christiansø silden var lidt for sej og lidt for sildet, hvis det hiver mening? Sådan too much fisk going on i munden, hvor det ikke føles så fresh, den var ret hård at bide igennem. Sennepssilden (som vi for some reason ik fik noget billede af sry) tog prisen som bedste sildemad. <br>Fiskefileten kom på hvidt brød hvilket vi virkelig undrede os over, altså since when er en smørstegt ik på rugbrød? Oveni en wtf oplevelse i og med remouladen havde en mere hollandaise vibe, ikke dårligt men en overraskelse at sætte tænderne i. Savnede dog pickles eller et andet syrligt crunch element på den mad. <br><br>En af damerne har gluten allergi, bless her poor soul, men så var det jo godt man ku få en tallerken flæskesteg! Tjeneren var mega sød og kom med både brune kartofler og sovs til 🥹🥰 vi andre tog den som rugbrødsmad (tjek lige tandsmørret!!!) og det var altså en vinder med hj lavet rødkål og agurkesalat, sådan vinder man vores små julehjerter. Især rødkålen, måske den bedste i byen?? Har vi i hvert fald skrevet i vores noter måske OP Andersen har en finger med i spillet der 😅<br><br>🎄6/10 på maden alt i alt MEN<br>💃9/10 på genial julefrokost location hvor der er plads til at spille pakkeleg og holde dumme taler og måske endda danse på bordene når snapsen rammer<br><br>Altså gode gamle skindbuksen kan sagtens finde ud af at lave mad men det er jo slet ik derfor man tager derind. Det gør man fordi kromutters frisure er legend og fordi stemningen er perfekt. Man sidder lidt cramped og der er tit kø til toi ellers ku vi nærmest ik ønske os det bedre. <br><br>573kr per pige altså what, der kan de fleste jo være med, og det er for madder og snaps og bajere i lange baner. Der er tidsbegrænsning på seatings men de arbejder hurtigt, masser af tid til at spise. GLÆDELIG JUL 🧑‍🎄🧑‍🎄.   https://www.instagram.com/p/CmEisyhs9Ny/?utm_source=ig_web_copy_link]]></description>
      <styleUrl>#icon-1899-9C27B0</styleUrl>
      <Point>
        <coordinates>
          12.5844943,55.6797614,0
        </coordinates>
      </Point>
    </Placemark>
    <Placemark>
      <name>Bistro Lupa</name>
      <description><![CDATA[Trådte ind med kæmpestore forventninger da @bistro_lupa tilhører ark familien hvor vi tidligere i år fik svampe der fik os til at svæve i lykke. <br>Smooth 70er party hits kørte i baggrunden, meget mørkt lys (vores forældre ville ikke kunnet lave læst noget som helst), og både høj og lavborde. <br>Der er kun fix menu 5 serveringer til 450, så easy peasy man længer sig bare tilbage og bliver serviceret.<br><br>Første omgang var Hokkaido græskar tern serveret på græskar praline med senneps+hampefrø og masser grønt. God syltet men stadig fyldig ret. Nice start!<br>Moving on to the brocollinis (fantastisk hybrid opfindelse Japan lige fandt på der) med bearnaise 💛 crispy kale og ristede hasselnødder. Gal en smagskombi guys, dem heavy bearnaise gør den lidt tungere. Indtil videre to super glade grøntsagspiger 🌱🌱<br><br>Videre til BRØD ❤️‍🔥 charred fladbrød der var så lækkert at vi spiste det på seriøst 2 minutter (selvom det vist var til hele menuen), derefter en rødbede ret med ristede nødder, mandel cream cheese og blade som delte vandene lidt, pige 1 synes den var for røget, pige 2 synes det var amazing og slikkede tallerknen.<br><br>But the main event I ark familien er SHROOMS - hjemmegroede blå østershatte med en 16 ingrediens bbq chipotle glaze!? Det var magisk og mindblowing og endnu en reminder til os alle at svampe er naturens gave til umami elskende mennesker (os) <3 <3 <3 never forget! 🍄<br><br>But no, we’re not done yet! Og vi sluttede den salte del af middagen af med risotto på shiitake fond med trøfler, toppet med flere svampe og vegansk ricotta<br><br>Vi kunne ikke mere men fik sgu også lige en jule inspireret dessert i form af panda cotta med pære karamel der havde fået lige lovligt med nellike og vi trillede hjem helt blessed 😇. Man må sige at bistro lupa virkelig er danske champions i at bevise at grøntsager er alt andet end kedeligt<br><br>🍴8/10 vidunderlig mad, du savner på intet tidspunkt kød eller mejeri på tallerknen og der er endeløs inspiration i hver eneste servering. personalet vidste virkelig hvad de snakkede om og virkede alle til at være så glade for at arbejde der så vi sad alle i en stor kærlighedsboble. Veggies 4 life 🥦<br>💸 1550 for mad, vin, ekstra shrooms og vand for to.  https://www.instagram.com/p/CmMS5IuMi1h/?utm_source=ig_web_copy_link]]></description>
      <styleUrl>#icon-1899-9C27B0</styleUrl>
      <Point>
        <coordinates>
          12.5849958,55.7035237,0
        </coordinates>
      </Point>
    </Placemark>
    <Placemark>
      <name>Brdr. Price Tivoli</name>
      <description><![CDATA[Vi to er ægte dedikerede Spise med Price bingers, intet virker på tømmermændene som Adam og James der tilbereder smør med mad på 🥹🧈så vi var excitede over at hive vennerne med på @brdrprice i @tivolicph <br><br>Men æh ik lige det love shower vi kender fra tv skærmen, føltes faktisk lidt som et scam haha? Altså det virker slet ikke som en restaurant i deres ånd😬<br><br>Gik a la carte og med forskellige starters: en Old School carpaccio, der var whatever, hverken kød eller kryddermayo smagte af noget. Laksen i sig selv var rigtig god og endte med at vinde i forret, men who the fuck har godkendt at den blev serveret med helt gennemrå grønkål on top? Ku man lige ha lynsvitset den evt? Østers var fine og ret store, fin eddike blanding. Fik også nogle kyllingechips der mindede om en rejechips, meget fedtede og ok lækre. <br><br>Så sad vi og frøs helt vildt meget, og det blev kun værre når vi skulle på toi hvor der seriøst var julemarked-container toilet stemning og FREEZING 🥶 måtte tage heat tech på udover babe outfit, saaaad<br><br>En ægte confiteret comfort and, rigeligt af den og en oily omgang. Sygt god rødkål og tallerkenen spillede. Men kartoflerne fra siden var klart fra glas og var kogt for længe, det der hvide flossy lag udenpå, som selv ikke dobbelt smør kunne redde. <br>Tartaren var frisk og flot farve, masser af sennepskorn og så helt sund ud med al de spinat. Fritterne var ret tripple friture agtige, ku nok godt have nøjes med 2 dyp. <br>Minimalistisk peberbøf tog prisen for aftenens bedste ret - classic, slik værdig sovs. <br>Kartoffel millefeuille med torsk, sikke et bjerg, smagte ik af noget og det var en trist pescetar der sad og huggede i den. Fedt og salt thats it, hvor var smagen blevet af??<br><br>Fik også en for sød cremant uden særlig mange bobler, tænk sådan receptions”champagne” man kommer for sent til, og en fransk rødvin der var fin til 350kr <br><br>Servicen var formel i uniform og det hele men SUPER unattending. Nægter at tro på brødrene selv gider spise der<br><br>🧈5/10, der var ups and downs men nok flest downs, og når man trækker isnende kulde og sløj service ind i det lander vi på et klart nej tak. <br>💸631 per pige.    https://www.instagram.com/p/CmWfl61szcM/?utm_source=ig_web_copy_link]]></description>
      <styleUrl>#icon-1899-9C27B0</styleUrl>
      <Point>
        <coordinates>
          12.5679671,55.6741886,0
        </coordinates>
      </Point>
    </Placemark>
    <Placemark>
      <name>Wafu Ramen</name>
      <description><![CDATA[Vi kan godt være lidt slemme til at tage de samme steder hen når vi har lyst til ramen (der er noget super comforting ved at vide præcis hvad man får når man er lidt sadgirl og bare har brug for en skål spicy goodness) men en ven tippede os om en overset perle midt på Falkoner alle - @wafuramen_falkoner / @wafu_ramen <br><br>Småt men spændende kort med både shio, shoyu, miso, vegansk, tonkutsu og karry?? den har vi ikke set før ramen wise. VERY exciting <br><br>Hoppede straks på en tonkutsu med det møreste svinekød og fantastisk hj lavede nudler med en creamy comfort svin/hønsesuppe tilsat sojamælk ❤️ wauw. Den blødeste suppevibe, perfekt til en hårdt ramt post influenza hals (har nået grænsen for hvor mange strepsiler man kan magte på en dag, ramen to the rescue!) 🤒<br>Pige 2 tog wonton ramen hvilket vi aldrig har fået før men 100% skal have igen, reje dumplings i var SÅ gode og der var lige et lille chili kick i halsen på den absolut bedste måde 🥟🥟🥟🥟🥟❤️‍🔥❤️‍🔥❤️‍🔥❤️‍🔥❤️‍🔥 seriøst så god. Var helt kede af vi ikke kunne spise mere<br><br>Te til rørende 15kr pr pige (uendelig refill) og gratis vand og en skål edamame bønner med havsalt og citron når man lige skulle have en palate cleanser og soup swappe 💕<br><br>Simpelt men vidunderligt. Meget rolig stemning, ingen musik og dæmpede samtaler. Har du brug for at trække stikket og lige nyde en stille frokost er det her en kæmpe anbefaling! Der sad endda en i hjørnet med sin bog og havde en opturs eftermiddag. <br><br>Tror ikke man kan bestille bord - ok kommentarsporet siger ja hvis man ringer ind 📞<br><br>🍜 9/10 vi sad allerede mens vi spiste og planlagde hvornår vi kunne spise der igen<br>💸 299kr i alt. Seriøst value og god kvali lækkerhed.   https://www.instagram.com/p/Cmbp8YPM7gf/?utm_source=ig_web_copy_link]]></description>
      <styleUrl>#icon-1899-9C27B0</styleUrl>
      <Point>
        <coordinates>
          12.538459,55.6850145,0
        </coordinates>
      </Point>
    </Placemark>
    <Placemark>
      <name>Osteria 16</name>
      <description><![CDATA[En klassiker i københavn @osteria16 har begejstret efterhånden alle der lige har haft brug for et skud italia vibes, med lidt smarte men søde tjenere, super mange borde på meget lidt plads og nem mad til overskuelige priser. <br><br>Vi træder direkte ind i en Randers regnskov damp stemning, inklusiv en liflig duft af friture sammen med blød firser kærlighedssange på anlægget. Feel the loooove ❤️‍🔥<br>Er lidt broke så tog den næste billigste rød på kortet og sprang så i første servering - pølse, pecorino og syltede grøntsager som var Snack of the Day.<br>Videre til råmaineret havbars i citronolie, haps. En baccala med bottarga (mener vi) revet ud over og MVP fresh citronjuice hvilket gav god syre balance 🍋 gotta love lemon<br><br>Måske vores dårligste billede hidtil Sorry - Pulpo salat med efterårs grøntsager. Hot take men den grønne peberfrugt er simpelthen så undervurderet (pige 1 har haft den som favorit siden barndom) og går sindssygt godt med sprutte. Løg kunne måske godt have ligget i lidt syre så vi ikke fik så dårlig ånde 🫠 molto bene pulpo slice!!! 🐙🐙🐙<br><br>Polpette al sugo (italienske frikadeller med tomatsovs) var super god, sød sovs, fast salsiccia pølse. Tror vi skal forsøge på den i hjemmekøkkenet snart 🍝<br>Straciatella med marinerede tomater, slethvar med tomat og en raddicio ret vi ikke kan huske var slutterne.<br>(Er ved at være liiidt trætte af straciatella men self svær at undgå på italienske steder)<br><br>Vi var forbi lige før jul og må sgu sige at osteria 16 holder niveauet på nemme retter man godt selv kunne lave (men aldrig gør) og en hyggelig stemning. Men ja, du sidder ret tæt så ikke til de helt personlige samtaler på et to mands bord 🫣<br><br>Menuen skifter tit så bare hop ind men variationer af hvad vi fik er tit på kortet 🥰<br>Vi var virkelig mætte og glade da vi cyklede hjem 💕 tak for mad!<br><br>🍴7/10 Der var nogle rigtige lækre retter og nogle lidt forglemmelige retter men endte med en dejlig middag alt i alt <br>💸 1150 for to menuer og en flaske vino 🍷en aften de fleste kan være med på budget wise.   https://www.instagram.com/p/Cm9j0vOsH8W/?utm_source=ig_web_copy_link]]></description>
      <styleUrl>#icon-1899-9C27B0</styleUrl>
      <Point>
        <coordinates>
          12.5456817,55.6676811,0
        </coordinates>
      </Point>
    </Placemark>
    <Placemark>
      <name><![CDATA[Jah Izakaya & Sake Bar 2]]></name>
      <description><![CDATA[New year same old mistakes: for efter overload af and og sovs i dec sagde mavefornemmelsen at det var super idé at stopfodre os på @jahizakaya<br><br>Gik overboard og bestilte tasting + sake menu, seriøst meget mad!<br><br>først en portion edamame uden hverken salt eller citron, så er det jo bare dampede bønner og en lidt flad fornemmelse. Til gengæld kom der en lækker servering marinerede hamachi slices med løg og pyntegrønt, her var der masser af smage. Kroketter med king crab og bechamelsovs inden, vi elsker jo en sprød skorpe med et blødt og fedtet indre, så den gik rent hjem.<br>Skulle også lige bunde vores bajer og vende verdenssituationen I ved, så spurgte om vi kunne slow down, men der gik ikke mere end nogle minutter før de næste retter ankom: juicy grisegyuoza, en salat med nogle meget kolde stykker broccoli i, og en yakatori helleflynder med sake og mirin der smagte som om den var hoppet direkte fra havet og op på tallerkenen - frisk og lækker! Var også allerede nået til sake nummer 2, og ærligt fik ikke lige noteret så meget om dem, men hvis man er til sake er det klart et win at køre sådan nogle ned undervejs og tjenerne er gode til at vælge dem der passer til maden.<br><br>Men der var dårligt tid til at nyde sake/mad, retterne afløste bare hinanden konstant, og vi kunne ik følge med. Da vi igen spurgte om køkkenet ku ta en chill pill, sagde de at sådan fungerer det bare ikke derinde og at der i øvrigt var time cap på vores seating. Well, det ku ha være meget rart at vide inden vi bestilte alt det mad 🫠🫠<br><br>Gyutataki, okseinderlår med mayo yuzu dress, tog prisen for dagens bedste tallerken, kød med mayo whats not to like. Fried chicken bunken var dejlig crispy men lidt tør indeni. Lynsvitsede grøntsager i dashi, ægte lækker japansk comfort food og så risboller med ørredrogn ovenpå og laks indeni. <br><br>Til allersidst kom en matcha is der totalt delte vandene mellem pigerne: den ene siger best dessert ever, den anden siger tør græsplæne, så det afhænger af om man er til matcha eller ej.<br><br>🥢7/10 mad, mest godt<br>🌪️6/10 vibe, dejligt rum og ægte japanske toiletforhold trækker op men det var så rushed og følte os ærligt til besvær derinde, så det trækker ned.<br><br>💸 1690,- i alt.  https://www.instagram.com/p/CnCQ_nLsq-x/?utm_source=ig_web_copy_link]]></description>
      <styleUrl>#icon-1899-673AB7</styleUrl>
      <Point>
        <coordinates>
          12.5574801,55.6707137,0
        </coordinates>
      </Point>
    </Placemark>
    <Placemark>
      <name>Pops Diner Box</name>
      <description><![CDATA[Om vinteren er der måske en smule mørkt men @popsdinerbox der ligger under bispebuen sammen med spillested, skaterbane og uendelig veras loppemarkeder lyser op som en lille grillbar sol ☀️ <br><br>Prøvede lidt blandet, den standard oksekødsburger er smashed (dvs den hakkede oksekød bliver tværet ud på brandvarm grillplade) og havde en meget smagfuld og crisp ydre/juicy indre hvis det giver mening. Super nice agurkesalat der gav modspil det kødet, karamelliserede løg, masser ost ❤️‍🔥 og en god dress til sidst. Solid burger må vi sige, det er absolut ikke sidste gang vi prøver den.<br><br>🐔🐔🐔🐔 Pige 2 havde fried chicken cravings igen igen og det var godtnok et solidt juicy bryst vi fik der, tror vi fik hele protein indtaget dækket for weekenden wowsa så man skal være sulten!<br>Frisk syltet rødløg, salat, cheese og en double trouble kombi af chipotle mayo og ranch dressing (god bless america for den opfindelse) men uden at det begyndt at sejle ned af underarmene. <br><br>Havde en ekstra pige med som tog en vegetar og der var thumbs up for deres patty, måske beyond meat? Ihverfald en kød-kopi “bøf”. Godkendt 🥰<br><br>Fritterne var lige lidt til den lyse side men til gengæld med en optur krydderblanding ud over så vi var glade 🍟🍟<br><br>All in all nogle gode burgere hvor du føler du kommer langt for pengene. De syltede grøntsager smager hjemmelavet og både kød, kylling og vege indholdet smagte super og burgersnasket på en kvali måde. Det er klart et takeaway sted (der var sgu ikke meget diner stemning over indretningen 😅) men når der engang kommer godt vejr igen er der borde bænke hang out muligheder.<br><br>💸 130-144kr for en menu ink fries + sodavand. Dips 10kr.   https://www.instagram.com/p/CnM37WJstsB/?utm_source=ig_web_copy_link]]></description>
      <styleUrl>#icon-1899-9C27B0</styleUrl>
      <Point>
        <coordinates>
          12.5342594,55.6949818,0
        </coordinates>
      </Point>
    </Placemark>
    <Placemark>
      <name>Hanoi Alley</name>
      <description><![CDATA[Kæmper seriøst med udlængsel these days, vil bare VÆK fra regn blæst og dynejakker, men så er det jo vidunderligt man bare kan tage ud at spise lidt vietnamesisk som et lil plaster på vintersåret. Denne gang på @hanoialleycph en lillebitte hule midt på n bro gade, plads til blot 16ish spisende men gang i take out også så fortvivl ej hvis der er packed når du kommer. <br><br>Menuen er overraskende overskuelig! Bare 3 forretter/frokost størrelse retter, 3 mains og the drinks. Wowsa det er en stil vi kan lide for mood for tiden er kæmpe ubeslutsomt men her var ik så meget at rafle om. Ret smart at det nærmest kun er proteinerne man skal tage stilling til. <br><br>Startede med en delevenlig bao tallerken med saftig sprødstegt char siu gris i, jeeez den var lækker! Alt var bolle til fyld spillede og vi kunne snildt have slugt en ekstra hver. <br>Troede egentlig vi havde bestilt en papaya salat og en nuddelskål men noget var gået lost in translation så begge piger fik nudler: den ene med juicy kylling og den anden med oksekød, der desværre var ret tørt 😬 alle andre elementer spillede heldigvis, især sovsen som jo er kæmpe afgørende, den har de fandme styr på. Der var også sprøde ruller med svampe tofu og grøntsagsfyld i nammenamme, og så sad vi ellers der og sluprede løs med udsigt til politibetjente der gav bøder til cyklister uden lys på. Watch out siger vi bare der blev delt ud både til højre og venstre, troede egentlig der ville være andre ting at se til i det her område but who doesnt love a little drama til middagsmaden 🫣<br><br>I modsætning til mange viet kæder rundt omkring i byen så er der herinde virkelig vibey og ✨aUTEnTisK✨ med moderlandspop på anlægget, diverse himstregimser til pynt - fx var vi seatet ved et oldschool symaskinebord med en telefon på?? Nips-watching er hermed en ting. <br><br>Det er åbent køkken så beware of mados lugt på tøjet, men det er også ret meget et hurtigt ind/ud sted, især fordi der heller ik er noget toi (men man kan låne hos naboen). <br><br>Tænker det er oplagt til dates, hvor det ik skal være for fancy eller dyrt, kom af med 425 💸 for mad og et par bajere (i plastkrus, loves it, ren festivalstemning midt i januar). Prøv den char siu gris!! 🐖🐖.    https://www.instagram.com/p/CnWh-KBsdmA/?utm_source=ig_web_copy_link]]></description>
      <styleUrl>#icon-1899-9C27B0</styleUrl>
      <Point>
        <coordinates>
          12.5545602,55.6903133,0
        </coordinates>
      </Point>
    </Placemark>
    <Placemark>
      <name>Wild Horses</name>
      <description><![CDATA[Borgbjergsvej er BOOMIN, mener faktisk også vi snakkede om det i året der gik podcasten, men Sydhavnen er hothothot og især den her gade hvor @wildhorsescph er rykket ind lige på hjørnet. <br><br>Med fare for at det her bliver én lang appreciation post for flotte kopper bliver vi altså nødt til at give kæmpe skud ud til @heinous_monk_ kopper LOOK AT THOSE BEAUTIES og ja man ka købe med hjem!! Gal det er bare ægte livin at får serveret i sådan én. Kørte hånd-filter i hver vores lille glaskande og den smagte faktisk bare af mere. Så skud ud til @aprilcoffeecph også ✨<br><br>Nå, til maden! Den ene pige gik på runny cheese yes please toast, pickled rødløg der stadig havde masser af crisp og et lille chili spark til sidst - virkelig god som hangover cure, bare ved at dufte til den følte vi os instantly kurerede! Hurra!<br>Pige 2 gik med salat der på papiret måske virkelide lidt whatever men der var altså virkelig mange smage at gå på opdagelse i, især den røgede yoghurt tog røven på os, hvor ka man købe sådan noget?? En lækker lille servering, men hvis du er ægte sulten ska du nok lige have en surdejs på siden, og tbh synes vi godt der ku ha fulgt sådan en med til 80 bobs 🙃<br><br>Så var der til gengæld plads til en friskbagt kokos/kardemomme/lemonglace snegl, der gav drømmekagevibes og ikke var helt så heftig som den ligner på billedet.<br><br>Caféen har 2 store flotte lyse rum med masser af siddeplads og har som så mange andre steder taget det her med langborde til sig, ved ik om de vil ha vi kommer hinanden ekstra ved eller hva? Desværre er akustikken derinde er ik sådan helt super, vi blev i hvert fald nødt til at tage et par dybe indåndinger da soundtracket efterhånden blev overdøvet af menneskelyde da caféen var på fuld belægning 😵‍💫<br><br>Speaking of så kørte de alt fra jazzy vibes til hall & oats og candi staton den her weekend formiddag, så alt godt på den front. <br><br>Priser, look og smage kender vi andre steder fra MEN attituden herinde er altså cykelturen værd, gal der er venlige folk på arbejde, fri for den der “jeg undgår lige øjenkontakt så lang tid som muligt, så du kan stå og føle dig dum inden du skal bestille din kaffe” stemning, der er så mange andre steder. Very refreshing.    https://www.instagram.com/p/CneXi9hMdw-/?utm_source=ig_web_copy_link]]></description>
      <styleUrl>#icon-1899-9C27B0</styleUrl>
      <Point>
        <coordinates>
          12.5388504,55.6524558,0
        </coordinates>
      </Point>
    </Placemark>
    <Placemark>
      <name>Strutto</name>
      <description><![CDATA[Har faktisk været forbi @struttocph på broens gadekøkken tidligere, men nu har de åbnet et ægte spisested i en kælder i indre 💃💃 afsted med os<br><br>åben køkkenbar, italensk cookingmusic på højtaleren og små hyggeren cafésæt at sidde på. Det viber sgu af moderlandet, og håber virkelig forårssolen kan nå hele vejen derned når den tid kommer PLEASE snart☀️<br><br>Apropos much needed varme så havde vi lidt et issue med vores crescia. Smagte på nummer 3 (som vi også prøvede sidst) med masser af mortadella, mozz og semi dried tomater, beautiful combo intet mindre! Nummer 4 med ciauscolo, som er en meget spegepølset svinepølse, grillet ost og artiskokker, og nummer 7 med rødvinspølsen salame lacrimello, som er mere pølsestyle du ka finde på charcuteribrættet, grillet ost og stegt spidskål. Crescia er en art italiensk fladbrød man steger med svinefedt og parmesan, og så fyrer man alle de her lækre italienske delikatesser indeni og får sig en smuk lille hapser. Eller faktisk ik så lille igen, især ikke den med mortadella, den ligger ok tungt. <br><br>Men ja altså vores lil issue bestod i at fyldet ik var blevet varmt, og vi indrømmer blankt at vi faktisk ik aner, om det er meningen at det må være koldt indeni? Men sidste gang vi fik en crescia fra strutto var den dejlig lun hele vejen igennem og det var sgu bedre. Nr 7 blev også lidt en tør omgang da ost og kål var stegt men så kølet ned, så det havde ik den der moist lynsvitsede stemning. Wah.<br><br>Kan ik sætte en finger på selve indpakningen, den crescia er ligeså svinelækker som den ser ud til og det er kun + på kontoen at man kan sidde og dufte svinefedtet fra køkkenet mens man venter på sin mad. <br><br>De har også chinotto derinde yay! Til dem der ik kender så er det en italiensk cola, bare med mindre brus og mere kanelstemning. Men lol den ene pige havde tømmermænd og kunne pludselig smage underberg i glasset, hahaha, og nu kan vi ik smage andet. <br><br>💸105 per crescia, 35 for chinotto<br><br>🐽6/10 value4money - nogen vil måske korse sig over at sku betale 105 bobs for en foldet pandekage men vi appreciater altså kvali-fyldet, that shit aint cheap! Hvis nu bare det havde været gennemvarmt, så var vi hurtigt røget længere op på skalaen.   https://www.instagram.com/p/Cnw4wNnMdTk/?utm_source=ig_web_copy_link]]></description>
      <styleUrl>#icon-1899-9C27B0</styleUrl>
      <Point>
        <coordinates>
          12.5748812,55.6782429,0
        </coordinates>
      </Point>
    </Placemark>
    <Placemark>
      <name>Amar</name>
      <description><![CDATA[Midt på Amager på strandlodsvej begynder der at være nogle ret happening vibes på madfronten med ramen88 og Pirlo, otto/jagger og så @amar.cph som vi blev tippet om havde super brød. Så på en søndag uden tømmermænd skulle det være. BRUNCh here we come<br><br>Må sige vi var ret imponerende over hvor rart de havde fået indrettet betonrummet med bløde farver og lyse træmøbler og kæmpe vinduer (ud til vejarbejde naturligvis, man er vel i kbh). Børnevenligt med højstole<br><br>Kortet er short n sweet, så vi hapsede bare lidt af det hele, startede med en amager mad som lige skulle oversættes af tjeneren for en franskbrød/rugbrød smør klapsammen til 115 virkede lidt voldsomt. Self var der et lil 2023 twist på klassikeren, så vi fik surdejsbrød, rugbrød og skinke, cherrytomat, ost, spejlæg og karse på toppen. Very nice! og super heavy, du godeste<br>Kunne dog godt have ønsket at madden havde været forbi en toastmaskine på vejen så der ville være lidt mere smeltet stemning<br><br>Opturs scrambled eggies med et grønt bjerg af kål og persille, svær at være sur på! En very nice bunke skinke og en god hjemmelavet ketchup kom også lige med. Yessss very nice. Der var også en ostetallerken men nabobordet fik den serveret og det var restaurant style 3 oste så den sprang vi over.<br><br>Sluttede til gengæld af med en tallerken AMARriddere, versioneret med bacon, frugt (æble? Tror vi? Eller pære?) og søbet ind i honning. Wowwww. Er du til sukker er du lykkelig her, ville nok anbefale en deler da det er en gavmild portion. <br>Sad og slog lidt mave med en ekstra kop kaffe, og så lokkede montren med bagværk alligevel så vi hapsede en tebirkes med det tykkeste lag birkes vi har mødt og en kardemomme snurre kage ting. Begge gode. Måske vi ikke lige behøvede dem efter alt det andet, men øjnene er jo tit hungry 4 more.<br><br>🥖8/10 value4money: Priserne for maden var ret god. Du får en stor portion og det er delevenligt. vand 15kr pp og en æblemost var 40kr for et standard glas.. hm. Kaffeprisen var fino bambino. Virkelig nice brød, skud ud! Hvis vi boede på Amager cyklede vi nok forbi noget mere<br>💸 1500 for 6 personer, mad + drikke.  https://www.instagram.com/p/Cn1zKgbMQHA/?utm_source=ig_web_copy_link]]></description>
      <styleUrl>#icon-1899-9C27B0</styleUrl>
      <Point>
        <coordinates>
          12.6215452,55.6658419,0
        </coordinates>
      </Point>
    </Placemark>
    <Placemark>
      <name>Il_mattarello 2</name>
      <description><![CDATA[Når dit “situationship” er en klaphat/roommaten har irriterende højlydt sex/familien gør en vanvittig så er det allerbedste at ringe til ens bff sultne pige og insistere på time out frokost.<br>Det gjorde vi i weekenden, hvor vi midt i blomstershoppingen ved torvehallerne spottede @il__mattarello gennem vinduet. Mamma mia! 💕🇮🇹<br>Den lille italiener som vi lidt havde glemt havde lige to stole i hjørnet og vi besluttede os for at starte med to så smukke aperol spritz (no wonder det er en ægte insta drink) der allerede på magisk vis højnede humøret og fik solen til at skinne lidt mere☀️<br><br>Ejerne er de samme bag zero wast restauranten @_terrarestaurant_ som har været på vores spiseønskeliste i evigheder, og her i torvehallerne holder de det short n sweet med fire valgmuligheder - cacio e Pepe, carbonara og pomodoro samt en dagens ret.<br><br>Vi tog en cacio e Pepe med helt hjernedødt god kogt pasta, meget saltet og en ordentlig dynge ekstra ost på. Helt seriøst tror jeg ikke den kan toppes selv i moderlandet. Det var virkelig en perfekt portion også i størrelse.<br>Dagens ret var en grønkål pesto pasta, en klart friskere og “sundere” (lol se det ostebjerg) ret. Også vidunderlig. <br><br>Selvfølgelig skulle vi lige have noget naturvin med til vore pasta, fra italien of course, og til rørende 75kr kunne vi sagtens have endt med at sidde der hele eftermiddagen.<br><br>Vi sprang over men tiramisuen og kaffen så også virkelig solid ud + du kan købe pasta med hjem.<br>Klart ikke et sted vi glemmer igen lige foreløbig og NU må vi simpelthen tage os sammen til at booke det bord på terra vi har drømt så længe om.<br><br>💸 594kr for to pasta, to vin, to spritz. Pasta fra 130-170kr<br>🍝 8/10 value for money - Du kan klart få billigere takeaway pasta andre steder, men det er virkelig en god bod at huske når du er i området (og meget mindre stress end fx ma poule kaos) og kvaliteten af maden er helt sindssyg. Man kan smage det er råvarer og tilberedning på topniveau. <br>Al dente på sekundet er italiensk talent! Shit det smagte godt! ❤️❤️❤️ GRAZIE.   https://www.instagram.com/p/CoFJIIQMvv0/?utm_source=ig_web_copy_link]]></description>
      <styleUrl>#icon-1899-673AB7</styleUrl>
      <Point>
        <coordinates>
          12.5699296,55.6837229,0
        </coordinates>
      </Point>
    </Placemark>
    <Placemark>
      <name><![CDATA[Yemma's Kitchen]]></name>
      <description><![CDATA[Selvom vi har travlt med hver vores forskellige whataboutisms ovenpå irmagate fik vi tid til en much needed omgang marrokansk comfort food fra @yemmaskitchencph som har været på listen i ages. <br><br>Ligger lidt og balancerer på en spids mellem take out biks og chill restaurant, så der er ligesom både plads til dem i sweatpants der bare skal kurere hangxiety alene, og date-night på budget med stearinlys på bordet! Nice! <br><br>Lagde ud med at prøve to gigantiske snacks i knyttet hånd størrelse: ma-kooda aka deep fried kartoffel carbs YES lækker blød og ekstra god med huset chili sovs på. Og så en B’stilla som er kød i filodej, tog den med crumbly kylling, helt geni med kanelsmag, honning og mandler, det er ik sidste gang vi spiser sådan en.<br><br>Videre til mains, smukt at man bare skal vælge mellem tagine eller couscous og så blot beslutte sig for proteinerne. Tog tagine m kylling, dejlig tynd og søbeagtig til brødet. Altså tagine er jo basically crack når det regner, den her var lige lidt for salt, men den virkede sgu anyways. <br>Den anden pige gik med couscous m okse og græskar, rosenkål, havde det helt health over den, sygt sindssygt mørt kød. <br><br>GAL det var alt for meget mad og vi måtte få en doggybag med hjem og strakte glæden over lækre varme krydderier helt til næste dags frokost. Bravo! <br><br>Prismæssigt ligger vi lidt højt hvis man er på take out vognen på 142 for mains MEN de er gigantiske og gode til deling. Gad virkelig godt have prøvet alle deres salater<br><br>Husk at drikke the til, vi blev lokket til at prøve en med blomstervand og det var virkelig lækkert! Kæmpe tip er faktisk at snakke med den skønne mand bag disken, han har store ambitioner på hvor meget du ka spise men kommer med nogle gode forslag. <br><br>🥘9/10 value for money, husk dine big girl pants og en tupperware til resterne <br><br>Kom vist af med nogen og 400 bobs i alt for al det mad og multiple the opfyldninger 🥰.  https://www.instagram.com/p/CoMiETss_NA/?utm_source=ig_web_copy_link]]></description>
      <styleUrl>#icon-1899-9C27B0</styleUrl>
      <Point>
        <coordinates>
          12.5436986,55.6712081,0
        </coordinates>
      </Point>
    </Placemark>
    <Placemark>
      <name>Noma</name>
      <description><![CDATA[WE MADE IT! Bloggens fineste og dyreste anmeldelse kommer her, u guessed it - vi har startet 23 med at brænde alt af på date med @nomacph i deres deres “game & forest” season. Efter lukke annoncering gik pige 1 i effektiv panik, skrev sig på venteliste og vupti 3500kr deposit pr person senere havde vi bord.<br><br>Lidt lol at ankomme på cykel med arbejdscomputer i tasken, og vores tjener havde nok håbet på et mere eksotisk svar end Nørrebro på “hiiii guys welcome to NOMA where are you coming from tonight” men service niveau er Next level, du bliver budt velkommen af måske 50 mennesker på en række. <br>Havde lige set The Menu og fik lidt killer creep vibes (gik hurtigt over, vi overlevede også uden burger bestilling) og så man sætter sig bare som den prinsesse man er og lader sig forkæle - uden at det tipper over i why u so obsessed with me vibes. <br><br>Åbne køkkener med perfekt lyssætning, skandi træmøbler, om sommeren en guddommelig have. <br><br>For mange retter til at beskrive, men de salte højdepunkter var grillet rensdyr m bearnaise (1. ret og det møreste kød vi nogensinde har fået), rensdyr hjerne creme m fasangelé + bipollen (i hjerneskal! Smagte guddommeligt. Lidt foie gras agtigt i konsistens), saltet æbleskive m bjørnekød+ ramsløg og bjørneblod karamel, friturestegte mos kugler med brisler, frisk hasselnød og caviar, hyben+æble + rosenvand med scoby på (kombucha fermenteringskultur).<br>Sweet sweet ending- en safran is med mexicansk choko, helt vanvittig. Og så til sidst et lille stearinlys som var en rensdyrbloods karamel, meget dekadent og sød/saltet smag. Kunne have spist der for evigt, og endte også med at sidde i en 5-6 timer<br><br>Valgte strategisk at tage 1 alkofri juice/te, 1 vin menu men alle glas blev toppet op uendeligt så altså, du bliver stiv uanset hvad.<br><br>💸 mad 3500, vin 1800, juice 1300. vi er klar over at det er et beløb langt over et gennemsnitligt madbudget - men<br><br>Med en middag på det niveau bliver man nødt til at opveje mere end bare regningen, vi har spist uendelige 1000kr middage som vi glemte ugen efter men for os har dette været en drøm i over 10 år og en oplevelse vi aldrig kommer til at glemme. Kreativ, smuk og velsmagende mad, alt var to die for❤️.  https://www.instagram.com/p/CoSBBEbsjQd/?utm_source=ig_web_copy_link]]></description>
      <styleUrl>#icon-1899-9C27B0</styleUrl>
      <Point>
        <coordinates>
          12.6104808,55.6828273,0
        </coordinates>
      </Point>
    </Placemark>
    <Placemark>
      <name>Resto Bar</name>
      <description><![CDATA[Okay bedst som vi troede at kbh havde nok af italienske spisesteder wupsi så besluttede to dudes fra hhv @osteria16 og @restaurantpastis sig for at åbne @restobar.cph lige midt på Vesterbros torv. <br><br>Blev seated inde i bagenden af restauranten (hvis du på date så bed om hjørnebordet, der sad nogen og råsnavede hele aftenen 😬) <br><br>Allerførst på notesblokken står der “gal man sidder cramped herinde” og “hvorfor ingen garderobe?” men så var der fandme også slut med at brokke sig derfra.<br><br>Maden var vidunderlig traditionel in Italiano lige fra en fuldfed bacala til de sprødeste grønne bønner med bagna cauda som vi goddamit ku ta intravenøst, og så tjek lige ansjos på smørblok ud!? Heaven. <br><br>Gik med hver vores pasta, som vi havde fået at vide ik ville være super store men hey, det passede perfekt ift dessertmaven. Linguini m artiskok/tomat + parpadelle m kanineagout, begge virkelig dejlig på nonnas opskrift måden, men kaninen slog alligevel grøntsagerne synes vi. <br><br>Last up en tiramisu der smeltede på tungen og et sæt alko/kaffe inden vi sku videre. <br><br>Så spørgsmålet om kbh mangler sådan et sted her er Big fat YES BABY og det skyldes flere ting men især at de rammer et G spot med den psyko søde og kompetente service fra Pastis og så den gode madlavning fra Osteria. Seriously har allerede bestilt bord derinde igen. <br><br>Soundtracket fulgte i øvrigt med promillerne denne aften (Well done) og hvad der startede i mariah carey og Boogie wonderland viben sluttede i Calabria LOL! Men det spillede. Så husk at gå med den sene seating så I får den stemning med. Og så den er unlimited det jo altid nice<br><br>Man skal nok ik tage herind på sin social angst dag eller med fx sine forældre men alle andre kommer til at hygge sig især selskaber på 2-4 tror vi. Rygtebørsen siger også at de får en seriøs udeservering til sommer, er du gal vi skal derned og spille smarte 😎<br><br>💸1730 bobs for 2 drinks hver, 1 flaske vin og al den mad!<br><br>🍝9/10 på value for money, det er mad du kender men lavet som et håndværk, serveret med charme og til total i orden pris TAK FOR MAD! SES<br><br>Ps pluspoint for at have hele 3 toi nede i kælderen stod ik i kø en eneste gang, since when er det ellers sket?!    https://www.instagram.com/p/CoaSDFDsu4Q/?utm_source=ig_web_copy_link]]></description>
      <styleUrl>#icon-1899-9C27B0</styleUrl>
      <Point>
        <coordinates>
          12.5550995,55.6717869,0
        </coordinates>
      </Point>
    </Placemark>
    <Placemark>
      <name>Restaurant Puk</name>
      <description><![CDATA[Elsker elsker elsker dansk mad, men kommer tit til at genbesøge de samme steder lidt for ofte så vi hankede op i os selv og gik i kælderen hos @restaurantpuk fra 1750!!!!! Og som man nok kan regne ud er kæmpe kjøbenhavn nostalgi med kongeligt porcelæn (of course), fritstående bjælker og udsmykninger fra back in the olden days tilsat et noget artsy billede af prince henry 👑👑👑<br><br>Aftenkortet er en god dansk/fransk blande med wienerschnitzel og chateaubriand og citron fromage, men vi tog en god lang frokost i stedet og hev nogle venner med.<br>Til vores store glæde var der Krenkerup på kortet hvilket bare er en tiptop øl, gik helt super til den første snaps. <br>Fiskefileten var desværre lidt undervældede/tør, laks med pocheret æg + hollandaise var fin men deres signatur krone sild m friteret æg var klart den bedste start på dagen!<br><br>God smuk! Hønsesalat, en glimerende klassik tartar og så hoppede vi også på en oksebryst i skysauce med peberrodssalat på toppen. Tung men fandme god, wowsa. Der sad et hold boys som lige havde bestilt de sidste 6 ribbensteg (faren ved at tage sen seating) så afslutningsvis tog vi en roastbeef som smagte dejligt klassisk.<br><br>Det virker lidt som om folk ikke heeelt har opdaget puks tilstedeværelse (eller er det bare os der er langsomme?) for vi fik ret nemt bord og der virkede ikke så hektisk som der kan være på en del andre smørrebrødsrestauranter en lørdag eftermiddag. <br><br>💸Madder lå fra 100-140kr stykket, helt fint. 68kr for en fadøl (av) men når det er lollands bedste bajer punger man bare op og priser sig lykkelig!<br>😎 7/10 For en hyggelig eftermiddag hvor du kan få brændevin men der er rolig stemning overvej puk næste gang. I starten af restauranten er nogle virkelig søde båse til 4 pers selskaber. Very cute. Vi har fået smørrebrød der var bedre - men så var det virkelig også dyrere!! Følte ikke kortet brændte da vi fik regningen hvilket jo er et godt tegn.   https://www.instagram.com/p/CokwPYMsgKC/?utm_source=ig_web_copy_link]]></description>
      <styleUrl>#icon-1899-9C27B0</styleUrl>
      <Point>
        <coordinates>
          12.5741383,55.6761936,0
        </coordinates>
      </Point>
    </Placemark>
    <Placemark>
      <name>Supermarco</name>
      <description><![CDATA[Hvis du er kinda on a budget these days så kommer der her et lille tip om frokost in Italiano, ur welcome! @supermarcodk er nemlig, udover at være vores favorit pusher af italienske goods, også en lille bitte kantine hvor man ka få stille frokostsulten, og det gjorde vi sammen med hvad der føltes som titusind andre her i weekenden. <br>Virker som om det er lidt et date spot for par +40ish, de troppede i hvert fald op i massevis arm i arm og klar til at spise. I want that relationship please<br><br>Der er smæk på derinde og det er mere hurtig ind/ud stemning end sidde og hygge vibe, men priserne er lave og råvarerne gode. Tænk engang at ha al den overflod af italienske specialiteter til rådighed i sit køkken, ej men det er jo DRØMMEN. <br><br>Good things first, de har en helt montre med lækre sandwichen (som dum iPhone har slettet billedet af) Wow de ser alle sammen gode ud, og det er klar sådan en man skal gå med. Bonger max ud på moderlandsstemning! Tog en med coppa (gris) yummyyyyyyy<br><br>Til den sløjere side var deres carbonara, som ærligt smagte af at have ligget og slumret i lidt for mange timer. Eller altså den var lidt ligesom når man har lavet den ægte god derhjemme og så varmer resterne dagen derpå - ikke dårligt men heller ik fresh. Guancialen stopper dog ik med at være fråderen af den grund 🤤 tog også en lil arancini cone med tomat, ærter og en cheesy kerne SMUK lille snack som vi godt ku ha spist en mere af. <br><br>Self om vi sku ha 2 italienske sodavand med fra køleren, og så kom vi stadig kun af med 208 bobs. Fandme billigt sluppet for en frokostsdate. <br><br>🇮🇹6/10 ender vi på, kæmpede faktisk med at sætte value for money på den her for pastaen skal vi ik spise igen men sandwich var seriøst god til prisen og havde vi kun fået den og arancini var vi meget højere på skalaen. <br><br>Og ja altså, det er jo vores egen skyld, men vi endte selvfølgelig med at trække over på at gå i butikken bagefter. Shit hvor er det life agtigt at bruge 300 % af ugens madbudget derinde, kom hjem med favnen fuld af pasta, ost og glas med alt muligt lækkert i. Og verdens bedste tomater på dåse KØB DEM, dem med damen udenpå ❤️‍🔥.  https://www.instagram.com/p/CopVQM-sren/?utm_source=ig_web_copy_link]]></description>
      <styleUrl>#icon-1899-9C27B0</styleUrl>
      <Point>
        <coordinates>
          12.5465694,55.6555165,0
        </coordinates>
      </Point>
    </Placemark>
    <Placemark>
      <name>Saji</name>
      <description><![CDATA[Tog en date night på indonesiske @sajicph som har været på listen i en evighed. <br><br>Når man booker vælger man mellem alm seeting, i baren eller i på traditionel vis ved lave borde - nice mulighed men av mine knæ no thanks, men for de smidige typer er det sikkert en funny lille experience at spice op med. Vi gik med alm 😇 baren så dog virkelig skøn ud, full View til det hårdtarbejdende køkken.<br><br>Gik a la carte og hoppede først på lapalan som vi ærligt var lidt skuffede over. Chilien var sveddryppende stærk men ellers var det sgu lidt kaninfodder hvis man ka sige det uden at lyde for meget som onkel bøfentusiast. Elsker tempeh men den her var kold og tør 😪 lidt skidt start MEN så kom brandvarm fried chicken, u kno we love that shit og den her var fingerlicking amazing med en seriøs omgang crust og vi slikkede knoglerne helt rene. MUMS<br><br>Gik i øvrigt på et glas gewürztraminer og havde kæmpe optur over prisen på 69 bobs, men altså det var fandme også et lille glas så næste gang tager vi bare en flaske<br><br>På tjenerens anbefaling røg den ene pige på en gado-gado, kold nuddelsalat, kål, kartofler, lidt mere af den der kolde tempeh og et hårdkogt æg, toppet med en vidunderlig lun peanutdressing som er en af dem man ku hælde udover hvadsomhelst og så får man en comfort dish right there! Så selvom nuddel/grønt basen var lidt meh så røg den lige ned. <br><br>Pige 2 var nysgerrig på ris grillet i bananblade (nasi bakar) med svampe på. De var krydret med kokosmælk og galanga(? Tror vi) og nogle varme spices og det er seriously en showstopper blanding inde i det blad, kæmpe vinder. Det var også et par enkelte store grønne bønner i what are those? Smagte lidt melet. Og så små kunstværk rejechips som vi modigt dyppede i den stærke chilisovs 🔥<br><br>Viben derinde er rnb på anlægget, fin akustik og blodrødt toi. Lugtede ik af mad bagefter men det tror vi 100 man gør hvis man sidder i baren<br><br>💸648 bobbis i alt<br><br>🥗7/10 VFM nice med så mange vege muligheder, kærlighed til krydderier og store hovedretter. Men savnede smæk for skillingen på den første forret og i vinglasset for vi ka komme højere op. <br><br>Oplagt sted til en date, evt book skrædderstillingspladserne og tjek din udkårnes flexibility 🫣.  https://www.instagram.com/p/Cowq-4_sIUi/?utm_source=ig_web_copy_link]]></description>
      <styleUrl>#icon-1899-9C27B0</styleUrl>
      <Point>
        <coordinates>
          12.5696798,55.6790107,0
        </coordinates>
      </Point>
    </Placemark>
    <Placemark>
      <name>Picnic på Glyptoteket</name>
      <description><![CDATA[Besluttede os for at være nogle bougie bitches har været en tur på museumscafé og OG followers vil vide at vi som oftest bliver sådan lidt meh over at prisen skal være så høj + museumsentre, så der altså ik mange dollar$ tilbage til alle de andre måltider. Men @picnic_paa_glyptoteket sku da prøves, og det er da også helt vanvittigt lækre omgivelser at sidde og spise i. Altså måske den bedste location i kbh når solen titter frem? Føles som at være inde og ude på samme tid, der er udsigt til palmer og overraskende god akustik HOW is it possible, men det det spiller. <br><br>Havde det super lol over den der fisk vi fik med som bordmarkør, behøver den se så skrald ud nu hvor alt andet er så over the top plante-lækkert? Hmm. <br><br>Pige 1 hoppede på en meget salatet salat, altså stor tallerken med store blade giver masser plads til luft. Heldigvis var de dyppet i en god dress og ricottaen i bunden var perfekt creamy. Meget sparsom amount granatæblekerner og valnødder og savnede self smør til brødet. Pige 2 vandt i frokost med sin svampetoast, drippy og fedtede små stykket med en form for crumbly brød, brøndkarse og et bjerg af revet havgus. It aint gonna slide down easy if it aint cheesy. HURRA hvor var den god. <br><br>Deres kage game så altså også ud til at være on point men ku ik klemme mere ned. Forsatte bare med at stene rundt mellem marmorskulpturer og være amazed over bygningen i sig selv. <br><br>💸225 bobs for vand og mad og så de 250 i alt for entre og adgang til malerier, skulpturer og fandme om der ik også var mumier i kælderen 😳😳<br><br>🥬 7/10 value for money. Location trækker herre meget op. Oplagt at invitere forældrene med herind til en hyggedag (hvor de betaler). Det local produce, god stil, og selvom det er cafeteria style føles det ret restaurant ish med personale i hvide skjorter, forklæde og smil på. Men ka vi droppe plastikfisken tak. <br><br>Løb tør for tid, men det der lerværksted gad vi altså faktisk godt prøve, er der nogen der ka fortælle om det er kids only eller om 2 sultne piger ka prøve kræfter med det?? eller ska vi skaffe nogle børn før vi må være med?? Thats not gonna happen 🫠🫠<br><br>EDIT: skud ud til dem der tipper om gratis entre sidste onsdag i hver måned! 💓.  https://www.instagram.com/p/Co9w1A6sIan/?utm_source=ig_web_copy_link]]></description>
      <styleUrl>#icon-1899-9C27B0</styleUrl>
      <Point>
        <coordinates>
          12.5726432,55.6729419,0
        </coordinates>
      </Point>
    </Placemark>
    <Placemark>
      <name>Berlin Gemüse Döner</name>
      <description><![CDATA[Okay venner, vi slæbte os ud af tømmermænds sengen og fra SØ til Søborg hovedgade hvor den O.G berlin kebab ligger. <br>Mit Fritz cola und berliner kindl im kühlschank er der kæmpe stimmung og vi drømmer os tilbage til xberg og søndage på berghain ❤️<br>Valget er mellem kalv kylling og haloumi, og her får du stegte aubs og kartofler og løg tomat agurk iceberg rødkål og du kan få kräuter, knoblauch og scharf eller hvis du er modig en alles komplett hvor du får en blanding af det hele. <br><br>Og det er the Real Deal med grøntsager i!!! Ikke ligesom andre der kører berlin döner UDEN gemuse??? Not ok, vi skal have fuld smadder please 🍆🍅🥔🥒🌶️🫑<br><br>WOW det er en enorm sandwich du får her, det er med to hænder og fuld koncentration vi kaster os over maden og har med det samme sovs i hele ansigtet og ned af armene, og er du helt sinds hvor smager det fantastisk. <br><br>Kartoffel slices smagte helt friskt, god friture olie og med Heinz mayo et godt afbræk til monster madderne og vi fik bundet vores cola ret hurtigt. <br><br>Ærligt - det er en virkelig stor portion, hvis man er (gode) venner så måske Overvej at del ellers enjoy og nyd dit nok eneste måltid den dag. <br><br>🥪 10/10 det var fantastisk. Vi ramte muren halvvejs og er helt færdige nu men gal du får meget for pengene!!! Winning for Søborg folket og alle os andre der kommer forbi også<br>💸 129-159 for en menu, 69-99 for en sandwich. https://www.instagram.com/p/CpIPmwCsK_r/?utm_source=ig_web_copy_link ]]></description>
      <styleUrl>#icon-1899-9C27B0</styleUrl>
      <Point>
        <coordinates>
          12.5211715,55.7302827,0
        </coordinates>
      </Point>
    </Placemark>
    <Placemark>
      <name>Restaurant June</name>
      <description><![CDATA[Har fået anbefalet @restaurantjunecph efterhånden utallige gange, læst alle de meget positive anmeldelser fra åbningen og har endda haft et par reservationer som vi blev nødt til at aflyse but better late than never sneg vi os ned til en midweek dinner.<br>Ejerne er samme som frank, polly, grimal (lover godt) og ligger lige ved frederiksberg metro. <br>Ret fin indretningen egentlig, det hele er et stort rum med højt til loftet, lidt dunkel babe stemning og en beton bar som vi selvfølgelig satte os ved. For hvem elsker ikke at sidde i baren 🥹💕<br><br>Startede virkelig stærkt ud med en fantastisk frisk hamachi i ponzu shoya chili olie pomelo og komquats der var helt sprød og dejlig. De sagde vi skulle spise med ske hvilket var lidt weird da det var nogle ordentlige lunser men no biggie<br>Skud ud til det ristede brød som der var masser af, men en alt alt for kold smør m urter vi kæmpede med. Wah ❄️❄️❄️<br><br>Ret nr to var gulerødder two ways, den ene rehydreret og lidt karamellet, den anden syrlig fermenteret med en skummet sauce nage smørsovs og rogn på toppet.<br>Smagte fint, men føltes som en lidt lille ret og i sidste ende er det bare gulerødder. Havde måske håbet på lidt mere pzzazz power <br><br>Aftenens main var fasanbryst med shrooms, sort hvidløg og 5spice baby, super nice men ret hvidløget 🥰<br><br>Sluttede middagen af med en honning/yuzu is med flødeskum marengs puffede ris og bipollen fra Frederiksberg have og mamma mia det var den LÆKRESTE dessert ❤️❤️❤️ wowsa der blev vi lige taget på røven på sidste tallerken og sluttede af med et smiiiil og tak for mad!<br><br>Music is BANGING, virkelig nice vibey playliste, lidt ærgerligt at der ikke var så mange mennesker men kan godt se potentiale til en sjov weekendaften i den grønne del af hovedstaden 🌱<br><br>🧈7/10 starter og dessert helt klart Nice, gulerødderne var vi ikke oppe og køre over og følte virkelig at vi blev spist af med så meget brød (som var toplækkert ik noget der) som skulle dække over de mindre serveringer.. MEN skal helt klart forbi igen altså helt klart<br>💸 450kr for mad, 435& for vin menu pr pige.  https://www.instagram.com/p/CpNt_5XMZgN/?utm_source=ig_web_copy_link]]></description>
      <styleUrl>#icon-1899-9C27B0</styleUrl>
      <Point>
        <coordinates>
          12.5315415,55.6810978,0
        </coordinates>
      </Point>
    </Placemark>
    <Placemark>
      <name>Lúa</name>
      <description><![CDATA[Alle ved at førstehåndsindtryk er EVERYTHING så lad os snakke om det der rammer en i kælderen hos @atelier.lua.cph: franske cafeborde, sort hvid skaktern på floor, kæmpe blomsteropsatser, multiple glasmontre og grønne planter i massevis. Og så et imponerende centerpiece i form af kagedisken med farverige prinsessekager. Alle girlygirls våde drøm, måske mareridt for bois who knows, ik helt sikker på hvor vi selv ligger på den skala, men gennemført er det i hvert fald. Læg så dertil at de kører jazzy covers af hot stuff og holding back the years, get it?Hvis man ik er til det sukkersøde, så på med ja hatten så det ik går hen og bliver kvalmende. <br><br>Lagde ud med et sæt much appreciated gigantiske drinks aka beetrootjuice og ice versionen af matcha latte ❄️ delicious og instagrammable ofc<br><br>gik med frokostkortet som vi nu ka se vi har glemt at snappe et foto af, sry men find det på deres IG. Den ene pige røg på en ristet surdejsskive med andeconfit, mayo, mandler og cornichoner (80kr). En virkelig skøn og fedtet omgang der satte tænder i vand og vi maxede ud på alle de servietter der var stillet til rådighed. Selv med guldbestik ku den her omgang ik indtages på en fairytale princess worthy måde men det havde vi det helt ok med. <br><br>Den anden pige bestilte en avokado Rye (105kr) med salat, hummus, det der sku ha været et blødkogt æg men som max kan siges at være smilende, og så en seriøst omgang chimichurri øset udover. Hvem vil ik gerne se en løbende blomme ud over al den herlighed? Ellers totalt godkendt frokostmad, elsker simpelthen at de gik All in på den chimichurri!! <br><br>Tror ik man har været ægte på Lua hvis man ik også går ombord i en kage, og det er jo kæmpe paradox of choice med så meget spændende. Halvt i panik fik vi peget på en croissant med hasselnødder og mokka, og well, fortrød vi ik var hoppet på nogle af de asiatiske specialiteter i stedet fx mooncakes eller milkbuns. Croissanten var meget intens og ik særlig flaky, de mange søde ting de havde proppet i ku ik skjule at det var en lidt low quality croissant. <br><br>💸355 i alt<br><br>💅7/10 value for money, fin til både frokost og indulging hvis man er til full blown sugar energy. https://www.instagram.com/p/CpUyp6ZsCzQ/?utm_source=ig_web_copy_link ]]></description>
      <styleUrl>#icon-1899-9C27B0</styleUrl>
      <Point>
        <coordinates>
          12.5875392,55.6835963,0
        </coordinates>
      </Point>
    </Placemark>
    <Placemark>
      <name>Bocado</name>
      <description><![CDATA[Som fisk til en flue blev vi først (blik)fanget lol af @bocado_cph massive sprut display på kristian bernikows gade og blev med det samme nysgerrige på hvad fanden for en fest der foregik derinde!? Så i sidste uge hoppede vi ind<br><br>Regnede hurtigt ud at det er et sovino brand sted og ligger sig ret meget op af en ps bar stemning umiddelbart? klientellet idag var 50 CBS/50 turister.<br>stort kort som vi plukkede af og fik et gavmildt glas vin mens vi stenede på flaskerne i vinduet. Ret lol at have beefeater, havana club og absolut vodka på display, mindede os om dengang det var sejt at have en tom vodkaflaske i teenageværelses vindueskarm<br><br>Mad - Kom I raskt tempo, start med patatas bravas som var fin men lidt bløde kartofler. brød med tomat var underristet og med rigeligt olivenolie ud over.<br><br>Lammekotellerne var super stegt, men manglede smag i chimichurrien og hældt endnu mere olie ud over. Salaten var sjasket til💦<br>Auberginen havde vi også troet var hårdere stegt, lækkert med en spidskommen yoghurt men vi kunne ikke helt finde ud af om den var ægte god eller bare god i forhold til resten på bordet?<br>Så kom vi til det absolutte lavpunkt en sprutte der IKKE smagte friskt og som om den havde ligget i den olie alt alt for længe. aflyste reformer dagen efter for at være på den sikre side og levnede 90%…<br><br>Chorizo pølserne smagte fint, nothing special, padrons var klassisk som de plejer 🫑 Samme med kødbollerne i tomatsovs som umiddelbart også var noget vi kunne have lavet selv men smagte helt i orden!<br>Vi var ikke super mætte men kunne ikke overskue at bruge flere penge dernede så betalte og fik en slutter på palæ bar🙃<br><br>dEt var flotte rammer men maden sejlede rundt i olie og var bare ikke så delikat? Det er svært at gemme sig bag tapas fordi det er all about the ingredients.. Måske det var en dårlig dag i køkkenet? (men så travlt var der heller ikke)<br>Dog var vinen god og fornuftig pris og der var masser drinks og kander så hvis du er ude efter en festlig fredag aften er der nok ret gode chancer her ❤️<br><br>🍆 3/10 det meste vi kommer til at huske er spild af penge og hvorfor man i alverden laver en sprut udstilling kun med billig booze på Bilka udsalg<br>💸 830kr i alt for to.  https://www.instagram.com/p/Cpc6On6MqEQ/?utm_source=ig_web_copy_link]]></description>
      <styleUrl>#icon-1899-9C27B0</styleUrl>
      <Point>
        <coordinates>
          12.5820284,55.6801285,0
        </coordinates>
      </Point>
    </Placemark>
    <Placemark>
      <name>Coffee and dining Room</name>
      <description><![CDATA[Gal der er cozy vibes her, med dæmpet belysning, fotos af gamle kbh og Frank Ocean/SZA rnb soft lounge baby making music på anlægget. ITS a mood babe, kom lige ind og hav det lækkert på @coffeeroomkbh ja tak <br><br>Vi satte os i vinduet for at få optimal udsigt over Illums parkerings ind/udgang som er det mest stress og destressing man kan gøre for sig selv. Kæmpe godt-det-ikke-er-mig følelse når bilerne/cyklerne/barnevognene/Illums medarbejdere der bare skal have en smøg pause er milimeter fra sammenstød. stenet og underholdende live tv<br><br>Alt på kortet was looking seriously good, vi gik helt i selvsving men endte med en kartoffelmad som var alt for kølekold som jo altid dræber smagen :( lidt øv. Så var det optur at pastaen til gengæld var lige den varme frokost vi havde brug for og tortellinien med trøfler og svampe var cremet med parmesan chips og lidt stegt/lidt syltet champignon. yummy<br><br>Vi skulle lige stene lidt mere, coffee collective kaffe og en super optur svampet banankage med genialt lag chokolade, 38% creme fraiche og lidt bær. virkelig lækkert. Man kan sidde seriøst længe og kigge ud af de vinduer, meget behagelig afslappet stemning her🥰<br><br>OG Vi har snydt og dobbeltanmelder denne gang for vi tog faktisk også forbi til en hurtig morgenmad hvor vi fik en meget fyldig portion havregrød med æble, ristede mandler og kompot - helt perfekt til det her latterlige forårsvejr. Og så nogle imponerende gode røræg med avo og rugbrød. Pige 1 har meget høje krav til scrambled eggs og hun var klar på at spise der igen. God morgenmad<br><br>Men vi er jo i indre by og må sige vi synes alting måske lige kostede en tier for meget? Vi forstår udemærket råvarepris/husleje/osv, men 120kr for æg og rugbrød gør vi nok overvejer om vi har råd😢<br><br>Mangler du underholdning så sæt dig i vinduet (hvis i har hørt vores podcast ved i at vi elsker at sidde d. 23 dec og observere julestress) og ellers er det et dejligt åndehul og halvhemmelig cafe i indre med god mad.<br><br>☕️7/10 for mad, dejligt, lidt dyrt og øv med kartoffelmaden. Vi var lidt mere begejstrede for morgenmaden men pastaen var fandme god.<br>💸450kr for frokosten, 263 for morgenmad<br><br>Ps så sygt når folk går ned af kørerampen til p huset 🫠.  https://www.instagram.com/p/Cph0Z4IMNed/?utm_source=ig_web_copy_link]]></description>
      <styleUrl>#icon-1899-9C27B0</styleUrl>
      <Point>
        <coordinates>
          12.5794568,55.6799719,0
        </coordinates>
      </Point>
    </Placemark>
    <Placemark>
      <name>Italo Thai</name>
      <description><![CDATA[Så var det tid til at pigerne sku forbi @italothai_ og prøve kræfter med, well, det var vi faktisk ik helt sikre på og vi fik heller ik rigtig nogen intro til menuen, men ku se at det ligesom er thai snacks, italo anti og primi, mix på secondo og italo sweets. Smart nok egentlig hvis man ik ka blive enige om hvor man skal hen.<br><br>First up fishcakes m agurke dress, god smag men lidt slap struktur. Rullerne var sprøde selvom de ser blege ud. Virkelig fråderen mix indeni. <br><br>En lil palate cleanser i en ret parfumeret citronsorbet+prosecco, tror godt vi ku bunde en hel kokosnød af dem hvis vi var på en thai strand. Men vi var i en form for drivhus midt på værneren, lidt en anden feel. Meget moist og selvom vi fortsatte på rygerbodega lugtede vi mere af mad end røg da vi kom hjem 🧖‍♀️<br><br>Nå, der kom burrata på bordet i ny innovativ fastelavnsbolle-stil, den var runny og dejlig luftig focc. <br><br>Pastaerne var begge to ret vandede i det - arrabiattaen var ikke særlig stærk, og cacio e pepe smagte mere af pasta m smør og parmesan/peber springlet ud over efter. Altså nothing wrong with that men havde set frem til sovsen jo. Selve pastaen var dog perf på minuttet<br><br>Vi var enige om at det ik var en decideret dårlig tiramisu men honestly det smagte som om der var brugt minimælk u know sådan lidt en slankeudgave? <br><br>Viben derinde var lidt… besværlig? Dårlig tung luft, meget lyst, man sidder ret cramped. Og servicen var ik specielt excited, ik som de er på både caféen og disco, super wierd. Alle blev ved med at gå ind i hinandens borde, og der var for some reason ik hængt knagerækker op så alle trådte også i hinandens vinterjakker. Sad. <br><br>💸ca 1500 for mad, vin, vand og longdrinks<br><br>🍝6/10 lander vi på. Altså der var ikke noget der var decideret dårligt, men der var altså heller ik noget der var super mega godt, måske bortset fra den vin vi købte, men altså…og der er virkelig noget at arbejde på ift indeklimaet både udsugningsmæssigt og service. <br><br>Tror godt på italo thai ka gøre det bedre, vores oplevelser på @italocaffe_ og @italodisco.cph har været meget bedre, så fingers crossed de bare lige skal i gang. Men altså der går nok lige en rum tid før vi lægger vejen forbi igen.   https://www.instagram.com/p/CpsQ6BSsctM/?utm_source=ig_web_copy_link]]></description>
      <styleUrl>#icon-1899-9C27B0</styleUrl>
      <Point>
        <coordinates>
          12.5500875,55.6736742,0
        </coordinates>
      </Point>
    </Placemark>
    <Placemark>
      <name>Mirabelle Spisería</name>
      <description><![CDATA[Har været en tur på @mirabelle_spiseria og skrevet en laaaang anmeldelse ovre på @heartbeatsdk (smider link i story og highlight). Her er en lil teaser: <br><br>✨ Vi hev en tredje pige med under armen, for hyggens skyld (og for ikke at blive busted), og satte os til rette i rummet, der stort set ikke har ændret sig siden bageri-tiden. Bordene står cirka på samme måde, fliserne er stadig flotte, og der er kun ét toilet. Bagermontren, der før var fyldt op med snurrer, croissanter og what not, er skiftet ud med en restaurantmodtagelse, og her blev vi mødt af det virkelig søde personale, der var meget imødekommende – selvom de vist kæmpede lidt med reservationssystemet. I midten har de placeret et højt langbord med nogle sygt flotte røde højstole, som vi gerne vil vide, hvor de har købt? <br><br>Men alle de her first impressions blev overruled af nogle helt vanvittigt kraftige spotlights over den række af borde, som vi var placeret ved. Alle andre steder i rummet var de slukket, og her kunne folk sidde og nyde maden i lyset af deres lille delikate &Tradition fabulousness bordlampe, men på langsiden ud mod køkkenet var der bare full blown se-hvor-dårlig-vi-er-til-at-lægge-make-up belysning. Brutal stil at køre i marts måned, hvor vi alle er vores blegeste.<br><br>Men chokket over at skulle sidde badet i spotlight en hel aften var dog ikke ligeså angstfremkaldende som frygten for at det insisterende soundtrack, de havde valgt, da vi ankom, ville blive ved. Den stod på en form for italiensk folk rave? Forestil jer en meget heftig italiensk råbesang, en harmonika, der der stiger eksponentielt i stressenergi, og en seriøs hurtig guitar, der bare har det max. Vi sad bare og stirrede med opspilede øjne på hinanden, og spurgte what the fuck is going on with that de første 11 (!!!) minutter, hvor det her vanvid bare blev ved og ved og ved. ✨.   https://www.instagram.com/p/Cpxcqd5Mv8N/?utm_source=ig_web_copy_link]]></description>
      <styleUrl>#icon-1899-9C27B0</styleUrl>
      <Point>
        <coordinates>
          12.5561481,55.6923792,0
        </coordinates>
      </Point>
    </Placemark>
    <Placemark>
      <name>Restaurant Pilekælderen</name>
      <description><![CDATA[Tre piger tog forskud på påskefrokostsæsonen fordi why not på @restaurant.pilekaelderen som vi aldrig har besøgt for, og det er fandme en fodfejl for sikke et sted. Tjek lige priserne and keep in mind vi er i indre, og at man sidder på Børge Mogensen stole, alle ved det er vigtigt med god stol til sådan en frokost jo<br><br>Første omgang: karrysild, lun stegt og christiansøpigens, al sammen på amazing tykke stk hj bagt rugbrød NICE og smukt anrettet i en form for sildeopsats? Alt var så lækkert men især den stegte tog seriøse kegler, og elskede tricket med olie i æggeblomme på karrysilden, gimme grease please. <br><br>Næste omgang: hønsesalat, blå pariserbøf og pandestegt fiskefilet m rejer. Havde det først lidt som om hønsen var undersaltet men bacon did its job ofc og tilsammen perf afstemt. Pariserbøf ren art on a plate, sygt sindssyg god filet og mayoskål blev slikket ren 🤤<br><br>Ku ik dy os for også lige at prøve kræfter med en delevenlig camembert fra direkte fra ønskebrønden og holy shit en satan med solbærkompot og ristet brød. Ku godt ha ønsket os en mere flydende ost men det i småtingsafdelingen. <br><br>Betjeningen var meget Young n fresh, det blev hældt fornuftigt op af OP Andersen med en nærmest Tom Cruisesk flair, hvor flasken blev holdt i marrokansk morgenthe højde fra glasset - very impressive! Og altså bare totalt god stemning og seriøs snapseviden - husk at spørge hva der passer til din mad!<br><br>💸2449 for tre personers madder, ost, vand, bajere, snaps, portvin og kaffe! Fandme i orden<br><br>🐣9/10, totalt oplagt sted til påskefrokosten. Ham der Tom Cruise ka godt sætte gang i festen, priserne er gode, maden vidunderlig og rammerne hyggelige og traditionelle på den afslappede måde. Vi kommer 100 igen og vi tager alle damerne med<br><br>Ps det her var også opvarmning til vores påskefrokost themed podcast som udkommer inden så længe, gal der er procenter i påskebajere, gik direkte i blodet mens vi sad og optog LOL 🍻.  https://www.instagram.com/p/Cp7k0X4Mb4p/?utm_source=ig_web_copy_link]]></description>
      <styleUrl>#icon-1899-9C27B0</styleUrl>
      <Point>
        <coordinates>
          12.5795917,55.6811852,0
        </coordinates>
      </Point>
    </Placemark>
    <Placemark>
      <name>Dong Yuan</name>
      <description><![CDATA[Okkk vi har cyklet forbi uendelige gange og havde sygt cravings på kinesisk, ramte den benhårdt i sidste uge til festmiddag. <br>Rejechipsene kommer på bordet med det samme, Nice 🦐<br>Var tre piger idag, og sprang alle på wonton suppe som starter for der er ikke noget bedre end broth based soup på en alt for kold marts aften. Smagte som det plejer. <br><br>Elsker elsker elsker and på kinesiske restauranter og vi skulle selvfølgelig have den klassiske stegte and med rispandekager, hoisin sauce, forårsløgsnitter og agurker. Anden var god (men vi synes htable er bedre) men cute lille detalje var at pandekagerne var pakket ind i et klæde så de holdte sig varme og moist. <br>Eneste problem med den ret må seriøst være at man aldrig helt føler der er nok. <br>Anyways, moving on til endnu en klassiker - mapo tofu med svinekød og maaaasser af szechuan peber spicy loving. Brænder ægte på læberne bedre end den bedste lip plumper venner! Det smager simpelthen så addicting altså. En god version og med rigtig meget smæk på. Klart anbefales<br>Til det fik vi selvfølgelig ris og pige 1s ultimative favorit pak choi i hvidløgssauce. De sidste par gange vi har fået har det været soya baseret men denne version er lettere og måske bedre? Ihvertfald super som side og relativt smagsneutral. Elsker hvidløg💕<br><br>Når du først har fået szechuan vil du have mere så vi bestilte en rygende varm aubergine i en hvidløgs/chilisauce (ikke stærk bare meget smagfuld). <br>3x blessed girls spiste af alle tallerknerne indtil de var tomme og blev selvfølgelig fanget af dessertkortet som jo virkelig kan være en oplevelse på kinesiske restauranter. Lets gooo🍨<br>Pige 3 fik en magisk deepfried banan engang i London chinatown så tog en tur til barndommens gade hvor vi gudhjælpemig fik en kugle bubblegum is, bananen var genial men den is der var satme skrald. Kom også en vanilje is meeeen der var sgu ikke meget tahiti over den. Meget børne agtig.<br><br>🥢 8/10 på trods af desserten som vi nok springer over næste gang var det virkelig solidt. Til nærmest ingen penge og et smukt rum ville vi hoppe herind næste gang vi er i indre by og ikke er klar på at betalte vores førstefødte for en cocktails på Kgs Nytorv <br>💸 ca 270kr pr person.   https://www.instagram.com/p/CqF7nx7sZWB/?utm_source=ig_web_copy_link]]></description>
      <styleUrl>#icon-1899-9C27B0</styleUrl>
      <Point>
        <coordinates>
          12.5898706,55.6785456,0
        </coordinates>
      </Point>
    </Placemark>
    <Placemark>
      <name>Beyla (by Souls)</name>
      <description><![CDATA[Altså man må virkelig sige at Carlsberg området arbejder på at give Nordhavn baghjul på madfronten, og den nye @beyla_by_souls lå helt perfekt (kun halvvejs op af bakken lige v netto thank god)<br><br>Meget vibey lidt metropolitan bar vibes, takt stole og Flowerpots over det hele. Virkelig hyggeligt taget i betragtning at man sidder i et rent betonrum.<br>Og så har de også nogle virkelig flotte lyskæde lamper som vi brugte meget tid på at fantasere om i vores stue<br><br>Tog a la carte som altid og fik lige en lil drink (en Paloma og Cph sour, begge gode)<br>Startede med en agurk/tomat/rucola salat med feta lavet på cashewnødder, en helt vanvittig cornbread med oliventapenade og syltet aubergine ovenpå. Det søde brød var 2 die 4 med den salty spread. Wow<br><br>Selvfølgelig skulle vi også have deres hjemmegroede oyster mushrooms som var korean bbq style og smagte præcis som chicken wings alle andre steder. Kunne måske godt have brugt lillebitte mere spicy men vi kæmpede stadig over alle stykkerne.<br>SÅ kom der et japansk pandekagetårn med syltet kål og okononiyaki sovs svært at beskrive man smagte sygt godt. Alt smagte bare af så Meget Smag at vi ikke helt kunne fatte at det vitterligt var en pandekage med kål, meget syndigt og helligt samtidig.<br>Vi var kommet til at bestille en af hver så der kom flere grøntsager på bordet, en butternut squash med radiccio og chimicurri og så The Big Finale og ja ok allesammen i havde virkelig ret i at det der var en vidunderlig burger!!!!<br>Beyond meat bøf, agurk, løg og en bourbon chipotle dress. Wauwwwww<br>Og så fritter til med noget nori pulver og sad så vi ellers bare og gispede efter vejret.<br><br>Holdet bag souls (og bistro lupa/ark) mener det virkelig seriøst når de siger at man kan lave top klasse kreativ vegansk mad til selv den mest forskrækkede person. Souls har en mere lowkey heldags stemning vi virkelig vibede med og så spillede de gang starr på anlægget hvilket jo bare er perfection.<br><br>Grab yo kids, grab jo wife, og tag alle du kender herned!<br>Du kan få en 6 retters til 395 eller go rogue som vi gjorde og får virkelig god både mad, vin, drinks og søde tjenere med i købet hvilket vi synes er en absolut fair pris.<br><br>💸1740 for mad, 3 drinks og en fl vin.    https://www.instagram.com/p/CnjqMDRMm6-/?utm_source=ig_web_copy_link]]></description>
      <styleUrl>#icon-1899-9C27B0</styleUrl>
      <Point>
        <coordinates>
          12.5359118,55.6672041,0
        </coordinates>
      </Point>
    </Placemark>
  </Document>
</kml>
